  0
SECTION
  2
HEADER
  9
$ACADVER
  1
AC1032
  9
$ACADMAINTVER
 90
4
  9
$DWGCODEPAGE
  3
ANSI_1252
  9
$LASTSAVEDBY
  1
ezdxf
  9
$REQUIREDVERSIONS
160
0
  9
$INSBASE
 10
0.0
 20
0.0
 30
0.0
  9
$EXTMIN
 10
1e+20
 20
1e+20
 30
1e+20
  9
$EXTMAX
 10
-1e+20
 20
-1e+20
 30
-1e+20
  9
$LIMMIN
 10
0.0
 20
0.0
  9
$LIMMAX
 10
420.0
 20
297.0
  9
$ORTHOMODE
 70
0
  9
$REGENMODE
 70
1
  9
$FILLMODE
 70
1
  9
$QTEXTMODE
 70
0
  9
$MIRRTEXT
 70
1
  9
$LTSCALE
 40
1.0
  9
$ATTMODE
 70
1
  9
$TEXTSIZE
 40
2.5
  9
$TRACEWID
 40
1.0
  9
$TEXTSTYLE
  7
Standard
  9
$CLAYER
  8
0
  9
$CELTYPE
  6
ByLayer
  9
$CECOLOR
 62
256
  9
$CELTSCALE
 40
1.0
  9
$DISPSILH
 70
0
  9
$DIMSCALE
 40
1.0
  9
$DIMASZ
 40
2.5
  9
$DIMEXO
 40
0.625
  9
$DIMDLI
 40
3.75
  9
$DIMRND
 40
0.0
  9
$DIMDLE
 40
0.0
  9
$DIMEXE
 40
1.25
  9
$DIMTP
 40
0.0
  9
$DIMTM
 40
0.0
  9
$DIMTXT
 40
2.5
  9
$DIMCEN
 40
2.5
  9
$DIMTSZ
 40
0.0
  9
$DIMTOL
 70
0
  9
$DIMLIM
 70
0
  9
$DIMTIH
 70
0
  9
$DIMTOH
 70
0
  9
$DIMSE1
 70
0
  9
$DIMSE2
 70
0
  9
$DIMTAD
 70
1
  9
$DIMZIN
 70
8
  9
$DIMBLK
  1

  9
$DIMASO
 70
1
  9
$DIMSHO
 70
1
  9
$DIMPOST
  1

  9
$DIMAPOST
  1

  9
$DIMALT
 70
0
  9
$DIMALTD
 70
3
  9
$DIMALTF
 40
0.03937007874
  9
$DIMLFAC
 40
1.0
  9
$DIMTOFL
 70
1
  9
$DIMTVP
 40
0.0
  9
$DIMTIX
 70
0
  9
$DIMSOXD
 70
0
  9
$DIMSAH
 70
0
  9
$DIMBLK1
  1

  9
$DIMBLK2
  1

  9
$DIMSTYLE
  2
ISO-25
  9
$DIMCLRD
 70
0
  9
$DIMCLRE
 70
0
  9
$DIMCLRT
 70
0
  9
$DIMTFAC
 40
1.0
  9
$DIMGAP
 40
0.625
  9
$DIMJUST
 70
0
  9
$DIMSD1
 70
0
  9
$DIMSD2
 70
0
  9
$DIMTOLJ
 70
0
  9
$DIMTZIN
 70
8
  9
$DIMALTZ
 70
0
  9
$DIMALTTZ
 70
0
  9
$DIMUPT
 70
0
  9
$DIMDEC
 70
2
  9
$DIMTDEC
 70
2
  9
$DIMALTU
 70
2
  9
$DIMALTTD
 70
3
  9
$DIMTXSTY
  7
Standard
  9
$DIMAUNIT
 70
0
  9
$DIMADEC
 70
0
  9
$DIMALTRND
 40
0.0
  9
$DIMAZIN
 70
0
  9
$DIMDSEP
 70
44
  9
$DIMATFIT
 70
3
  9
$DIMFRAC
 70
0
  9
$DIMLDRBLK
  1

  9
$DIMLUNIT
 70
2
  9
$DIMLWD
 70
-2
  9
$DIMLWE
 70
-2
  9
$DIMTMOVE
 70
0
  9
$DIMFXL
 40
1.0
  9
$DIMFXLON
 70
0
  9
$DIMJOGANG
 40
0.785398163397
  9
$DIMTFILL
 70
0
  9
$DIMTFILLCLR
 70
0
  9
$DIMARCSYM
 70
0
  9
$DIMLTYPE
  6

  9
$DIMLTEX1
  6

  9
$DIMLTEX2
  6

  9
$DIMTXTDIRECTION
 70
0
  9
$LUNITS
 70
2
  9
$LUPREC
 70
4
  9
$SKETCHINC
 40
1.0
  9
$FILLETRAD
 40
10.0
  9
$AUNITS
 70
0
  9
$AUPREC
 70
2
  9
$MENU
  1
.
  9
$ELEVATION
 40
0.0
  9
$PELEVATION
 40
0.0
  9
$THICKNESS
 40
0.0
  9
$LIMCHECK
 70
0
  9
$CHAMFERA
 40
0.0
  9
$CHAMFERB
 40
0.0
  9
$CHAMFERC
 40
0.0
  9
$CHAMFERD
 40
0.0
  9
$SKPOLY
 70
0
  9
$TDCREATE
 40
2461312.7897800924
  9
$TDUCREATE
 40
2458532.153996898
  9
$TDUPDATE
 40
2461312.7897800924
  9
$TDUUPDATE
 40
2458532.1544311
  9
$TDINDWG
 40
0.0
  9
$TDUSRTIMER
 40
0.0
  9
$USRTIMER
 70
1
  9
$ANGBASE
 50
0.0
  9
$ANGDIR
 70
0
  9
$PDMODE
 70
0
  9
$PDSIZE
 40
0.0
  9
$PLINEWID
 40
0.0
  9
$SPLFRAME
 70
0
  9
$SPLINETYPE
 70
6
  9
$SPLINESEGS
 70
8
  9
$HANDSEED
  5
3A6
  9
$SURFTAB1
 70
6
  9
$SURFTAB2
 70
6
  9
$SURFTYPE
 70
6
  9
$SURFU
 70
6
  9
$SURFV
 70
6
  9
$UCSBASE
  2

  9
$UCSNAME
  2

  9
$UCSORG
 10
0.0
 20
0.0
 30
0.0
  9
$UCSXDIR
 10
1.0
 20
0.0
 30
0.0
  9
$UCSYDIR
 10
0.0
 20
1.0
 30
0.0
  9
$UCSORTHOREF
  2

  9
$UCSORTHOVIEW
 70
0
  9
$UCSORGTOP
 10
0.0
 20
0.0
 30
0.0
  9
$UCSORGBOTTOM
 10
0.0
 20
0.0
 30
0.0
  9
$UCSORGLEFT
 10
0.0
 20
0.0
 30
0.0
  9
$UCSORGRIGHT
 10
0.0
 20
0.0
 30
0.0
  9
$UCSORGFRONT
 10
0.0
 20
0.0
 30
0.0
  9
$UCSORGBACK
 10
0.0
 20
0.0
 30
0.0
  9
$PUCSBASE
  2

  9
$PUCSNAME
  2

  9
$PUCSORG
 10
0.0
 20
0.0
 30
0.0
  9
$PUCSXDIR
 10
1.0
 20
0.0
 30
0.0
  9
$PUCSYDIR
 10
0.0
 20
1.0
 30
0.0
  9
$PUCSORTHOREF
  2

  9
$PUCSORTHOVIEW
 70
0
  9
$PUCSORGTOP
 10
0.0
 20
0.0
 30
0.0
  9
$PUCSORGBOTTOM
 10
0.0
 20
0.0
 30
0.0
  9
$PUCSORGLEFT
 10
0.0
 20
0.0
 30
0.0
  9
$PUCSORGRIGHT
 10
0.0
 20
0.0
 30
0.0
  9
$PUCSORGFRONT
 10
0.0
 20
0.0
 30
0.0
  9
$PUCSORGBACK
 10
0.0
 20
0.0
 30
0.0
  9
$USERI1
 70
0
  9
$USERI2
 70
0
  9
$USERI3
 70
0
  9
$USERI4
 70
0
  9
$USERI5
 70
0
  9
$USERR1
 40
0.0
  9
$USERR2
 40
0.0
  9
$USERR3
 40
0.0
  9
$USERR4
 40
0.0
  9
$USERR5
 40
0.0
  9
$WORLDVIEW
 70
1
  9
$SHADEDGE
 70
3
  9
$SHADEDIF
 70
70
  9
$TILEMODE
 70
1
  9
$MAXACTVP
 70
64
  9
$PINSBASE
 10
0.0
 20
0.0
 30
0.0
  9
$PLIMCHECK
 70
0
  9
$PEXTMIN
 10
1e+20
 20
1e+20
 30
1e+20
  9
$PEXTMAX
 10
-1e+20
 20
-1e+20
 30
-1e+20
  9
$PLIMMIN
 10
0.0
 20
0.0
  9
$PLIMMAX
 10
420.0
 20
297.0
  9
$UNITMODE
 70
0
  9
$VISRETAIN
 70
1
  9
$PLINEGEN
 70
0
  9
$PSLTSCALE
 70
1
  9
$TREEDEPTH
 70
3020
  9
$CMLSTYLE
  2
Standard
  9
$CMLJUST
 70
0
  9
$CMLSCALE
 40
20.0
  9
$PROXYGRAPHICS
 70
1
  9
$MEASUREMENT
 70
1
  9
$CELWEIGHT
370
-1
  9
$ENDCAPS
280
0
  9
$JOINSTYLE
280
0
  9
$LWDISPLAY
290
0
  9
$INSUNITS
 70
4
  9
$HYPERLINKBASE
  1

  9
$STYLESHEET
  1

  9
$XEDIT
290
1
  9
$CEPSNTYPE
380
0
  9
$PSTYLEMODE
290
1
  9
$FINGERPRINTGUID
  2
{064E1039-A7EB-44CE-AD06-748250BE57AB}
  9
$VERSIONGUID
  2
{96CFA0B7-4BB0-4CFA-9D8D-BACBBDC0C6D8}
  9
$EXTNAMES
290
1
  9
$PSVPSCALE
 40
0.0
  9
$OLESTARTUP
290
0
  9
$SORTENTS
280
127
  9
$INDEXCTL
280
0
  9
$HIDETEXT
280
1
  9
$XCLIPFRAME
280
1
  9
$HALOGAP
280
0
  9
$OBSCOLOR
 70
257
  9
$OBSLTYPE
280
0
  9
$INTERSECTIONDISPLAY
280
0
  9
$INTERSECTIONCOLOR
 70
257
  9
$DIMASSOC
280
2
  9
$PROJECTNAME
  1

  9
$CAMERADISPLAY
290
0
  9
$LENSLENGTH
 40
50.0
  9
$CAMERAHEIGHT
 40
0.0
  9
$STEPSPERSEC
 40
24.0
  9
$STEPSIZE
 40
100.0
  9
$3DDWFPREC
 40
2.0
  9
$PSOLWIDTH
 40
0.005
  9
$PSOLHEIGHT
 40
0.08
  9
$LOFTANG1
 40
1.570796326795
  9
$LOFTANG2
 40
1.570796326795
  9
$LOFTMAG1
 40
0.0
  9
$LOFTMAG2
 40
0.0
  9
$LOFTPARAM
 70
7
  9
$LOFTNORMALS
280
1
  9
$LATITUDE
 40
37.795
  9
$LONGITUDE
 40
-122.394
  9
$NORTHDIRECTION
 40
0.0
  9
$TIMEZONE
 70
-8000
  9
$LIGHTGLYPHDISPLAY
280
1
  9
$TILEMODELIGHTSYNCH
280
1
  9
$CMATERIAL
347
20
  9
$SOLIDHIST
280
0
  9
$SHOWHIST
280
1
  9
$DWFFRAME
280
2
  9
$DGNFRAME
280
2
  9
$REALWORLDSCALE
290
1
  9
$INTERFERECOLOR
 62
256
  9
$CSHADOW
280
0
  9
$SHADOWPLANELOCATION
 40
0.0
  0
ENDSEC
  0
SECTION
  2
CLASSES
  0
CLASS
  1
ACDBDICTIONARYWDFLT
  2
AcDbDictionaryWithDefault
  3
ObjectDBX Classes
 90
0
 91
0
280
0
281
0
  0
CLASS
  1
SUN
  2
AcDbSun
  3
SCENEOE
 90
1153
 91
0
280
0
281
0
  0
CLASS
  1
VISUALSTYLE
  2
AcDbVisualStyle
  3
ObjectDBX Classes
 90
4095
 91
0
280
0
281
0
  0
CLASS
  1
MATERIAL
  2
AcDbMaterial
  3
ObjectDBX Classes
 90
1153
 91
0
280
0
281
0
  0
CLASS
  1
SCALE
  2
AcDbScale
  3
ObjectDBX Classes
 90
1153
 91
0
280
0
281
0
  0
CLASS
  1
TABLESTYLE
  2
AcDbTableStyle
  3
ObjectDBX Classes
 90
4095
 91
0
280
0
281
0
  0
CLASS
  1
MLEADERSTYLE
  2
AcDbMLeaderStyle
  3
ACDB_MLEADERSTYLE_CLASS
 90
4095
 91
0
280
0
281
0
  0
CLASS
  1
DICTIONARYVAR
  2
AcDbDictionaryVar
  3
ObjectDBX Classes
 90
0
 91
0
280
0
281
0
  0
CLASS
  1
CELLSTYLEMAP
  2
AcDbCellStyleMap
  3
ObjectDBX Classes
 90
1152
 91
0
280
0
281
0
  0
CLASS
  1
MENTALRAYRENDERSETTINGS
  2
AcDbMentalRayRenderSettings
  3
SCENEOE
 90
1024
 91
0
280
0
281
0
  0
CLASS
  1
ACDBDETAILVIEWSTYLE
  2
AcDbDetailViewStyle
  3
ObjectDBX Classes
 90
1025
 91
0
280
0
281
0
  0
CLASS
  1
ACDBSECTIONVIEWSTYLE
  2
AcDbSectionViewStyle
  3
ObjectDBX Classes
 90
1025
 91
0
280
0
281
0
  0
CLASS
  1
RASTERVARIABLES
  2
AcDbRasterVariables
  3
ISM
 90
0
 91
0
280
0
281
0
  0
CLASS
  1
LAYOUT
  2
AcDbLayout
  3
ObjectDBX Classes
 90
0
 91
0
280
0
281
0
  0
CLASS
  1
ACDBPLACEHOLDER
  2
AcDbPlaceHolder
  3
ObjectDBX Classes
 90
0
 91
0
280
0
281
0
  0
ENDSEC
  0
SECTION
  2
TABLES
  0
TABLE
  2
VPORT
  5
8
330
0
100
AcDbSymbolTable
 70
1
  0
VPORT
  5
23
330
8
100
AcDbSymbolTableRecord
100
AcDbViewportTableRecord
  2
*Active
 70
0
 10
0.0
 20
0.0
 11
1.0
 21
1.0
 12
0.0
 22
0.0
 13
0.0
 23
0.0
 14
0.5
 24
0.5
 15
0.5
 25
0.5
 16
0.0
 26
0.0
 36
1.0
 17
0.0
 27
0.0
 37
0.0
 40
1000.0
 41
1.34
 42
50.0
 43
0.0
 44
0.0
 50
0.0
 51
0.0
 71
0
 72
1000
 73
1
 74
3
 75
0
 76
0
 77
0
 78
0
281
0
 65
0
146
0.0
  0
ENDTAB
  0
TABLE
  2
LTYPE
  5
2
330
0
100
AcDbSymbolTable
 70
3
  0
LTYPE
  5
24
330
2
100
AcDbSymbolTableRecord
100
AcDbLinetypeTableRecord
  2
ByBlock
 70
0
  3

 72
65
 73
0
 40
0.0
  0
LTYPE
  5
25
330
2
100
AcDbSymbolTableRecord
100
AcDbLinetypeTableRecord
  2
ByLayer
 70
0
  3

 72
65
 73
0
 40
0.0
  0
LTYPE
  5
26
330
2
100
AcDbSymbolTableRecord
100
AcDbLinetypeTableRecord
  2
Continuous
 70
0
  3

 72
65
 73
0
 40
0.0
  0
ENDTAB
  0
TABLE
  2
LAYER
  5
1
330
0
100
AcDbSymbolTable
 70
2
  0
LAYER
  5
27
330
1
100
AcDbSymbolTableRecord
100
AcDbLayerTableRecord
  2
0
 70
0
 62
7
  6
Continuous
370
-3
390
13
347
21
  0
LAYER
  5
28
330
1
100
AcDbSymbolTableRecord
100
AcDbLayerTableRecord
  2
Defpoints
 70
0
 62
7
  6
Continuous
290
0
370
-3
390
13
347
21
  0
ENDTAB
  0
TABLE
  2
STYLE
  5
5
330
0
100
AcDbSymbolTable
 70
1
  0
STYLE
  5
29
330
5
100
AcDbSymbolTableRecord
100
AcDbTextStyleTableRecord
  2
Standard
 70
0
 40
0.0
 41
1.0
 50
0.0
 71
0
 42
2.5
  3
txt
  4

  0
ENDTAB
  0
TABLE
  2
VIEW
  5
7
330
0
100
AcDbSymbolTable
 70
0
  0
ENDTAB
  0
TABLE
  2
UCS
  5
6
330
0
100
AcDbSymbolTable
 70
0
  0
ENDTAB
  0
TABLE
  2
APPID
  5
3
330
0
100
AcDbSymbolTable
 70
3
  0
APPID
  5
2A
330
3
100
AcDbSymbolTableRecord
100
AcDbRegAppTableRecord
  2
ACAD
 70
0
  0
APPID
  5
3A3
330
3
100
AcDbSymbolTableRecord
100
AcDbRegAppTableRecord
  2
HATCHBACKGROUNDCOLOR
 70
0
  0
APPID
  5
3A4
330
3
100
AcDbSymbolTableRecord
100
AcDbRegAppTableRecord
  2
EZDXF
 70
0
  0
ENDTAB
  0
TABLE
  2
DIMSTYLE
  5
4
330
0
100
AcDbSymbolTable
 70
1
100
AcDbDimStyleTable
  0
DIMSTYLE
105
2B
330
4
100
AcDbSymbolTableRecord
100
AcDbDimStyleTableRecord
  2
Standard
 70
0
 40
1.0
 41
2.5
 42
0.625
 43
3.75
 44
1.25
 45
0.0
 46
0.0
 47
0.0
 48
0.0
 49
2.5
140
2.5
141
2.5
142
0.0
143
0.03937007874
144
1.0
145
0.0
146
1.0
147
0.625
148
0.0
 69
0
 70
0
 71
0
 72
0
 73
0
 74
0
 75
0
 76
0
 77
1
 78
8
 79
3
170
0
171
3
172
1
173
0
174
0
175
0
176
0
177
0
178
0
179
2
271
2
272
2
273
2
274
3
275
0
276
0
277
2
278
44
279
0
280
0
281
0
282
0
283
0
284
8
285
0
286
0
288
0
289
3
290
0
371
-2
372
-2
  0
ENDTAB
  0
TABLE
  2
BLOCK_RECORD
  5
9
330
0
100
AcDbSymbolTable
 70
2
  0
BLOCK_RECORD
  5
17
330
9
100
AcDbSymbolTableRecord
100
AcDbBlockTableRecord
  2
*Model_Space
340
1A
 70
0
280
1
281
0
  0
BLOCK_RECORD
  5
1B
330
9
100
AcDbSymbolTableRecord
100
AcDbBlockTableRecord
  2
*Paper_Space
340
1E
 70
0
280
1
281
0
  0
ENDTAB
  0
ENDSEC
  0
SECTION
  2
BLOCKS
  0
BLOCK
  5
18
330
17
100
AcDbEntity
  8
0
100
AcDbBlockBegin
  2
*Model_Space
 70
0
 10
0.0
 20
0.0
 30
0.0
  3
*Model_Space
  1

  0
ENDBLK
  5
19
330
17
100
AcDbEntity
  8
0
100
AcDbBlockEnd
  0
BLOCK
  5
1C
330
1B
100
AcDbEntity
  8
0
100
AcDbBlockBegin
  2
*Paper_Space
 70
0
 10
0.0
 20
0.0
 30
0.0
  3
*Paper_Space
  1

  0
ENDBLK
  5
1D
330
1B
100
AcDbEntity
  8
0
100
AcDbBlockEnd
  0
ENDSEC
  0
SECTION
  2
ENTITIES
  0
LWPOLYLINE
  5
2F
330
17
100
AcDbEntity
  8
RECOVERED_OUTLINES
100
AcDbPolyline
 90
15
 70
1
 10
11.03188584282827
 20
39.474261446333536
 10
41.36760557173955
 20
39.474261446333536
 10
42.665726498365466
 20
51.1421333394131
 10
47.599704789355755
 20
57.23995164464044
 10
60.006922573534304
 20
63.26773218301385
 10
58.13894251447331
 20
51.367314141094276
 10
40.1401591732436
 20
25.170749210343125
 10
49.58551152029081
 20
19.47710423667937
 10
52.12534128743377
 20
13.056215373184916
 10
50.07593849519529
 20
-1.3877787807814457e-14
 10
41.06375038151072
 20
6.139629337758176
 10
28.028359710333216
 20
32.53695939549386
 10
17.481404693640172
 20
26.663959377662742
 10
10.831802948160664
 20
26.73539909510725
 10
8.673617379884035e-15
 20
34.11465642112361
  0
TEXT
  5
30
330
17
100
AcDbEntity
  8
NEW_CATALOGUE_LABELS
100
AcDbText
 10
8.673617379884035e-15
 20
-4.000000000000014
 30
0.0
 40
2.5
  1
W0001
100
AcDbText
  0
LWPOLYLINE
  5
31
330
17
100
AcDbEntity
  8
RECOVERED_OUTLINES
100
AcDbPolyline
 90
15
 70
1
 10
113.04805684865914
 20
31.581973981714363
 10
135.6608467439833
 20
31.581973981714363
 10
135.32360583463895
 20
40.9170296115757
 10
138.31952858253933
 20
45.79568045910914
 10
146.89397088076504
 20
50.618296542482994
 10
146.83243550590018
 20
41.09718888395488
 10
136.3455281544943
 20
20.138234827827276
 10
144.0230155476475
 20
15.582948906548335
 10
146.63433424459467
 20
10.445820621018461
 10
146.5668224055588
 20
-6.938893903907228e-15
 10
139.16234647317864
 20
4.912102390213523
 10
126.49337088178525
 20
26.031681592564116
 10
119.28829186141613
 20
21.33289998242769
 10
114.32356988136357
 20
21.390056398150886
 10
105.42408584683106
 20
27.293941723313093
  0
TEXT
  5
32
330
17
100
AcDbEntity
  8
NEW_CATALOGUE_LABELS
100
AcDbText
 10
105.42408584683106
 20
-4.000000000000007
 30
0.0
 40
2.5
  1
W0002
100
AcDbText
  0
LWPOLYLINE
  5
33
330
17
100
AcDbEntity
  8
RECOVERED_OUTLINES
100
AcDbPolyline
 90
15
 70
1
 10
219.14095333596373
 20
14.969571377518198
 10
239.30205800160508
 20
14.969571377518198
 10
242.2568781676713
 20
7.628774271447859
 10
246.629357583358
 20
3.7923551387604273
 10
255.95599034030963
 20
6.938893903907228e-15
 10
252.58074574473278
 20
7.487102628797706
 10
235.92162869959648
 20
23.968571554309438
 10
241.1781151447893
 20
27.55070657675968
 10
241.7147972871658
 20
31.590384319150274
 10
238.01174078765465
 20
39.80465243127737
 10
233.12310161541788
 20
35.9419280469197
 10
229.19291949467504
 20
19.334148507383997
 10
221.13036915417285
 20
23.02912407190119
 10
216.72385643640752
 20
22.984178046106546
 10
210.84817169366218
 20
18.341546440260917
  0
TEXT
  5
34
330
17
100
AcDbEntity
  8
NEW_CATALOGUE_LABELS
100
AcDbText
 10
210.84817169366218
 20
-3.999999999999993
 30
0.0
 40
2.5
  1
W0003
100
AcDbText
  0
LWPOLYLINE
  5
35
330
17
100
AcDbEntity
  8
RECOVERED_OUTLINES
100
AcDbPolyline
 90
15
 70
1
 10
324.13679204297716
 20
32.69385448485662
 10
347.367816619097
 20
32.69385448485662
 10
347.09128909960765
 20
42.35756171694525
 10
350.2056689224916
 20
47.40797120002664
 10
359.050665483704
 20
52.40037314923486
 10
358.91612034883605
 20
42.54406370819738
 10
347.9854864754131
 20
20.847225047556023
 10
355.83875078965013
 20
16.13156493291473
 10
358.48297825815393
 20
10.813578009918823
 10
358.3353657749569
 20
9.020562075079397e-14
 10
350.76525015762047
 20
5.085038726627525
 10
337.90812154271015
 20
26.948157530500673
 10
330.4708544182177
 20
22.08394979266687
 10
325.37082490586744
 20
22.14311846716495
 10
316.27225754049334
 20
28.254857012320127
  0
TEXT
  5
36
330
17
100
AcDbEntity
  8
NEW_CATALOGUE_LABELS
100
AcDbText
 10
316.27225754049334
 20
-3.99999999999991
 30
0.0
 40
2.5
  1
W0004
100
AcDbText
  0
LWPOLYLINE
  5
37
330
17
100
AcDbEntity
  8
RECOVERED_OUTLINES
100
AcDbPolyline
 90
15
 70
1
 10
431.6171824678276
 20
37.08639142116571
 10
456.9351780501805
 20
37.08639142116571
 10
459.5723045204306
 20
48.048452476242396
 10
464.50217171282753
 20
53.777402637609256
 10
475.6598298709395
 20
59.44055174429796
 10
472.5161362231327
 20
48.26001168078971
 10
454.006067594196
 20
23.64812471153883
 10
461.1309175343117
 20
18.298898700216935
 10
462.3956213460144
 20
12.26642110751772
 10
458.94660458135144
 20
-6.938893903907228e-15
 10
452.2426591086836
 20
5.768231968330352
 10
444.8785411141031
 20
30.56873941609714
 10
435.29405719917764
 20
25.051007874142535
 10
429.75385566060777
 20
25.11812607286469
 10
421.6963433873244
 20
32.05099867295654
  0
TEXT
  5
38
330
17
100
AcDbEntity
  8
NEW_CATALOGUE_LABELS
100
AcDbText
 10
421.6963433873244
 20
-4.000000000000007
 30
0.0
 40
2.5
  1
W0005
100
AcDbText
  0
LWPOLYLINE
  5
39
330
17
100
AcDbEntity
  8
RECOVERED_OUTLINES
100
AcDbPolyline
 90
15
 70
1
 10
537.2837527992904
 20
33.33497119002077
 10
561.2700696046709
 20
33.33497119002077
 10
565.4323750987364
 20
43.18818082976156
 10
570.9725147498534
 20
48.33762733183447
 10
582.4028876416902
 20
53.42792878964953
 10
577.727497402615
 20
43.37834006926486
 10
556.4552846930637
 20
21.256032893706305
 10
562.3934436004517
 20
16.447900095038918
 10
562.6759810107725
 20
11.025629039508027
 10
557.5465055839406
 20
8.326672684688674e-14
 10
552.070711582558
 20
5.184754814724628
 10
548.8583009837854
 20
27.476602837376372
 10
538.940428683327
 20
22.51700944106783
 10
533.701818887755
 20
22.57733839557085
 10
527.1204292341556
 20
28.808926305098403
  0
TEXT
  5
3A
330
17
100
AcDbEntity
  8
NEW_CATALOGUE_LABELS
100
AcDbText
 10
527.1204292341556
 20
-3.9999999999999165
 30
0.0
 40
2.5
  1
W0006
100
AcDbText
  0
LWPOLYLINE
  5
3B
330
17
100
AcDbEntity
  8
RECOVERED_OUTLINES
100
AcDbPolyline
 90
15
 70
1
 10
648.7523013079342
 20
33.52551167887141
 10
683.9095564801438
 20
33.52551167887141
 10
692.8647921734658
 20
43.435041612720205
 10
702.4768775694207
 20
48.613922010152436
 10
720.705269014196
 20
53.73331929416877
 10
710.9411034445939
 20
43.6262877898496
 10
673.3531784942152
 20
21.37753097077083
 10
680.6639575750035
 20
16.54191520328083
 10
679.5072571540219
 20
11.08865080530156
 10
668.7947722507942
 20
-5.551115123125783e-14
 10
662.2707979309699
 20
5.21439053006199
 10
664.0202049176316
 20
27.633657280493853
 10
648.0465836629297
 20
22.645715176611997
 10
640.3857189462158
 20
22.706388967425745
 10
632.5445150809867
 20
28.973596220969913
  0
TEXT
  5
3C
330
17
100
AcDbEntity
  8
NEW_CATALOGUE_LABELS
100
AcDbText
 10
632.5445150809867
 20
-4.000000000000055
 30
0.0
 40
2.5
  1
W0007
100
AcDbText
  0
LWPOLYLINE
  5
3D
330
17
100
AcDbEntity
  8
RECOVERED_OUTLINES
100
AcDbPolyline
 90
15
 70
1
 10
744.5059286299002
 20
35.311493092102516
 10
765.9972942695633
 20
35.311493092102516
 10
764.1342593770496
 20
45.7489265653584
 10
766.1754617640995
 20
51.203697878931166
 10
773.5277902491707
 20
56.59581727629741
 10
775.0425682787428
 20
45.950360867906426
 10
768.5389767391063
 20
22.516361403555354
 10
776.5884310368698
 20
17.423141219315877
 10
779.9191037498474
 20
11.679368835969576
 10
781.5810006787616
 20
5.551115123125783e-14
 10
773.7320584031729
 20
5.492173152955991
 10
758.2015829889954
 20
29.105766006388915
 10
752.1302453365485
 20
23.85210471011595
 10
747.4022917261232
 20
23.916010733854318
 10
737.9686009278176
 20
30.517086587970784
  0
TEXT
  5
3E
330
17
100
AcDbEntity
  8
NEW_CATALOGUE_LABELS
100
AcDbText
 10
737.9686009278176
 20
-3.9999999999999445
 30
0.0
 40
2.5
  1
W0008
100
AcDbText
  0
LWPOLYLINE
  5
3F
330
17
100
AcDbEntity
  8
RECOVERED_OUTLINES
100
AcDbPolyline
 90
15
 70
1
 10
850.9337157118646
 20
35.27752498517628
 10
875.301014655677
 20
35.27752498517628
 10
873.4692627487889
 20
45.704918105413604
 10
875.9302561742464
 20
51.15444216833191
 10
884.4114161204087
 20
56.541374583437964
 10
885.8427157945346
 20
45.90615863700126
 10
877.8388471802435
 20
22.4947016518776
 10
886.8285423725083
 20
17.406380921970644
 10
890.4505088139693
 20
11.668133795626892
 10
892.0208197680157
 20
6.938893903907228e-14
 10
883.2691938310292
 20
5.486889923373251
 10
866.2952669690288
 20
29.07776753661883
 10
859.2702397755181
 20
23.82916003198824
 10
853.9113184798067
 20
23.893004580935887
 10
843.3926867746487
 20
30.48773048972841
  0
TEXT
  5
40
330
17
100
AcDbEntity
  8
NEW_CATALOGUE_LABELS
100
AcDbText
 10
843.3926867746487
 20
-3.9999999999999307
 30
0.0
 40
2.5
  1
W0009
100
AcDbText
  0
LWPOLYLINE
  5
41
330
17
100
AcDbEntity
  8
RECOVERED_OUTLINES
100
AcDbPolyline
 90
15
 70
1
 10
956.5576761974661
 20
35.100855673986686
 10
981.3801556171065
 20
35.100855673986686
 10
979.6426481056645
 20
45.4760285672997
 10
982.2167488602978
 20
50.898261496191104
 10
990.9227015760816
 20
56.2582162352952
 10
992.2497161207893
 20
45.67626128935097
 10
983.8079153189321
 20
22.382048526469184
 10
992.9028516173585
 20
17.319210029764267
 10
996.5217832960486
 20
11.609699958179135
 10
997.9776806971335
 20
0.0
 10
989.1301710002386
 20
5.459411661682713
 10
972.1298021845948
 20
28.93214651689637
 10
964.9088868510078
 20
23.70982395920967
 10
959.450647592774
 20
23.77334877562249
 10
948.8167726214799
 20
30.33504839687704
  0
TEXT
  5
42
330
17
100
AcDbEntity
  8
NEW_CATALOGUE_LABELS
100
AcDbText
 10
948.8167726214799
 20
-4.0
 30
0.0
 40
2.5
  1
W0010
100
AcDbText
  0
LWPOLYLINE
  5
43
330
17
100
AcDbEntity
  8
RECOVERED_OUTLINES
100
AcDbPolyline
 90
15
 70
1
 10
1063.2090975780036
 20
19.234574765319756
 10
1089.304662429319
 20
19.234574765319756
 10
1089.2856576569284
 20
9.802299971813799
 10
1092.9364668333328
 20
4.872840819122096
 10
1103.0227655278463
 20
1.3877787807814457e-14
 10
1102.574197514072
 20
9.620264445614835
 10
1089.6410009048982
 20
30.797493792752487
 10
1098.3203212271844
 20
35.4002203619492
 10
1101.1301193800684
 20
40.59084884450592
 10
1100.6379853578242
 20
51.145456599166
 10
1092.2878745455644
 20
46.182197525473704
 10
1078.5051367075619
 20
24.84267021483208
 10
1070.0040183785309
 20
29.590386896852333
 10
1064.276906736807
 20
29.53263523037174
 10
1054.2408584683112
 20
23.567264380503097
  0
TEXT
  5
44
330
17
100
AcDbEntity
  8
NEW_CATALOGUE_LABELS
100
AcDbText
 10
1054.2408584683112
 20
-3.9999999999999862
 30
0.0
 40
2.5
  1
W0011
100
AcDbText
  0
LWPOLYLINE
  5
45
330
17
100
AcDbEntity
  8
RECOVERED_OUTLINES
100
AcDbPolyline
 90
15
 70
1
 10
1170.3828224687843
 20
18.99342270163484
 10
1198.3007456699736
 20
18.99342270163484
 10
1200.7259508778768
 20
9.679404358268787
 10
1205.9097879756039
 20
4.811747936442023
 10
1217.9638511096034
 20
4.85722573273506e-14
 10
1214.9896799250944
 20
9.49965108906503
 10
1195.662615660233
 20
30.411372483856344
 10
1203.754683683356
 20
34.956392707876105
 10
1205.4149098959217
 20
40.08194406834089
 10
1202.151880025468
 20
50.50422420606751
 10
1194.5054879956467
 20
45.60319162725886
 10
1185.2930160882013
 20
24.531207067720995
 10
1174.9672741961697
 20
29.219399601709295
 10
1168.855188758181
 20
29.16237199249146
 10
1159.664944315142
 20
23.27179154005264
  0
TEXT
  5
46
330
17
100
AcDbEntity
  8
NEW_CATALOGUE_LABELS
100
AcDbText
 10
1159.664944315142
 20
-3.9999999999999516
 30
0.0
 40
2.5
  1
W0012
100
AcDbText
  0
LWPOLYLINE
  5
47
330
17
100
AcDbEntity
  8
RECOVERED_OUTLINES
100
AcDbPolyline
 90
15
 70
1
 10
1272.6326012353225
 20
33.88677735452031
 10
1294.5759413833719
 20
33.88677735452031
 10
1294.5650183235152
 20
43.90309083461906
 10
1297.6375682147282
 20
49.13777803803856
 10
1306.1215872220785
 20
54.31234114730587
 10
1305.7392350542295
 20
44.09639785067198
 10
1294.8525627548813
 20
21.607891904373815
 10
1302.1483953506329
 20
16.720168296915457
 10
1304.5083260546483
 20
11.20814037383027
 10
1304.0888389211498
 20
-1.3877787807814457e-14
 10
1297.0700266233205
 20
5.270579987690087
 10
1285.4917870010345
 20
27.931433253720268
 10
1278.3407877233615
 20
22.88974186506928
 10
1273.524982760962
 20
22.951069467172825
 10
1265.0890301619734
 20
29.285811166859652
  0
TEXT
  5
48
330
17
100
AcDbEntity
  8
NEW_CATALOGUE_LABELS
100
AcDbText
 10
1265.0890301619734
 20
-4.000000000000014
 30
0.0
 40
2.5
  1
W0013
100
AcDbText
  0
LWPOLYLINE
  5
49
330
17
100
AcDbEntity
  8
RECOVERED_OUTLINES
100
AcDbPolyline
 90
15
 70
1
 10
1379.085563617152
 20
32.653451763642536
 10
1404.1550893179497
 20
32.653451763642536
 10
1404.0428428572156
 20
42.3052166880607
 10
1407.500987465508
 20
47.349384928267064
 10
1417.1421518081734
 20
52.33561731969996
 10
1416.8070829989226
 20
42.49148820211529
 10
1404.593423424534
 20
20.82146226629465
 10
1412.977350032728
 20
16.11162971478269
 10
1415.728393645319
 20
10.80021470404536
 10
1415.3607821443616
 20
-2.0816681711721685e-14
 10
1407.289528448095
 20
5.078754689297725
 10
1393.8360675083309
 20
26.914855281099552
 10
1385.7165097623315
 20
22.056658679984103
 10
1380.2140042370272
 20
22.11575423445708
 10
1370.5131160088044
 20
28.21993995745461
  0
TEXT
  5
4A
330
17
100
AcDbEntity
  8
NEW_CATALOGUE_LABELS
100
AcDbText
 10
1370.5131160088044
 20
-4.00000000000002
 30
0.0
 40
2.5
  1
W0014
100
AcDbText
  0
LWPOLYLINE
  5
4B
330
17
100
AcDbEntity
  8
RECOVERED_OUTLINES
100
AcDbPolyline
 90
15
 70
1
 10
1486.0964262721855
 20
24.911020831393486
 10
1512.9789961459637
 20
24.911020831393486
 10
1514.9633835769882
 20
12.695123327274727
 10
1519.7716006162937
 20
6.310897986269916
 10
1531.197363323621
 20
6.938893903907228e-15
 10
1528.6913618102462
 20
12.45936605993069
 10
1510.868839632169
 20
39.886351467942795
 10
1518.8320282732896
 20
45.847419952451155
 10
1520.6237736672724
 20
52.569890079013675
 10
1517.8743832367102
 20
66.23933985118036
 10
1510.3269307291507
 20
59.8113396648037
 10
1500.662285529705
 20
32.17415943839465
 10
1490.8960936324822
 20
38.323007053191084
 10
1485.0085302934372
 20
38.24821189996841
 10
1475.9372018556353
 20
30.52235992137414
  0
TEXT
  5
4C
330
17
100
AcDbEntity
  8
NEW_CATALOGUE_LABELS
100
AcDbText
 10
1475.9372018556353
 20
-3.999999999999993
 30
0.0
 40
2.5
  1
W0015
100
AcDbText
  0
LWPOLYLINE
  5
4D
330
17
100
AcDbEntity
  8
RECOVERED_OUTLINES
100
AcDbPolyline
 90
15
 70
1
 10
1590.1858983554803
 20
33.1552727048175
 10
1618.3744981317393
 20
33.1552727048175
 10
1616.475347059887
 20
42.95536674903072
 10
1619.4371768069143
 20
48.07705418298319
 10
1629.3619410577792
 20
53.13991540525756
 10
1630.793458764564
 20
43.14450089908389
 10
1621.0407946129085
 20
21.141448216531778
 10
1631.332976186058
 20
16.359234569725988
 10
1635.401953698059
 20
10.966193294820574
 10
1636.972503860623
 20
2.7755575615628914e-14
 10
1626.9641294534977
 20
5.156805410447496
 10
1607.8257417217076
 20
27.328484997997894
 10
1599.5883787472576
 20
22.395627230631746
 10
1593.3904129317523
 20
22.455630970462256
 10
1581.3612877024666
 20
28.653626323351116
  0
TEXT
  5
4E
330
17
100
AcDbEntity
  8
NEW_CATALOGUE_LABELS
100
AcDbText
 10
1581.3612877024666
 20
-3.9999999999999725
 30
0.0
 40
2.5
  1
W0016
100
AcDbText
  0
LWPOLYLINE
  5
4F
330
17
100
AcDbEntity
  8
RECOVERED_OUTLINES
100
AcDbPolyline
 90
15
 70
1
 10
1696.8075216194572
 20
33.811795755618654
 10
1726.481442707717
 20
33.811795755618654
 10
1726.0769810709794
 20
43.80594604232844
 10
1730.0283236932153
 20
49.029050402913526
 10
1741.2999209108923
 20
54.192163706509106
 10
1741.1803242053322
 20
43.99882532608356
 10
1727.3332341296398
 20
21.56007991366916
 10
1737.389529019094
 20
16.683171419351897
 10
1740.7953056973365
 20
11.183340013584939
 10
1740.6640934709915
 20
-8.326672684688674e-14
 10
1730.967517154096
 20
5.258917724545873
 10
1714.4286607346496
 20
27.869629102116573
 10
1704.954533136155
 20
22.8390935126003
 10
1698.4397467837987
 20
22.900285414527488
 10
1686.7853735492977
 20
29.22101017019211
  0
TEXT
  5
50
330
17
100
AcDbEntity
  8
NEW_CATALOGUE_LABELS
100
AcDbText
 10
1686.7853735492977
 20
-4.0000000000000835
 30
0.0
 40
2.5
  1
W0017
100
AcDbText
  0
LWPOLYLINE
  5
51
330
17
100
AcDbEntity
  8
RECOVERED_OUTLINES
100
AcDbPolyline
 90
15
 70
1
 10
1800.666790066691
 20
34.82843899091404
 10
1825.3900663710992
 20
34.82843899091404
 10
1825.2865150958435
 20
45.12309048007242
 10
1828.7006313462477
 20
50.50324162260927
 10
1838.2123272609308
 20
55.82159791451288
 10
1837.874598989429
 20
45.32176920200215
 10
1825.8135875623266
 20
22.208342122369437
 10
1834.078232483874
 20
17.184796162661762
 10
1836.787348010459
 20
11.519597426678116
 10
1836.4168187538558
 20
-9.020562075079397e-14
 10
1828.4608013428328
 20
5.4170413323032625
 10
1815.209318311722
 20
28.70760499968926
 10
1807.1983080052337
 20
23.52581272999077
 10
1801.7718444419402
 20
23.588844532217884
 10
1792.2094593961288
 20
30.099619000457803
  0
TEXT
  5
52
330
17
100
AcDbEntity
  8
NEW_CATALOGUE_LABELS
100
AcDbText
 10
1792.2094593961288
 20
-4.000000000000091
 30
0.0
 40
2.5
  1
W0018
100
AcDbText
  0
LWPOLYLINE
  5
53
330
17
100
AcDbEntity
  8
RECOVERED_OUTLINES
100
AcDbPolyline
 90
15
 70
1
 10
1905.5507651219891
 20
21.929046031193945
 10
1931.841230151089
 20
21.92904603119395
 10
1929.3881941193818
 20
11.175453053479691
 10
1931.794280258107
 20
5.555451676419392
 10
1940.6985304184007
 20
6.938893903907228e-14
 10
1942.729010052381
 20
10.967917119775253
 10
1935.1637580383097
 20
35.111754081736265
 10
1945.0955819855878
 20
40.35925261166995
 10
1949.26574729385
 20
46.2770091679543
 10
1951.493432012045
 20
58.31015687811048
 10
1941.8002451056966
 20
52.65162072539151
 10
1922.40815002423
 20
28.32275032464267
 10
1915.068632645057
 20
33.73554987614643
 10
1909.2838447245952
 20
33.669708079897575
 10
1897.63354524296
 20
26.86867953853508
  0
TEXT
  5
54
330
17
100
AcDbEntity
  8
NEW_CATALOGUE_LABELS
100
AcDbText
 10
1897.63354524296
 20
-3.9999999999999307
 30
0.0
 40
2.5
  1
W0019
100
AcDbText
  0
LWPOLYLINE
  5
55
330
17
100
AcDbEntity
  8
RECOVERED_OUTLINES
100
AcDbPolyline
 90
15
 70
1
 10
2011.6646644630807
 20
18.460213921862646
 10
2035.7849839316625
 20
18.460213921862646
 10
2036.4588881202917
 20
9.407671165791102
 10
2040.1947310849891
 20
4.676666109113426
 10
2049.87479295832
 20
3.8163916471489756e-14
 10
2048.754926529694
 20
9.232964170912718
 10
2035.2481982277366
 20
29.557623737880256
 10
2042.9331356348398
 20
33.97505007185931
 10
2045.1497327287016
 20
38.95671009533305
 10
2043.9211021688477
 20
49.086402037557605
 10
2036.5668857645383
 20
44.32295780404212
 10
2025.3917803883428
 20
23.842534194358763
 10
2017.1860849229422
 20
28.39911351362253
 10
2011.8967078960832
 20
28.343686859767075
 10
2003.0576310897911
 20
22.618474664778955
  0
TEXT
  5
56
330
17
100
AcDbEntity
  8
NEW_CATALOGUE_LABELS
100
AcDbText
 10
2003.0576310897911
 20
-3.999999999999962
 30
0.0
 40
2.5
  1
W0020
100
AcDbText
  0
LWPOLYLINE
  5
57
330
17
100
AcDbEntity
  8
RECOVERED_OUTLINES
100
AcDbPolyline
 90
15
 70
1
 10
2116.568321799007
 20
19.304428785411332
 10
2140.458652393392
 20
19.304428785411332
 10
2140.171820468921
 20
9.837898890299293
 10
2143.3733038947953
 20
4.8905374682362055
 10
2152.4680560606203
 20
-3.122502256758253e-14
 10
2152.3321978779873
 20
9.65520226743145
 10
2141.0968632964305
 20
30.909340754612433
 10
2149.1742051618853
 20
35.52878300160099
 10
2151.89482868348
 20
40.73826223967132
 10
2151.7457756261483
 20
51.33120106175283
 10
2143.9595244406833
 20
46.3499169678413
 10
2130.7319477979045
 20
24.932891101204085
 10
2123.084844422369
 20
29.69785002021377
 10
2117.8400589376924
 20
29.639888617561756
 10
2108.4817169366224
 20
23.652853387779086
  0
TEXT
  5
58
330
17
100
AcDbEntity
  8
NEW_CATALOGUE_LABELS
100
AcDbText
 10
2108.4817169366224
 20
-4.000000000000031
 30
0.0
 40
2.5
  1
W0021
100
AcDbText
  0
LWPOLYLINE
  5
59
330
17
100
AcDbEntity
  8
RECOVERED_OUTLINES
100
AcDbPolyline
 90
15
 70
1
 10
2229.899451176711
 20
39.03731762652423
 10
2266.722640873697
 20
39.03731762652423
 10
2273.9640852561793
 20
50.57603689388747
 10
2282.9142164735495
 20
56.60635795090381
 10
2300.901773778425
 20
62.567416494820364
 10
2292.85568226876
 20
50.79872515090715
 10
2258.28716472433
 20
24.892132134191325
 10
2266.987727010762
 20
19.261510581163652
 10
2266.9528437771537
 20
12.911695060242065
 10
2258.1252964344885
 20
0.0
 10
2250.1670952094983
 20
6.07166927981765
 10
2247.162088269514
 20
32.17680513795124
 10
2231.507780426558
 20
26.368813836369853
 10
2223.4708125683705
 20
26.439462781754713
 10
2213.905802783453
 20
33.737038506513755
  0
TEXT
  5
5A
330
17
100
AcDbEntity
  8
NEW_CATALOGUE_LABELS
100
AcDbText
 10
2213.905802783453
 20
-4.0
 30
0.0
 40
2.5
  1
W0022
100
AcDbText
  0
LWPOLYLINE
  5
5B
330
17
100
AcDbEntity
  8
RECOVERED_OUTLINES
100
AcDbPolyline
 90
15
 70
1
 10
2326.7752748382995
 20
18.518326432211406
 10
2350.154698479562
 20
18.518326432211406
 10
2348.854548641768
 20
9.437286390744177
 10
2351.4547846447463
 20
4.691388192444237
 10
2359.8283781976766
 20
-1.0408340855860843e-14
 10
2360.7351955275612
 20
9.262029420546424
 10
2352.0289955485146
 20
29.650670748203176
 10
2360.4310677195836
 20
34.08200308211454
 10
2363.6545188796736
 20
39.0793453057456
 10
2364.6494084979545
 20
49.24092538482014
 10
2356.493235083282
 20
44.46248589158081
 10
2341.2421343558512
 20
23.917590178052865
 10
2334.271707310582
 20
28.488513549014407
 10
2329.1328423774007
 20
28.43291241278232
 10
2319.329888630284
 20
22.689677325191997
  0
TEXT
  5
5C
330
17
100
AcDbEntity
  8
NEW_CATALOGUE_LABELS
100
AcDbText
 10
2319.329888630284
 20
-4.000000000000011
 30
0.0
 40
2.5
  1
W0023
100
AcDbText
  0
LWPOLYLINE
  5
5D
330
17
100
AcDbEntity
  8
RECOVERED_OUTLINES
100
AcDbPolyline
 90
15
 70
1
 10
2432.859744299988
 20
28.25696528165994
 10
2454.8541401016764
 20
28.25696528165994
 10
2456.028889544644
 20
36.60920896940679
 10
2459.7282532320055
 20
40.97422642208118
 10
2468.844559630895
 20
45.28910855432447
 10
2467.2519884106923
 20
36.77040073999515
 10
2453.677871417647
 20
18.018044175874014
 10
2460.4120867704737
 20
13.942347191254191
 10
2462.1250127786434
 20
9.346065283869393
 10
2460.377767196609
 20
-2.0816681711721685e-14
 10
2453.966537952412
 20
4.394947155000159
 10
2445.043875730345
 20
23.291017952525785
 10
2437.2794195161596
 20
19.086932770877496
 10
2432.4596693597127
 20
19.138071653318796
 10
2424.753974477115
 20
24.4203849994256
  0
TEXT
  5
5E
330
17
100
AcDbEntity
  8
NEW_CATALOGUE_LABELS
100
AcDbText
 10
2424.753974477115
 20
-4.00000000000002
 30
0.0
 40
2.5
  1
W0024
100
AcDbText
  0
LWPOLYLINE
  5
5F
330
17
100
AcDbEntity
  8
RECOVERED_OUTLINES
100
AcDbPolyline
 90
15
 70
1
 10
2538.832853697912
 20
32.36969011735602
 10
2563.166395187055
 20
32.36969011735602
 10
2563.7845917459344
 20
41.937580273362364
 10
2567.521232242414
 20
46.93791420489139
 10
2577.2550082982702
 20
51.88081575576259
 10
2576.1881362331237
 20
42.122233069988035
 10
2562.7004586344333
 20
20.640521750310516
 10
2570.483421386165
 20
15.97161809808386
 10
2572.753547555939
 20
10.706359796244177
 10
2571.5830583000898
 20
1.3877787807814457e-14
 10
2564.1313830680115
 20
5.034619821040896
 10
2552.7179801726534
 20
26.680962591915893
 10
2544.4707858081183
 20
21.864984187991176
 10
2539.1342734798836
 20
21.923566196394113
 10
2530.1780603239463
 20
27.974705956516626
  0
TEXT
  5
60
330
17
100
AcDbEntity
  8
NEW_CATALOGUE_LABELS
100
AcDbText
 10
2530.1780603239463
 20
-3.9999999999999862
 30
0.0
 40
2.5
  1
W0025
100
AcDbText
  0
LWPOLYLINE
  5
61
330
17
100
AcDbEntity
  8
RECOVERED_OUTLINES
100
AcDbPolyline
 90
15
 70
1
 10
2644.171589340878
 20
13.731392582225887
 10
2667.051406939523
 20
13.731392582225887
 10
2668.57248486257
 20
6.997775140025494
 10
2672.577054261504
 20
3.4786779065530493
 10
2682.21483960622
 20
6.938893903907228e-15
 10
2680.253159833651
 20
6.867821589991307
 10
2665.4611995510654
 20
21.986058073892472
 10
2672.3205892501887
 20
25.271903809574372
 10
2673.9379104656737
 20
28.97744751470366
 10
2671.785707617533
 20
36.51228851841286
 10
2665.2737365555727
 20
32.96906182067262
 10
2656.6684169552464
 20
17.734962257948215
 10
2648.4408697067406
 20
21.124315151132294
 10
2643.4289232483857
 20
21.083086747884604
 10
2635.6021461707774
 20
16.82446132790386
  0
TEXT
  5
62
330
17
100
AcDbEntity
  8
NEW_CATALOGUE_LABELS
100
AcDbText
 10
2635.6021461707774
 20
-3.999999999999993
 30
0.0
 40
2.5
  1
W0026
100
AcDbText
  0
LWPOLYLINE
  5
63
330
17
100
AcDbEntity
  8
RECOVERED_OUTLINES
100
AcDbPolyline
 90
15
 70
1
 10
8.18307757217468
 20
-83.59904158726316
 10
32.535269321579605
 20
-83.59904158726316
 10
32.11257242817507
 20
-92.51502615376091
 10
35.307841492679266
 20
-97.1746636949445
 10
44.511093505008766
 20
-101.7807819950819
 10
44.50552594524054
 20
-92.68709768238747
 10
33.34557601104094
 20
-72.66903691190826
 10
41.642666502430544
 20
-68.31824773822756
 10
44.48760226126369
 20
-63.411736376539686
 10
44.4814939666491
 20
-53.43485148862524
 10
36.47614043256346
 20
-58.1264388595782
 10
22.69800617198871
 20
-78.29791396217279
 10
14.96866094025471
 20
-73.81007093493825
 10
9.621682428034147
 20
-73.86466147415632
 10
-8.673617379884035e-15
 20
-79.50350847503914
  0
TEXT
  5
64
330
17
100
AcDbEntity
  8
NEW_CATALOGUE_LABELS
100
AcDbText
 10
-8.673617379884035e-15
 20
-105.7807819950819
 30
0.0
 40
2.5
  1
W0027
100
AcDbText
  0
LWPOLYLINE
  5
65
330
17
100
AcDbEntity
  8
RECOVERED_OUTLINES
100
AcDbPolyline
 90
15
 70
1
 10
115.26238273164886
 20
-59.67965629462904
 10
141.75394366126648
 20
-59.67965629462904
 10
143.3324964386024
 20
-47.235331227390816
 10
147.87376616615776
 20
-40.73172595244669
 10
158.93859169231143
 20
-34.3028191954243
 10
156.85352496791435
 20
-46.99516548673985
 10
140.13660474255403
 20
-74.93501369818928
 10
148.16792142667293
 20
-81.00754942012703
 10
150.14105512570603
 20
-87.85572438897694
 10
147.85348168708438
 20
-101.7807819950819
 10
140.21744513234185
 20
-95.23258331998915
 10
129.8405144164719
 20
-67.07860981429111
 10
120.406120393165
 20
-73.34243598683717
 10
114.60188398226148
 20
-73.26624222376385
 10
105.42408584683108
 20
-65.39592296064158
  0
TEXT
  5
66
330
17
100
AcDbEntity
  8
NEW_CATALOGUE_LABELS
100
AcDbText
 10
105.42408584683108
 20
-105.7807819950819
 30
0.0
 40
2.5
  1
W0028
100
AcDbText
  0
LWPOLYLINE
  5
67
330
17
100
AcDbEntity
  8
RECOVERED_OUTLINES
100
AcDbPolyline
 90
15
 70
1
 10
223.93670365447267
 20
-60.75532466888428
 10
253.85977884333715
 20
-60.75532466888427
 10
259.9442509907204
 20
-48.628947558881684
 10
267.3217670822184
 20
-42.29150702173275
 10
282.04203058263585
 20
-36.02685648267393
 10
275.2997047174315
 20
-48.39491796512706
 10
246.7598485404035
 20
-75.6209132664101
 10
253.73247701354705
 20
-81.5382979200819
 10
253.59408805443846
 20
-88.21150452139291
 10
246.1969312232904
 20
-101.7807819950819
 10
239.83519982015395
 20
-95.39988740285985
 10
237.8456882755977
 20
-67.96523763033633
 10
225.02411087230112
 20
-74.06902533351744
 10
218.49437482420535
 20
-73.99477829324287
 10
210.84817169366227
 20
-66.32554281079831
  0
TEXT
  5
68
330
17
100
AcDbEntity
  8
NEW_CATALOGUE_LABELS
100
AcDbText
 10
210.84817169366227
 20
-105.7807819950819
 30
0.0
 40
2.5
  1
W0029
100
AcDbText
  0
LWPOLYLINE
  5
69
330
17
100
AcDbEntity
  8
RECOVERED_OUTLINES
100
AcDbPolyline
 90
15
 70
1
 10
324.80814320849413
 20
-79.54891402408842
 10
348.33650425190314
 20
-79.54891402408842
 10
349.298835409013
 20
-90.45100520280491
 10
353.10237377820505
 20
-96.14861413818107
 10
362.70241804738896
 20
-101.78078199508191
 10
361.2989912979004
 20
-90.66140703564304
 10
347.43903809258796
 20
-66.18416370786808
 10
354.786556437349
 20
-60.86420157501853
 10
356.7809297790706
 20
-54.86472570832334
 10
355.2411988353956
 20
-42.66541020745242
 10
348.22794176834157
 20
-48.40208605178205
 10
338.0170477896374
 20
-73.06691797668505
 10
329.8592317122111
 20
-67.57937215224258
 10
324.7015332742935
 20
-67.64612316909457
 10
316.27225754049334
 20
-74.54106827447904
  0
TEXT
  5
6A
330
17
100
AcDbEntity
  8
NEW_CATALOGUE_LABELS
100
AcDbText
 10
316.27225754049334
 20
-105.78078199508191
 30
0.0
 40
2.5
  1
W0030
100
AcDbText
  0
LWPOLYLINE
  5
6B
330
17
100
AcDbEntity
  8
RECOVERED_OUTLINES
100
AcDbPolyline
 90
15
 70
1
 10
430.99756316185847
 20
-82.65296351627948
 10
458.05114678147936
 20
-82.65296351627948
 10
458.0395846046935
 20
-92.03288702868615
 10
461.82867631357175
 20
-96.93498655632239
 10
472.2894679719784
 20
-101.78078199508197
 10
471.81612961935184
 20
-92.21391221610573
 10
458.3898537956033
 20
-71.15422133245941
 10
467.3838365182379
 20
-66.57704094779646
 10
470.2923081607914
 20
-61.41522163977303
 10
469.7729980445827
 20
-50.91919437068557
 10
461.12062190011096
 20
-55.854906222035
 10
446.8503096053633
 20
-77.07599427839017
 10
438.03300134168074
 20
-72.35462850917114
 10
432.09568617156714
 20
-72.41205964070204
 10
421.6963433873244
 20
-78.34432131881098
  0
TEXT
  5
6C
330
17
100
AcDbEntity
  8
NEW_CATALOGUE_LABELS
100
AcDbText
 10
421.6963433873244
 20
-105.78078199508197
 30
0.0
 40
2.5
  1
W0031
100
AcDbText
  0
LWPOLYLINE
  5
6D
330
17
100
AcDbEntity
  8
RECOVERED_OUTLINES
100
AcDbPolyline
 90
15
 70
1
 10
537.4348900877927
 20
-68.21975722931778
 10
564.850247621363
 20
-68.21975722931778
 10
566.7735822251407
 20
-58.299730274544295
 10
571.624632657696
 20
-53.115363964433776
 10
583.2249849420389
 20
-47.9905437773361
 10
580.7716989987427
 20
-58.10828151312106
 10
562.8213263651803
 20
-80.38060611668999
 10
570.9913218541125
 20
-85.22134418162848
 10
572.8738184580367
 20
-90.68038514326673
 10
570.1822634609891
 20
-101.78078199508195
 10
562.4324066987487
 20
-96.56086793697473
 10
552.3491145005286
 20
-74.11785278336247
 10
542.4398925695054
 20
-79.11107854176535
 10
536.4350285596613
 20
-79.05034048008754
 10
527.1204292341555
 20
-72.77649446505625
  0
TEXT
  5
6E
330
17
100
AcDbEntity
  8
NEW_CATALOGUE_LABELS
100
AcDbText
 10
527.1204292341555
 20
-105.78078199508195
 30
0.0
 40
2.5
  1
W0032
100
AcDbText
  0
LWPOLYLINE
  5
6F
330
17
100
AcDbEntity
  8
RECOVERED_OUTLINES
100
AcDbPolyline
 90
15
 70
1
 10
641.0063113180146
 20
-69.90487024946273
 10
667.2903585907587
 20
-69.90487024946273
 10
666.0276727208352
 20
-60.48293197637729
 10
669.0549547835562
 20
-55.5588748562078
 10
678.5716729815061
 20
-50.69137402343428
 10
679.3881933024031
 20
-60.301095936937806
 10
669.153572685829
 20
-81.45511785337739
 10
678.5024017144395
 20
-86.05280044556808
 10
682.0168228639612
 20
-91.23774068870443
 10
682.9126456097388
 20
-101.78078199508188
 10
673.8478715705405
 20
-96.82296199413614
 10
657.1521972895658
 20
-75.50681997120498
 10
649.2156125902314
 20
-80.24933378631256
 10
643.439521368428
 20
-80.19164540798815
 10
632.5445150809867
 20
-74.23281181227661
  0
TEXT
  5
70
330
17
100
AcDbEntity
  8
NEW_CATALOGUE_LABELS
100
AcDbText
 10
632.5445150809867
 20
-105.78078199508188
 30
0.0
 40
2.5
  1
W0033
100
AcDbText
  0
LWPOLYLINE
  5
71
330
17
100
AcDbEntity
  8
RECOVERED_OUTLINES
100
AcDbPolyline
 90
15
 70
1
 10
743.8122648670626
 20
-83.94562976987451
 10
761.2806269235135
 20
-83.94562976987451
 10
760.9202983866489
 20
-92.69165399056487
 10
763.1824838812107
 20
-97.26246750991102
 10
769.7546703763146
 20
-101.78078199508191
 10
769.8089338175927
 20
-92.86044541744934
 10
761.9318989656731
 20
-73.22397756086191
 10
767.9114568334272
 20
-68.9561250081431
 10
769.9836244924047
 20
-64.14314368360597
 10
770.0431581301074
 20
-54.35644248129391
 10
764.2706863231555
 20
-58.95859678896533
 10
754.2581027746119
 20
-78.74555452745815
 10
748.7424242778844
 20
-74.3432607008923
 10
744.9065694153786
 20
-74.39681061169135
 10
737.9686009278175
 20
-79.92816747740437
  0
TEXT
  5
72
330
17
100
AcDbEntity
  8
NEW_CATALOGUE_LABELS
100
AcDbText
 10
737.9686009278175
 20
-105.78078199508191
 30
0.0
 40
2.5
  1
W0034
100
AcDbText
  0
LWPOLYLINE
  5
73
330
17
100
AcDbEntity
  8
RECOVERED_OUTLINES
100
AcDbPolyline
 90
15
 70
1
 10
851.5350963375416
 20
-77.16887119144639
 10
875.5044030717919
 20
-77.16887119144639
 10
875.2799131364787
 20
-89.2380907466253
 10
878.525056433793
 20
-95.54565982244192
 10
887.6825704050297
 20
-101.78078199508191
 10
887.4817115102404
 20
-89.47101724427684
 10
876.0671370279252
 20
-62.373351394151705
 10
884.1402966821977
 20
-56.483858272689965
 10
886.8350850699279
 20
-49.8421057626301
 10
886.6147182743458
 20
-36.336786939911946
 10
878.8360307402471
 20
-42.687605250556246
 10
865.7079140465952
 20
-69.99294208119983
 10
858.0036740498381
 20
-63.917924519101334
 10
852.7419379777757
 20
-63.991821596708895
 10
843.392686774649
 20
-71.62490821593019
  0
TEXT
  5
74
330
17
100
AcDbEntity
  8
NEW_CATALOGUE_LABELS
100
AcDbText
 10
843.392686774649
 20
-105.78078199508191
 30
0.0
 40
2.5
  1
W0035
100
AcDbText
  0
LWPOLYLINE
  5
75
330
17
100
AcDbEntity
  8
RECOVERED_OUTLINES
100
AcDbPolyline
 90
15
 70
1
 10
958.3845166151619
 20
-76.84953946718504
 10
984.4323074182112
 20
-76.84953946718504
 10
985.7542039174248
 20
-69.48031878280877
 10
990.0990879107976
 20
-65.62904502901466
 10
1000.859631042238
 20
-61.822005885003406
 10
999.044293661827
 20
-69.33809858732847
 10
983.1242770907984
 20
-85.88338378726257
 10
991.1333968175106
 20
-89.4793888423322
 10
993.2001653771723
 20
-93.53470822349625
 10
991.208518047629
 20
-101.78078199508195
 10
983.5792574540499
 20
-97.90310113564036
 10
972.8553211943105
 20
-81.23101624677967
 10
963.6948436904572
 20
-84.94029876267811
 10
957.9864266885464
 20
-84.89517870579868
 10
948.81677262148
 20
-80.234570822842
  0
TEXT
  5
76
330
17
100
AcDbEntity
  8
NEW_CATALOGUE_LABELS
100
AcDbText
 10
948.81677262148
 20
-105.78078199508195
 30
0.0
 40
2.5
  1
W0036
100
AcDbText
  0
LWPOLYLINE
  5
77
330
17
100
AcDbEntity
  8
RECOVERED_OUTLINES
100
AcDbPolyline
 90
15
 70
1
 10
1060.1728352888188
 20
-74.01404746726159
 10
1077.3583542068864
 20
-74.01404746726159
 10
1077.4021032837454
 20
-65.80670705127393
 10
1079.835788428271
 20
-61.51741838882936
 10
1086.5072976653416
 20
-57.27739524796524
 10
1086.1545020439073
 20
-65.64831180049654
 10
1077.5108791025712
 20
-84.07533329048412
 10
1083.1992842598074
 20
-88.0803209124644
 10
1085.0187446402565
 20
-92.59686181716695
 10
1084.6316846563186
 20
-101.7807819950819
 10
1079.1622346416596
 20
-97.46208288141973
 10
1070.2127556304724
 20
-78.89384045963585
 10
1064.5859305998436
 20
-83.02498886880124
 10
1060.814623246217
 20
-82.97473719603163
 10
1054.2408584683112
 20
-77.78406682813798
  0
TEXT
  5
78
330
17
100
AcDbEntity
  8
NEW_CATALOGUE_LABELS
100
AcDbText
 10
1054.2408584683112
 20
-105.7807819950819
 30
0.0
 40
2.5
  1
W0037
100
AcDbText
  0
LWPOLYLINE
  5
79
330
17
100
AcDbEntity
  8
RECOVERED_OUTLINES
100
AcDbPolyline
 90
15
 70
1
 10
1167.624256555756
 20
-71.5540789558507
 10
1190.238615138237
 20
-71.5540789558507
 10
1190.6302380565564
 20
-62.61961670400111
 10
1194.0072968718282
 20
-57.95032242600988
 10
1202.9588869978058
 20
-53.334658303534134
 10
1202.153933067941
 20
-62.447188570499314
 10
1190.0298094408697
 20
-82.50673521676852
 10
1197.3521497430322
 20
-86.86654106300887
 10
1199.5625392696695
 20
-91.78322078831836
 10
1198.6794062707459
 20
-101.7807819950819
 10
1191.657956830875
 20
-97.0794716737812
 10
1180.6371328687317
 20
-76.8661927561117
 10
1173.06467009195
 20
-81.36333648937006
 10
1168.1040665109679
 20
-81.30863281550052
 10
1159.664944315142
 20
-75.65809974227729
  0
TEXT
  5
7A
330
17
100
AcDbEntity
  8
NEW_CATALOGUE_LABELS
100
AcDbText
 10
1159.664944315142
 20
-105.7807819950819
 30
0.0
 40
2.5
  1
W0038
100
AcDbText
  0
LWPOLYLINE
  5
7B
330
17
100
AcDbEntity
  8
RECOVERED_OUTLINES
100
AcDbPolyline
 90
15
 70
1
 10
1274.80384915927
 20
-67.3809479581553
 10
1302.5446999856524
 20
-67.3809479581553
 10
1302.9188521180724
 20
-57.21298427803083
 10
1307.0059356613137
 20
-51.8990422306962
 10
1317.9318894602004
 20
-46.64613457559124
 10
1317.0528251009164
 20
-57.01675053172843
 10
1302.4188086028323
 20
-79.84573967394604
 10
1311.4529110144251
 20
-84.80746498514645
 10
1314.2228470805435
 20
-90.40294677963288
 10
1313.2584058683715
 20
-101.78078199508178
 10
1304.5893426769455
 20
-96.43040373520573
 10
1290.8298109215036
 20
-73.42645787953418
 10
1281.5942120477682
 20
-78.54448209353812
 10
1275.5084292080378
 20
-78.48222597186054
 10
1265.0890301619734
 20
-72.05157425021027
  0
TEXT
  5
7C
330
17
100
AcDbEntity
  8
NEW_CATALOGUE_LABELS
100
AcDbText
 10
1265.0890301619734
 20
-105.78078199508178
 30
0.0
 40
2.5
  1
W0039
100
AcDbText
  0
LWPOLYLINE
  5
7D
330
17
100
AcDbEntity
  8
RECOVERED_OUTLINES
100
AcDbPolyline
 90
15
 70
1
 10
1377.424612702111
 20
-83.11175013256205
 10
1401.0961303078889
 20
-83.11175013256205
 10
1398.4149536355847
 20
-92.26669329114445
 10
1400.3344182721773
 20
-97.05121445209669
 10
1408.1075629466425
 20
-101.78078199508181
 10
1410.4176937274267
 20
-92.44337653370026
 10
1404.6669164999485
 20
-71.88880882085238
 10
1413.8399429634414
 20
-67.42141351717612
 10
1417.8547138554302
 20
-62.3834020347453
 10
1420.389210114965
 20
-52.139125211770235
 10
1411.4129880816288
 20
-56.9564524945011
 10
1392.8836674897327
 20
-77.66854621917122
 10
1386.513115397011
 20
-73.06042386178676
 10
1381.3016911092727
 20
-73.11647748994304
 10
1370.5131160088044
 20
-78.90645204496894
  0
TEXT
  5
7E
330
17
100
AcDbEntity
  8
NEW_CATALOGUE_LABELS
100
AcDbText
 10
1370.5131160088044
 20
-105.78078199508181
 30
0.0
 40
2.5
  1
W0040
100
AcDbText
  0
LWPOLYLINE
  5
7F
330
17
100
AcDbEntity
  8
RECOVERED_OUTLINES
100
AcDbPolyline
 90
15
 70
1
 10
1493.1238559577587
 20
-73.26771446801209
 10
1535.7675832605894
 20
-73.26771446801209
 10
1541.247222599136
 20
-64.83977162639934
 10
1550.0931234481043
 20
-60.43519257325791
 10
1569.422417048891
 20
-56.08120323357994
 10
1563.068868988054
 20
-64.6771189213484
 10
1529.561706795256
 20
-83.59943431066276
 10
1541.0558160909168
 20
-87.71207068841865
 10
1542.6148474210825
 20
-92.35001022270302
 10
1535.644227433283
 20
-101.78078199508192
 10
1524.8987284494553
 20
-97.34600197679896
 10
1514.843215125673
 20
-78.27866982433179
 10
1498.1774256730046
 20
-82.52085802391507
 10
1488.8522815348692
 20
-82.46925565282625
 10
1475.9372018556353
 20
-77.13906694942568
  0
TEXT
  5
80
330
17
100
AcDbEntity
  8
NEW_CATALOGUE_LABELS
100
AcDbText
 10
1475.9372018556353
 20
-105.78078199508192
 30
0.0
 40
2.5
  1
W0041
100
AcDbText
  0
LWPOLYLINE
  5
81
330
17
100
AcDbEntity
  8
RECOVERED_OUTLINES
100
AcDbPolyline
 90
15
 70
1
 10
1599.6397648855898
 20
-84.32758927345307
 10
1652.3062805160534
 20
-84.32758927345307
 10
1652.656788538614
 20
-92.88630771578858
 10
1660.228140597002
 20
-97.35923221009286
 10
1680.7853735492974
 20
-101.78078199508197
 10
1679.483451889636
 20
-93.05148428764925
 10
1652.5083808734366
 20
-73.83555310043421
 10
1669.835377392812
 20
-69.65910132870123
 10
1675.2921664141447
 20
-64.94919532049668
 10
1673.8637989796832
 20
-55.37208714468111
 10
1657.216082378256
 20
-59.87568122967797
 10
1630.2792882750648
 20
-79.2388793915946
 10
1612.926451952744
 20
-74.93086555453316
 10
1601.3702781372829
 20
-74.98326863478725
 10
1581.3612877024666
 20
-80.39616537771204
  0
TEXT
  5
82
330
17
100
AcDbEntity
  8
NEW_CATALOGUE_LABELS
100
AcDbText
 10
1581.3612877024666
 20
-105.78078199508197
 30
0.0
 40
2.5
  1
W0042
100
AcDbText
  0
LWPOLYLINE
  5
83
330
17
100
AcDbEntity
  8
RECOVERED_OUTLINES
100
AcDbPolyline
 90
15
 70
1
 10
1697.992805597156
 20
-77.2699012532525
 10
1739.6251423053257
 20
-77.2699012532525
 10
1732.845429143448
 20
-70.02493184778233
 10
1735.142514343282
 20
-66.23859381919198
 10
1747.747163466764
 20
-62.49574456753831
 10
1753.9154390250537
 20
-69.88510960480356
 10
1748.4357348878152
 20
-86.1514273353123
 10
1765.5760910956647
 20
-89.68680071083497
 10
1773.7730115329189
 20
-93.67374398534356
 10
1780.5403649054224
 20
-101.78078199508187
 10
1763.6672389273774
 20
-97.9684821069277
 10
1726.408746713179
 20
-81.57750263724172
 10
1716.243528015458
 20
-85.22424352001997
 10
1707.0652848658572
 20
-85.1798842253719
 10
1686.7853735492977
 20
-80.59785812395494
  0
TEXT
  5
84
330
17
100
AcDbEntity
  8
NEW_CATALOGUE_LABELS
100
AcDbText
 10
1686.7853735492977
 20
-105.78078199508187
 30
0.0
 40
2.5
  1
W0043
100
AcDbText
  0
LWPOLYLINE
  5
85
330
17
100
AcDbEntity
  8
RECOVERED_OUTLINES
100
AcDbPolyline
 90
15
 70
1
 10
1801.7089989781423
 20
-84.54638057467673
 10
1826.974874634296
 20
-84.54638057467673
 10
1828.7338636103534
 20
-92.99780786549213
 10
1833.1974904708513
 20
-97.41466027109648
 10
1843.881326228641
 20
-101.78078199508194
 10
1841.6342063926465
 20
-93.16091380204465
 10
1825.1216377768337
 20
-74.18587141126534
 10
1832.6576815675592
 20
-70.06177517884304
 10
1834.4000378384944
 20
-65.41091203348958
 10
1831.934672298834
 20
-55.95386143070184
 10
1824.7853087063831
 20
-60.400998956388634
 10
1815.461939203243
 20
-79.52146219929844
 10
1806.3364621891803
 20
-75.26745314910507
 10
1800.8023223791586
 20
-75.3191993101181
 10
1792.209459396129
 20
-80.66424057578658
  0
TEXT
  5
86
330
17
100
AcDbEntity
  8
NEW_CATALOGUE_LABELS
100
AcDbText
 10
1792.209459396129
 20
-105.78078199508194
 30
0.0
 40
2.5
  1
W0044
100
AcDbText
  0
LWPOLYLINE
  5
87
330
17
100
AcDbEntity
  8
RECOVERED_OUTLINES
100
AcDbPolyline
 90
15
 70
1
 10
1905.7810125428825
 20
-85.40971850757056
 10
1927.819886723109
 20
-85.40971850757056
 10
1929.0521019565665
 20
-93.43778106471922
 10
1932.7877377158045
 20
-97.63337622252399
 10
1941.950939966064
 20
-101.78078199508192
 10
1940.2989600389396
 20
-93.5927163930405
 10
1926.5737049360357
 20
-75.56820738457135
 10
1933.2946559368472
 20
-71.650703109102
 10
1934.9807295425214
 20
-67.23281971605527
 10
1933.1683053365198
 20
-58.24950941439666
 10
1926.7730993321723
 20
-62.47387259329501
 10
1917.9570288091852
 20
-80.63651776005383
 10
1910.149141335682
 20
-76.59560850313542
 10
1905.3199816974768
 20
-76.6447624984797
 10
1897.63354524296
 20
-81.72204994056193
  0
TEXT
  5
88
330
17
100
AcDbEntity
  8
NEW_CATALOGUE_LABELS
100
AcDbText
 10
1897.63354524296
 20
-105.78078199508192
 30
0.0
 40
2.5
  1
W0045
100
AcDbText
  0
LWPOLYLINE
  5
89
330
17
100
AcDbEntity
  8
RECOVERED_OUTLINES
100
AcDbPolyline
 90
15
 70
1
 10
2011.8252916303964
 20
-82.60000212150564
 10
2036.2473609578053
 20
-82.60000212150564
 10
2037.044971384853
 20
-92.00589690881951
 10
2040.8877953402125
 20
-96.92156944419791
 10
2050.7485095766415
 20
-101.78078199508184
 10
2049.497060339765
 20
-92.18742332153167
 10
2035.5625449469917
 20
-71.06942204540978
 10
2043.2873706617695
 20
-66.47956829407029
 10
2045.4682610868233
 20
-61.30345686222601
 10
2044.0952680787032
 20
-50.77836803317178
 10
2036.7097069609486
 20
-55.72774595857657
 10
2025.6555976731488
 20
-77.00759128635441
 10
2017.2892236450432
 20
-72.27315292777286
 10
2011.9343812951756
 20
-72.3307430754944
 10
2003.0576310897911
 20
-78.27943008997833
  0
TEXT
  5
8A
330
17
100
AcDbEntity
  8
NEW_CATALOGUE_LABELS
100
AcDbText
 10
2003.0576310897911
 20
-105.78078199508184
 30
0.0
 40
2.5
  1
W0046
100
AcDbText
  0
LWPOLYLINE
  5
8B
330
17
100
AcDbEntity
  8
RECOVERED_OUTLINES
100
AcDbPolyline
 90
15
 70
1
 10
2119.293608469465
 20
-72.7759383752743
 10
2150.699403229699
 20
-72.7759383752743
 10
2150.717220459614
 20
-64.20263548790247
 10
2155.1322037627187
 20
-59.72208892706119
 10
2167.292000810846
 20
-55.293004620373594
 10
2166.7106526734733
 20
-64.0371774476596
 10
2151.0543032099727
 20
-83.28585345457061
 10
2161.479937443659
 20
-87.46942208985304
 10
2164.8391145618734
 20
-92.18735399185998
 10
2164.201304489857
 20
-101.78078199508184
 10
2154.1734264363117
 20
-97.2695135811721
 10
2137.678071629785
 20
-77.87331964994443
 10
2127.4265657024916
 20
-82.18867453829137
 10
2120.534283715522
 20
-82.1361821608079
 10
2108.4817169366224
 20
-76.71406159593278
  0
TEXT
  5
8C
330
17
100
AcDbEntity
  8
NEW_CATALOGUE_LABELS
100
AcDbText
 10
2108.4817169366224
 20
-105.78078199508184
 30
0.0
 40
2.5
  1
W0047
100
AcDbText
  0
LWPOLYLINE
  5
8D
330
17
100
AcDbEntity
  8
RECOVERED_OUTLINES
100
AcDbPolyline
 90
15
 70
1
 10
2221.3480277937283
 20
-63.72179847158188
 10
2248.8590024201308
 20
-63.72179847158188
 10
2244.4578659742397
 20
-52.472256925712934
 10
2246.0170590556845
 20
-46.593064816610145
 10
2254.3870973081534
 20
-40.78139939748339
 10
2258.382617455888
 20
-52.25514957254196
 10
2254.5843257354245
 20
-77.51248426459757
 10
2265.872281244638
 20
-83.00199394259198
 10
2271.24542332286
 20
-89.19267350208645
 10
2275.628998033678
 20
-101.7807819950819
 10
2264.5206481297396
 20
-95.86127791205261
 10
2240.0785629844454
 20
-70.41037616186753
 10
2233.321566819628
 20
-76.07281043479325
 10
2227.2569951599157
 20
-76.0039320586179
 10
2213.9058027834526
 20
-68.88924459655242
  0
TEXT
  5
8E
330
17
100
AcDbEntity
  8
NEW_CATALOGUE_LABELS
100
AcDbText
 10
2213.9058027834526
 20
-105.7807819950819
 30
0.0
 40
2.5
  1
W0048
100
AcDbText
  0
LWPOLYLINE
  5
8F
330
17
100
AcDbEntity
  8
RECOVERED_OUTLINES
100
AcDbPolyline
 90
15
 70
1
 10
2327.405018607245
 20
-83.95479282574343
 10
2353.1500104619213
 20
-83.95479282574343
 10
2351.4492480902572
 20
-92.69632365565396
 10
2354.1719644562295
 20
-97.2647888564035
 10
2363.2538111764643
 20
-101.78078199508188
 10
2364.5268055323086
 20
-92.8650283636108
 10
2355.543791112966
 20
-73.23864901368519
 10
2364.9272941642785
 20
-68.9729891291807
 10
2368.6249651369485
 20
-64.162480540296
 10
2370.0215957780074
 20
-54.380807390941186
 10
2360.8985875160065
 20
-58.980597278252944
 10
2343.4956328255284
 20
-78.75738919382792
 10
2335.9553580481283
 20
-74.3573571065382
 10
2330.2948869793954
 20
-74.41087950533071
 10
2319.329888630284
 20
-79.9393945600319
  0
TEXT
  5
90
330
17
100
AcDbEntity
  8
NEW_CATALOGUE_LABELS
100
AcDbText
 10
2319.329888630284
 20
-105.78078199508188
 30
0.0
 40
2.5
  1
W0049
100
AcDbText
  0
LWPOLYLINE
  5
91
330
17
100
AcDbEntity
  8
RECOVERED_OUTLINES
100
AcDbPolyline
 90
15
 70
1
 10
2439.9978636177557
 20
-78.31421430402416
 10
2477.435316797187
 20
-78.31421430402416
 10
2482.584513781071
 20
-71.37792479391418
 10
2490.527372903626
 20
-67.75290786428953
 10
2507.671699371503
 20
-64.16952682439631
 10
2501.748539619079
 20
-71.24405983148641
 10
2471.5720717444287
 20
-86.8173331923173
 10
2481.497685395476
 20
-90.20207809413083
 10
2482.680070133901
 20
-94.01915326238446
 10
2476.1816388061097
 20
-101.7807819950819
 10
2466.926180014762
 20
-98.13090933949385
 10
2458.8642641468964
 20
-82.43828559008654
 10
2444.062751861327
 20
-85.92965306393747
 10
2435.8781659118754
 20
-85.88718374585989
 10
2424.753974477115
 20
-81.50037990948864
  0
TEXT
  5
92
330
17
100
AcDbEntity
  8
NEW_CATALOGUE_LABELS
100
AcDbText
 10
2424.753974477115
 20
-105.7807819950819
 30
0.0
 40
2.5
  1
W0050
100
AcDbText
  0
LWPOLYLINE
  5
93
330
17
100
AcDbEntity
  8
RECOVERED_OUTLINES
100
AcDbPolyline
 90
15
 70
1
 10
2538.256902574988
 20
-83.01867749177005
 10
2562.647135364118
 20
-83.01867749177005
 10
2561.969029140984
 20
-92.21926172817294
 10
2565.0361536425385
 20
-97.02763565356713
 10
2574.1221754416
 20
-101.7807819950819
 10
2574.3764254785538
 20
-92.39682580783318
 10
2563.771001801119
 20
-71.73978529878126
 10
2572.205364829258
 20
-67.2501182307501
 10
2575.194934395062
 20
-62.186990232558706
 10
2575.473877809438
 20
-51.89164156483342
 10
2567.3219701226444
 20
-56.73298516373242
 10
2552.9459699510444
 20
-77.54833701520226
 10
2545.3327779702704
 20
-72.91724131243748
 10
2539.975887067139
 20
-72.97357439049973
 10
2530.1780603239467
 20
-78.79241429997587
  0
TEXT
  5
94
330
17
100
AcDbEntity
  8
NEW_CATALOGUE_LABELS
100
AcDbText
 10
2530.1780603239467
 20
-105.7807819950819
 30
0.0
 40
2.5
  1
W0051
100
AcDbText
  0
LWPOLYLINE
  5
95
330
17
100
AcDbEntity
  8
RECOVERED_OUTLINES
100
AcDbPolyline
 90
15
 70
1
 10
2643.5372157067723
 20
-70.02490501510988
 10
2666.6241200053773
 20
-70.02490501510988
 10
2666.609078600905
 20
-60.63844682998473
 10
2669.83989779163
 20
-55.732932176840905
 10
2678.7642229041576
 20
-50.88376083771165
 10
2678.3655645109448
 20
-60.45729552849273
 10
2666.9195081319695
 20
-81.5316579803341
 10
2674.597290588733
 20
-86.1120271304223
 10
2677.0821607663675
 20
-91.27744250186406
 10
2676.6447837075298
 20
-101.78078199508185
 10
2669.2583226390375
 20
-96.84163160166554
 10
2657.0686604742527
 20
-75.60575953721097
 10
2649.546777542954
 20
-80.33041452089378
 10
2644.479978032352
 20
-80.27294337905276
 10
2635.602146170778
 20
-74.33654889660961
  0
TEXT
  5
96
330
17
100
AcDbEntity
  8
NEW_CATALOGUE_LABELS
100
AcDbText
 10
2635.602146170778
 20
-105.78078199508185
 30
0.0
 40
2.5
  1
W0052
100
AcDbText
  0
LWPOLYLINE
  5
97
330
17
100
AcDbEntity
  8
RECOVERED_OUTLINES
100
AcDbPolyline
 90
15
 70
1
 10
8.690148176242918
 20
-172.69345971498578
 10
32.925784860112515
 20
-172.69345971498578
 10
33.69426948133238
 20
-163.569410953373
 10
37.49571865211371
 20
-158.80103570326864
 10
47.26925715093011
 20
-154.08742862389715
 10
46.05085736307875
 20
-163.3933239485151
 10
32.27443741120357
 20
-183.87852793474457
 10
39.951535047583924
 20
-188.33084750484815
 10
42.12845443179121
 20
-193.3518576445093
 10
40.791720714975945
 20
-203.5615639901638
 10
33.45041725444232
 20
-198.76049332627005
 10
22.428573736489682
 20
-178.11829491766224
 10
14.137662386943289
 20
-182.71086664202497
 10
8.823556661717173
 20
-182.65500217321244
 10
-5.898059818321144e-14
 20
-176.88456654587276
  0
TEXT
  5
98
330
17
100
AcDbEntity
  8
NEW_CATALOGUE_LABELS
100
AcDbText
 10
-5.898059818321144e-14
 20
-207.5615639901638
 30
0.0
 40
2.5
  1
W0053
100
AcDbText
  0
LWPOLYLINE
  5
99
330
17
100
AcDbEntity
  8
RECOVERED_OUTLINES
100
AcDbPolyline
 90
15
 70
1
 10
118.44215029265614
 20
-171.6593803864101
 10
144.97506385094408
 20
-171.6593803864101
 10
153.44500873668025
 20
-162.22967663111223
 10
161.5936323213274
 20
-157.30156114451432
 10
176.2346432064087
 20
-152.43004855852817
 10
167.12009415819193
 20
-162.04769072393975
 10
134.91014132459074
 20
-183.2191476071718
 10
139.59236106098777
 20
-187.8206195706525
 10
137.77756286381543
 20
-193.0098331978912
 10
127.77778680689123
 20
-203.56156399016382
 10
123.75478166424277
 20
-198.59965779570734
 10
128.9471262246877
 20
-177.26594718795673
 10
116.0304771939047
 20
-182.0123697430289
 10
110.2593598574163
 20
-181.95463381842873
 10
105.4240858468311
 20
-175.9908890022281
  0
TEXT
  5
9A
330
17
100
AcDbEntity
  8
NEW_CATALOGUE_LABELS
100
AcDbText
 10
105.4240858468311
 20
-207.56156399016382
 30
0.0
 40
2.5
  1
W0054
100
AcDbText
  0
LWPOLYLINE
  5
9B
330
17
100
AcDbEntity
  8
RECOVERED_OUTLINES
100
AcDbPolyline
 90
15
 70
1
 10
220.35253695619633
 20
-182.39793302359075
 10
243.64863979926753
 20
-182.39793302359075
 10
246.8932905446112
 20
-192.77618080606786
 10
251.8570243188857
 20
-198.20002072170053
 10
262.54628736898366
 20
-203.5615639901638
 10
258.8192182399416
 20
-192.97647287107503
 10
239.95051770616115
 20
-169.67535640421195
 10
246.10715221654138
 20
-164.611017434465
 10
246.82063860899245
 20
-158.89981523583464
 10
242.73158752792028
 20
-147.28667451180354
 10
236.9935155148968
 20
-152.7477041788856
 10
232.06841672788923
 20
-176.22739564665883
 10
222.83754723642858
 20
-171.00352534965162
 10
217.74479486257368
 20
-171.06706899290924
 10
210.84817169366224
 20
-177.63071330455793
  0
TEXT
  5
9C
330
17
100
AcDbEntity
  8
NEW_CATALOGUE_LABELS
100
AcDbText
 10
210.84817169366224
 20
-207.5615639901638
 30
0.0
 40
2.5
  1
W0055
100
AcDbText
  0
LWPOLYLINE
  5
9D
330
17
100
AcDbEntity
  8
RECOVERED_OUTLINES
100
AcDbPolyline
 90
15
 70
1
 10
324.717716815071
 20
-176.08419640712347
 10
347.28582764818924
 20
-176.08419640712347
 10
348.77042850989295
 20
-167.96238758357296
 10
352.7122075189245
 20
-163.71779911280157
 10
362.21055204496184
 20
-159.5219627502148
 10
360.2916659347341
 20
-167.80564302563235
 10
345.73659786224164
 20
-186.04063001820316
 10
352.51022537843136
 20
-190.003880250038
 10
354.1141825022745
 20
-194.47335268720946
 10
352.00892954027813
 20
-203.5615639901638
 10
345.5773853636271
 20
-199.28787156487158
 10
337.05365896595754
 20
-180.91313535369892
 10
328.94613094661554
 20
-185.00123160660897
 10
324.0023690622546
 20
-184.95150362426483
 10
316.27225754049334
 20
-179.8149270650692
  0
TEXT
  5
9E
330
17
100
AcDbEntity
  8
NEW_CATALOGUE_LABELS
100
AcDbText
 10
316.27225754049334
 20
-207.5615639901638
 30
0.0
 40
2.5
  1
W0056
100
AcDbText
  0
LWPOLYLINE
  5
9F
330
17
100
AcDbEntity
  8
RECOVERED_OUTLINES
100
AcDbPolyline
 90
15
 70
1
 10
429.9989813281535
 20
-183.87222229899507
 10
453.9373929367001
 20
-183.87222229899507
 10
454.0848577875264
 20
-193.52750626551068
 10
457.52005662972437
 20
-198.57351361395504
 10
466.8577744580881
 20
-203.56156399016385
 10
466.27810156251996
 20
-193.71384569432536
 10
454.04378110988364
 20
-172.03591884772652
 10
461.925170980425
 20
-167.3243690870667
 10
464.41195656854046
 20
-162.01101752968057
 10
463.7759844418575
 20
-151.20686505772412
 10
456.20289340580706
 20
-156.28747146551007
 10
443.9325519907882
 20
-178.13153351905777
 10
436.0511652856483
 20
-173.27156561512976
 10
430.798486926297
 20
-173.33068271589457
 10
421.69634338732436
 20
-179.43709403044952
  0
TEXT
  5
A0
330
17
100
AcDbEntity
  8
NEW_CATALOGUE_LABELS
100
AcDbText
 10
421.69634338732436
 20
-207.56156399016385
 30
0.0
 40
2.5
  1
W0057
100
AcDbText
  0
LWPOLYLINE
  5
A1
330
17
100
AcDbEntity
  8
RECOVERED_OUTLINES
100
AcDbPolyline
 90
15
 70
1
 10
535.2103353436671
 20
-165.0612449799427
 10
557.1881117676178
 20
-165.0612449799427
 10
558.3407720680495
 20
-153.68125271169777
 10
562.026260211068
 20
-147.73388494810342
 10
571.12472518653
 20
-141.85482692021642
 10
569.5549813782472
 20
-153.46162776161503
 10
556.0387225486805
 20
-179.01184883863456
 10
562.7781952218763
 20
-184.565015377672
 10
564.5014941925366
 20
-190.82748262889083
 10
562.7792930757801
 20
-203.5615639901638
 10
556.361752066702
 20
-197.5734167912715
 10
547.3978658625226
 20
-171.82738403464558
 10
539.6499483395309
 20
-177.5554804181824
 10
534.8337102648212
 20
-177.4858033219978
 10
527.1204292341555
 20
-170.28861328726114
  0
TEXT
  5
A2
330
17
100
AcDbEntity
  8
NEW_CATALOGUE_LABELS
100
AcDbText
 10
527.1204292341555
 20
-207.5615639901638
 30
0.0
 40
2.5
  1
W0058
100
AcDbText
  0
LWPOLYLINE
  5
A3
330
17
100
AcDbEntity
  8
RECOVERED_OUTLINES
100
AcDbPolyline
 90
15
 70
1
 10
640.4231420715394
 20
-172.42456588302974
 10
665.0258795169143
 20
-172.42456588302974
 10
663.7527602084139
 20
-163.22103700781508
 10
666.5387318666471
 20
-158.41112416661753
 10
675.3995778094688
 20
-153.65645658483845
 10
676.2568891396497
 20
-163.0434160989289
 10
666.8817149603788
 20
-183.70706787544557
 10
675.6770332761395
 20
-188.19817185743352
 10
679.0168374817765
 20
-193.26292030524303
 10
679.9574129581409
 20
-203.5615639901638
 10
671.4244934058727
 20
-198.71867092354665
 10
655.5904516827884
 20
-177.8966571372076
 10
648.2074530848383
 20
-182.52923501803815
 10
642.8002822705696
 20
-182.4728839106243
 10
632.5445150809867
 20
-176.65218168660414
  0
TEXT
  5
A4
330
17
100
AcDbEntity
  8
NEW_CATALOGUE_LABELS
100
AcDbText
 10
632.5445150809867
 20
-207.5615639901638
 30
0.0
 40
2.5
  1
W0059
100
AcDbText
  0
LWPOLYLINE
  5
A5
330
17
100
AcDbEntity
  8
RECOVERED_OUTLINES
100
AcDbPolyline
 90
15
 70
1
 10
747.748980115849
 20
-180.2809240727781
 10
774.0166622146813
 20
-180.2809240727781
 10
775.6367901444881
 20
-191.69731334827014
 10
780.1683815193554
 20
-197.6637027757189
 10
791.1680688191145
 20
-203.56156399016382
 10
789.0446129757314
 20
-191.91764073212536
 10
772.3456711503592
 20
-166.28570153440901
 10
780.2823181623556
 20
-160.71477411838666
 10
782.2085567751355
 20
-154.43227741015642
 10
779.8788657736095
 20
-141.65746821351533
 10
772.3362574464414
 20
-147.6647675024844
 10
762.1712619946421
 20
-173.49314465080576
 10
752.7889559864707
 20
-167.7467279063522
 10
747.0341071161522
 20
-167.8166278531078
 10
737.9686009278178
 20
-175.03683689978035
  0
TEXT
  5
A6
330
17
100
AcDbEntity
  8
NEW_CATALOGUE_LABELS
100
AcDbText
 10
737.9686009278178
 20
-207.56156399016382
 30
0.0
 40
2.5
  1
W0060
100
AcDbText
  0
LWPOLYLINE
  5
A7
330
17
100
AcDbEntity
  8
RECOVERED_OUTLINES
100
AcDbPolyline
 90
15
 70
1
 10
853.1475053684527
 20
-167.7066285238521
 10
881.3662817190354
 20
-167.7066285238521
 10
881.4695962388723
 20
-157.10856339413914
 10
885.4821800810574
 20
-151.56984338245599
 10
896.4531201780454
 20
-146.09473949730042
 10
895.8417210833536
 20
-156.9040290262572
 10
881.5781402676326
 20
-180.69867674393782
 10
890.9031920170991
 20
-185.87028136981147
 10
893.8734397153518
 20
-191.7024501654188
 10
893.2026600644901
 20
-203.5615639901638
 10
884.2383378228066
 20
-197.98486652638286
 10
869.6144289199563
 20
-174.00786148501425
 10
860.3592872431398
 20
-179.34237640479978
 10
854.166959444156
 20
-179.27748687007886
 10
843.3926867746488
 20
-172.57482073981234
  0
TEXT
  5
A8
330
17
100
AcDbEntity
  8
NEW_CATALOGUE_LABELS
100
AcDbText
 10
843.3926867746488
 20
-207.5615639901638
 30
0.0
 40
2.5
  1
W0061
100
AcDbText
  0
LWPOLYLINE
  5
A9
330
17
100
AcDbEntity
  8
RECOVERED_OUTLINES
100
AcDbPolyline
 90
15
 70
1
 10
958.2798918896071
 20
-169.89011837879562
 10
985.58775936067
 20
-169.89011837879562
 10
985.7382204131076
 20
-159.9374530355221
 10
989.647659558381
 20
-154.7360293764219
 10
1000.2905345255506
 20
-149.59434775608204
 10
999.647383869465
 20
-159.7453743787285
 10
985.73089430288
 20
-182.09097829761808
 10
994.7302973416153
 20
-186.94764312266614
 10
997.5768844785063
 20
-192.42464515442612
 10
996.8712694779507
 20
-203.5615639901638
 10
988.2228810823835
 20
-198.32447562560145
 10
974.1852446570449
 20
-175.80761955895198
 10
965.2034513894484
 20
-180.81727378503078
 10
959.2113225063961
 20
-180.756335885947
 10
948.81677262148
 20
-174.4618479689773
  0
TEXT
  5
AA
330
17
100
AcDbEntity
  8
NEW_CATALOGUE_LABELS
100
AcDbText
 10
948.81677262148
 20
-207.5615639901638
 30
0.0
 40
2.5
  1
W0062
100
AcDbText
  0
LWPOLYLINE
  5
AB
330
17
100
AcDbEntity
  8
RECOVERED_OUTLINES
100
AcDbPolyline
 90
15
 70
1
 10
1064.486832546976
 20
-163.87673913404038
 10
1092.1535688635188
 20
-163.87673913404038
 10
1093.7395508806649
 20
-152.1466285365296
 10
1098.4495593533818
 20
-146.0162832791166
 10
1109.972886698877
 20
-139.9563493836665
 10
1107.8591691561
 20
-151.920246576532
 10
1090.5412198530857
 20
-178.25654909411804
 10
1098.9593540356568
 20
-183.98056508058508
 10
1101.0544635345377
 20
-190.4357042176361
 10
1098.7354566408835
 20
-203.5615639901638
 10
1090.7277447372414
 20
-197.38918467201745
 10
1079.7488728384396
 20
-170.85104610710138
 10
1069.9274731685286
 20
-176.75537385252363
 10
1063.8653754348607
 20
-176.68355306169235
 10
1054.2408584683112
 20
-169.26493333781593
  0
TEXT
  5
AC
330
17
100
AcDbEntity
  8
NEW_CATALOGUE_LABELS
100
AcDbText
 10
1054.2408584683112
 20
-207.5615639901638
 30
0.0
 40
2.5
  1
W0063
100
AcDbText
  0
LWPOLYLINE
  5
AD
330
17
100
AcDbEntity
  8
RECOVERED_OUTLINES
100
AcDbPolyline
 90
15
 70
1
 10
1172.5933432459126
 20
-171.30164281556188
 10
1214.7192625834841
 20
-171.30164281556188
 10
1211.3164557241935
 20
-161.76619835746015
 10
1215.447607521701
 20
-156.7828210717035
 10
1229.9877743997956
 20
-151.856681407505
 10
1232.7029892969367
 20
-161.5821717374271
 10
1219.39606489506
 20
-182.99103636837938
 10
1235.0525598061747
 20
-187.64410728894052
 10
1241.4440995448329
 20
-192.89151055926692
 10
1244.4230226680945
 20
-203.5615639901638
 10
1229.1690749793356
 20
-198.5440170818669
 10
1199.2905979358459
 20
-176.9710792818717
 10
1187.2646454851308
 20
-181.77072620854688
 10
1177.9987555341177
 20
-181.71234285774932
 10
1159.664944315142
 20
-175.6817231338557
  0
TEXT
  5
AE
330
17
100
AcDbEntity
  8
NEW_CATALOGUE_LABELS
100
AcDbText
 10
1159.664944315142
 20
-207.5615639901638
 30
0.0
 40
2.5
  1
W0064
100
AcDbText
  0
LWPOLYLINE
  5
AF
330
17
100
AcDbEntity
  8
RECOVERED_OUTLINES
100
AcDbPolyline
 90
15
 70
1
 10
1273.2026253701001
 20
-173.1914175818511
 10
1296.5200641094373
 20
-173.1914175818511
 10
1296.721027015342
 20
-164.21455608570838
 10
1300.0970734094692
 20
-159.52310327783718
 10
1309.222180774983
 20
-154.8855351319085
 10
1308.5990790087342
 20
-164.04130967995368
 10
1296.5534204706191
 20
-184.1960505969792
 10
1304.2023911999877
 20
-188.57654626963944
 10
1306.593123148602
 20
-193.5165585133376
 10
1305.9095042344684
 20
-203.56156399016376
 10
1298.5630260198584
 20
-198.83794320414884
 10
1286.7406706825989
 20
-178.5287404662608
 10
1279.0348769986877
 20
-183.04722577446717
 10
1273.9188063916527
 20
-182.99226249969865
 10
1265.0890301619734
 20
-177.31491434511915
  0
TEXT
  5
B0
330
17
100
AcDbEntity
  8
NEW_CATALOGUE_LABELS
100
AcDbText
 10
1265.0890301619734
 20
-207.56156399016376
 30
0.0
 40
2.5
  1
W0065
100
AcDbText
  0
LWPOLYLINE
  5
B1
330
17
100
AcDbEntity
  8
RECOVERED_OUTLINES
100
AcDbPolyline
 90
15
 70
1
 10
1378.8776243407299
 20
-184.1136588759717
 10
1403.4333093121156
 20
-184.1136588759717
 10
1403.2531921892191
 20
-193.6505468723641
 10
1406.6037838221043
 20
-198.63467857454677
 10
1416.0110853488186
 20
-203.56156399016376
 10
1415.7544542037624
 20
-193.83460135155707
 10
1403.9486812953119
 20
-172.42249570588436
 10
1412.1950076320356
 20
-167.76872037284699
 10
1414.92827976934
 20
-162.52052271610467
 10
1414.6467239878943
 20
-151.8488539823492
 10
1406.7039796440947
 20
-156.8671604798943
 10
1393.367514031622
 20
-178.44336413308528
 10
1385.44970043793
 20
-173.6429906042941
 10
1380.0595480755092
 20
-173.7013827935473
 10
1370.5131160088044
 20
-179.73291547231423
  0
TEXT
  5
B2
330
17
100
AcDbEntity
  8
NEW_CATALOGUE_LABELS
100
AcDbText
 10
1370.5131160088044
 20
-207.56156399016376
 30
0.0
 40
2.5
  1
W0066
100
AcDbText
  0
LWPOLYLINE
  5
B3
330
17
100
AcDbEntity
  8
RECOVERED_OUTLINES
100
AcDbPolyline
 90
15
 70
1
 10
1485.672457706282
 20
-171.01724769418806
 10
1514.1143248438082
 20
-171.01724769418806
 10
1514.0079792868976
 20
-161.39774122398973
 10
1517.942287037049
 20
-156.37043177298182
 10
1528.891225527216
 20
-151.40086453559982
 10
1528.4896646183925
 20
-161.21209227287108
 10
1514.5858794929827
 20
-182.80969191722411
 10
1524.0873605528943
 20
-187.5037831075513
 10
1527.1969167850746
 20
-192.79744612792126
 10
1526.7563553113023
 20
-203.56156399016376
 10
1517.6104104826372
 20
-198.49978368606102
 10
1502.394706813076
 20
-176.73666444604262
 10
1493.1723393410093
 20
-181.57862381864334
 10
1486.9297678017922
 20
-181.51972577532544
 10
1475.9372018556353
 20
-175.43594166770464
  0
TEXT
  5
B4
330
17
100
AcDbEntity
  8
NEW_CATALOGUE_LABELS
100
AcDbText
 10
1475.9372018556353
 20
-207.56156399016376
 30
0.0
 40
2.5
  1
W0067
100
AcDbText
  0
LWPOLYLINE
  5
B5
330
17
100
AcDbEntity
  8
RECOVERED_OUTLINES
100
AcDbPolyline
 90
15
 70
1
 10
1590.4264045024913
 20
-169.0724786875683
 10
1618.9647872243015
 20
-169.0724786875683
 10
1617.3272672873106
 20
-158.87813396075762
 10
1620.474897987214
 20
-153.55040475233062
 10
1630.6701519972112
 20
-148.28386829145416
 10
1631.828551751396
 20
-158.6813910808877
 10
1621.3145490292816
 20
-181.56961063022587
 10
1631.5952734450127
 20
-186.5442092670199
 10
1635.5577961560016
 20
-192.15420868480803
 10
1636.828702491023
 20
-203.5615639901638
 10
1626.846208078019
 20
-198.19730403449265
 10
1608.1155667664395
 20
-175.13367384194913
 10
1599.6324357239052
 20
-180.26497690312237
 10
1593.3593076115928
 20
-180.20255925631506
 10
1581.3612877024668
 20
-173.75522304122748
  0
TEXT
  5
B6
330
17
100
AcDbEntity
  8
NEW_CATALOGUE_LABELS
100
AcDbText
 10
1581.3612877024668
 20
-207.5615639901638
 30
0.0
 40
2.5
  1
W0068
100
AcDbText
  0
LWPOLYLINE
  5
B7
330
17
100
AcDbEntity
  8
RECOVERED_OUTLINES
100
AcDbPolyline
 90
15
 70
1
 10
1697.1402567791638
 20
-172.11368056042065
 10
1727.3793746108033
 20
-172.11368056042065
 10
1727.276004201217
 20
-162.8182596526579
 10
1731.4639889639325
 20
-157.9603225510543
 10
1743.1098030335374
 20
-153.15818230155134
 10
1742.6729789761216
 20
-162.6388652994155
 10
1727.868841765786
 20
-183.50883195659983
 10
1737.965993450201
 20
-188.04477707277505
 10
1741.2667082426983
 20
-193.16009417044975
 10
1740.7874587782073
 20
-203.56156399016376
 10
1731.0686803540973
 20
-198.67031737423537
 10
1714.913425767069
 20
-177.64040755209152
 10
1705.1034139026149
 20
-182.31923910400607
 10
1698.4664316296262
 20
-182.26232536264317
 10
1686.7853735492977
 20
-176.3835067176855
  0
TEXT
  5
B8
330
17
100
AcDbEntity
  8
NEW_CATALOGUE_LABELS
100
AcDbText
 10
1686.7853735492977
 20
-207.56156399016376
 30
0.0
 40
2.5
  1
W0069
100
AcDbText
  0
LWPOLYLINE
  5
B9
330
17
100
AcDbEntity
  8
RECOVERED_OUTLINES
100
AcDbPolyline
 90
15
 70
1
 10
1800.4488432517976
 20
-174.24060971443728
 10
1824.1442516725895
 20
-174.24060971443728
 10
1824.3359965134769
 20
-165.57387028127184
 10
1827.7602477893
 20
-161.0444922724563
 10
1837.026825721774
 20
-156.567137381598
 10
1836.4063479032368
 20
-165.4066089887752
 10
1824.1934424557699
 20
-184.86506759882215
 10
1831.972488840162
 20
-189.09423105415317
 10
1834.4088393362651
 20
-193.86358155946905
 10
1833.7280992139797
 20
-203.5615639901638
 10
1826.255971810942
 20
-199.00112930471542
 10
1814.213754356499
 20
-179.39354503929732
 10
1806.389331319405
 20
-183.75593102638618
 10
1801.1902541390125
 20
-183.70286655825143
 10
1792.2094593961288
 20
-178.22165275671895
  0
TEXT
  5
BA
330
17
100
AcDbEntity
  8
NEW_CATALOGUE_LABELS
100
AcDbText
 10
1792.2094593961288
 20
-207.5615639901638
 30
0.0
 40
2.5
  1
W0070
100
AcDbText
  0
LWPOLYLINE
  5
BB
330
17
100
AcDbEntity
  8
RECOVERED_OUTLINES
100
AcDbPolyline
 90
15
 70
1
 10
1904.57591485814
 20
-172.02203825331864
 10
1935.821802335067
 20
-172.02203825331864
 10
1927.5354158927357
 20
-187.488430270633
 10
1927.588056097148
 20
-195.5714165446715
 10
1935.395922583529
 20
-203.5615639901638
 10
1943.2871522784922
 20
-187.786919539755
 10
1946.354813471645
 20
-153.06196314335
 10
1960.7795743620368
 20
-145.51473036799487
 10
1968.691443050384
 20
-137.0034966852429
 10
1977.3490880250213
 20
-119.69678068127872
 10
1963.0026476242022
 20
-127.83518972869837
 10
1927.8041012896072
 20
-162.8262711036601
 10
1921.7846511046678
 20
-155.0412935665528
 10
1914.8766180094105
 20
-155.13599075604267
 10
1897.63354524296
 20
-164.9175934036087
  0
TEXT
  5
BC
330
17
100
AcDbEntity
  8
NEW_CATALOGUE_LABELS
100
AcDbText
 10
1897.63354524296
 20
-207.5615639901638
 30
0.0
 40
2.5
  1
W0071
100
AcDbText
  0
LWPOLYLINE
  5
BD
330
17
100
AcDbEntity
  8
RECOVERED_OUTLINES
100
AcDbPolyline
 90
15
 70
1
 10
2018.3528981583283
 20
-172.2292966886208
 10
2060.151229413394
 20
-172.2292966886208
 10
2062.14642929649
 20
-162.96804980016037
 10
2069.05271185017
 20
-158.12797259300672
 10
2086.2548214704293
 20
-153.3434871044025
 10
2083.470319207322
 20
-162.78931497876184
 10
2058.2067465638515
 20
-183.58255454091096
 10
2071.120303541686
 20
-188.101823545537
 10
2074.5061516591236
 20
-193.19833450769954
 10
2071.4512118136336
 20
-203.56156399016376
 10
2059.1423897770605
 20
-198.68829972898013
 10
2041.6488143777838
 20
-177.73570502266807
 10
2027.0126240434915
 20
-182.39733515020885
 10
2017.8516781227959
 20
-182.34063064856892
 10
2003.0576310897907
 20
-176.4834251036356
  0
TEXT
  5
BE
330
17
100
AcDbEntity
  8
NEW_CATALOGUE_LABELS
100
AcDbText
 10
2003.0576310897907
 20
-207.56156399016376
 30
0.0
 40
2.5
  1
W0072
100
AcDbText
  0
LWPOLYLINE
  5
BF
330
17
100
AcDbEntity
  8
RECOVERED_OUTLINES
100
AcDbPolyline
 90
15
 70
1
 10
2117.6203597733374
 20
-169.36135900772697
 10
2142.4496104971468
 20
-169.36135900772697
 10
2143.7499134144664
 20
-159.25240203598864
 10
2147.9125728573963
 20
-153.9692978475048
 10
2158.1905193066577
 20
-148.74687385657637
 10
2156.419057014131
 20
-159.0573070730068
 10
2141.1534339681752
 20
-181.7538150668409
 10
2148.768240481303
 20
-186.68674650271478
 10
2150.716176105785
 20
-192.2497566074004
 10
2148.772665118589
 20
-203.56156399016376
 10
2141.5214859054536
 20
-198.24223503570104
 10
2131.3902777174703
 20
-175.37178563689525
 10
2122.6380782095844
 20
-180.46010894206344
 10
2117.196952724834
 20
-180.39821410499823
 10
2108.4817169366224
 20
-174.00488072975537
  0
TEXT
  5
C0
330
17
100
AcDbEntity
  8
NEW_CATALOGUE_LABELS
100
AcDbText
 10
2108.4817169366224
 20
-207.56156399016376
 30
0.0
 40
2.5
  1
W0073
100
AcDbText
  0
LWPOLYLINE
  5
C1
330
17
100
AcDbEntity
  8
RECOVERED_OUTLINES
100
AcDbPolyline
 90
15
 70
1
 10
2222.4572985212285
 20
-175.07191520788024
 10
2246.762135841375
 20
-175.07191520788024
 10
2247.17694967562
 20
-166.65089452019893
 10
2250.803272393345
 20
-162.2499330965054
 10
2260.4208728209305
 20
-157.89951983523608
 10
2259.561951722968
 20
-166.4883754073048
 10
2246.545179538035
 20
-185.3951492602886
 10
2254.4178515048584
 20
-189.50440779097005
 10
2256.7968210442
 20
-194.13853802896654
 10
2255.854479455521
 20
-203.5615639901638
 10
2248.3049581355144
 20
-199.13042640640077
 10
2236.4465364818307
 20
-180.07875489742673
 10
2228.311075847792
 20
-184.31745884465138
 10
2222.979617739343
 20
-184.26589885633177
 10
2213.9058027834526
 20
-178.94008801682776
  0
TEXT
  5
C2
330
17
100
AcDbEntity
  8
NEW_CATALOGUE_LABELS
100
AcDbText
 10
2213.9058027834526
 20
-207.5615639901638
 30
0.0
 40
2.5
  1
W0074
100
AcDbText
  0
LWPOLYLINE
  5
C3
330
17
100
AcDbEntity
  8
RECOVERED_OUTLINES
100
AcDbPolyline
 90
15
 70
1
 10
2329.6249108582006
 20
-184.09936420888155
 10
2360.425292086239
 20
-184.09936420888155
 10
2359.7712758693056
 20
-193.6432620419728
 10
2363.7502194631356
 20
-198.63105719803383
 10
2375.3287097316656
 20
-203.56156399016382
 10
2375.443441408374
 20
-193.82745180553144
 10
2361.5965225908967
 20
-172.39960775923882
 10
2372.1488517346443
 20
-167.74241179201448
 10
2375.8127978950715
 20
-162.4903565867143
 10
2375.9386725892177
 20
-151.81084392576204
 10
2365.7507654774263
 20
-156.83283899646284
 10
2348.0542184492265
 20
-178.4249016661639
 10
2338.338325257514
 20
-173.6209997500683
 10
2331.5747952941306
 20
-173.67943485895222
 10
2319.329888630284
 20
-179.71540085591872
  0
TEXT
  5
C4
330
17
100
AcDbEntity
  8
NEW_CATALOGUE_LABELS
100
AcDbText
 10
2319.329888630284
 20
-207.56156399016382
 30
0.0
 40
2.5
  1
W0075
100
AcDbText
  0
LWPOLYLINE
  5
C5
330
17
100
AcDbEntity
  8
RECOVERED_OUTLINES
100
AcDbPolyline
 90
15
 70
1
 10
2432.184174239724
 20
-179.06065811392347
 10
2464.6778127636535
 20
-179.06065811392347
 10
2456.518997048469
 20
-191.0754429341837
 10
2456.813344947854
 20
-197.3545635383279
 10
2465.1698587794917
 20
-203.5615639901638
 10
2472.9086002495333
 20
-191.3073188840266
 10
2475.069404330525
 20
-164.33186924272295
 10
2489.846469213697
 20
-158.4689389818842
 10
2497.821984615839
 20
-151.8571421815227
 10
2506.312331341
 20
-138.41273520540295
 10
2491.6342389000392
 20
-144.73490998117109
 10
2456.067346559935
 20
-171.91709396291276
 10
2449.576748267448
 20
-165.86947601593502
 10
2442.3956618198326
 20
-165.9430398020805
 10
2424.753974477115
 20
-173.54169958493273
  0
TEXT
  5
C6
330
17
100
AcDbEntity
  8
NEW_CATALOGUE_LABELS
100
AcDbText
 10
2424.753974477115
 20
-207.5615639901638
 30
0.0
 40
2.5
  1
W0076
100
AcDbText
  0
LWPOLYLINE
  5
C7
330
17
100
AcDbEntity
  8
RECOVERED_OUTLINES
100
AcDbPolyline
 90
15
 70
1
 10
2538.3718787335943
 20
-188.5737161248625
 10
2564.4604496390243
 20
-188.5737161248625
 10
2562.7607670470047
 20
-195.92347567783563
 10
2565.53224572375
 20
-199.7645787300315
 10
2574.747577620843
 20
-203.5615639901638
 10
2576.0133095394253
 20
-196.06532028870117
 10
2566.8570281529005
 20
-179.56372898574332
 10
2576.3541557381686
 20
-175.97722050160044
 10
2580.088089129157
 20
-171.9326106793896
 10
2581.476751987513
 20
-163.70831369155118
 10
2572.244504462041
 20
-167.57575411174182
 10
2554.6630926715984
 20
-184.20381024251736
 10
2547.0102211394333
 20
-180.50432344824875
 10
2541.274353999032
 20
-180.54932434906092
 10
2530.1780603239467
 20
-185.19762418666053
  0
TEXT
  5
C8
330
17
100
AcDbEntity
  8
NEW_CATALOGUE_LABELS
100
AcDbText
 10
2530.1780603239467
 20
-207.5615639901638
 30
0.0
 40
2.5
  1
W0077
100
AcDbText
  0
LWPOLYLINE
  5
C9
330
17
100
AcDbEntity
  8
RECOVERED_OUTLINES
100
AcDbPolyline
 90
15
 70
1
 10
2646.1981967036368
 20
-173.58808446597624
 10
2673.0070841877946
 20
-173.58808446597624
 10
2675.9976235263734
 20
-164.72847046778836
 10
2681.3213354810155
 20
-160.09829309607406
 10
2693.2383828912557
 20
-155.52129659447107
 10
2689.7074976810513
 20
-164.55748684704076
 10
2669.6626135368806
 20
-184.44898509896947
 10
2677.110343496144
 20
-188.77226677120845
 10
2678.340494307741
 20
-193.6477571243006
 10
2674.4666810013487
 20
-203.5615639901638
 10
2667.472214010429
 20
-198.8996387888124
 10
2660.122676409775
 20
-178.8556961540794
 10
2649.87407038582
 20
-183.31516516832144
 10
2644.0088379993704
 20
-183.2609197732316
 10
2635.602146170778
 20
-177.6577239119039
  0
TEXT
  5
CA
330
17
100
AcDbEntity
  8
NEW_CATALOGUE_LABELS
100
AcDbText
 10
2635.602146170778
 20
-207.5615639901638
 30
0.0
 40
2.5
  1
W0078
100
AcDbText
  0
LWPOLYLINE
  5
CB
330
17
100
AcDbEntity
  8
RECOVERED_OUTLINES
100
AcDbPolyline
 90
15
 70
1
 10
8.61321312006974
 20
-276.5563000212216
 10
32.60315590888982
 20
-276.5563000212216
 10
33.38815207794196
 20
-268.0476697312499
 10
37.16376398779103
 20
-263.6009221143709
 10
46.85077602950114
 20
-259.2052485468093
 10
45.61994144933293
 20
-267.88345982155414
 10
31.928619811800118
 20
-286.9869336945577
 10
39.51603033740726
 20
-291.13894363494745
 10
41.657507104448484
 20
-295.8212858797979
 10
40.3071308982654
 20
-305.3423459852457
 10
33.053039274741835
 20
-300.8651082651922
 10
22.197913245728653
 20
-281.6152292673909
 10
13.978820288749889
 20
-285.89803133298096
 10
8.718736231725776
 20
-285.8459349310557
 10
5.898059818321144e-14
 20
-280.46471606123947
  0
TEXT
  5
CC
330
17
100
AcDbEntity
  8
NEW_CATALOGUE_LABELS
100
AcDbText
 10
5.898059818321144e-14
 20
-309.3423459852457
 30
0.0
 40
2.5
  1
W0079
100
AcDbText
  0
LWPOLYLINE
  5
CD
330
17
100
AcDbEntity
  8
RECOVERED_OUTLINES
100
AcDbPolyline
 90
15
 70
1
 10
113.38445905789563
 20
-291.01111389354645
 10
138.81513156015018
 20
-291.01111389354645
 10
137.09993616613787
 20
-298.03888138348043
 10
139.77101621378148
 20
-301.7117061828699
 10
148.72379958012004
 20
-305.3423459852457
 10
150.0171510607914
 20
-298.17451179937063
 10
141.22283493510517
 20
-282.39585318404306
 10
150.50895082338926
 20
-278.96646919595923
 10
154.18084649931163
 20
-275.0990532331469
 10
155.59981139830853
 20
-267.2350616859249
 10
146.5696645653358
 20
-270.93307001645303
 10
129.29955096143416
 20
-286.83265305102896
 10
121.86905164694771
 20
-283.2952403187058
 10
116.27747348741897
 20
-283.3382697355821
 10
105.42408584683109
 20
-287.7829281283773
  0
TEXT
  5
CE
330
17
100
AcDbEntity
  8
NEW_CATALOGUE_LABELS
100
AcDbText
 10
105.42408584683109
 20
-309.3423459852457
 30
0.0
 40
2.5
  1
W0080
100
AcDbText
  0
LWPOLYLINE
  5
CF
330
17
100
AcDbEntity
  8
RECOVERED_OUTLINES
100
AcDbPolyline
 90
15
 70
1
 10
219.01811008852684
 20
-280.54835652912845
 10
242.91052721744117
 20
-280.54835652912845
 10
242.80354997721304
 20
-292.70686404129077
 10
246.09932106950427
 20
-299.06109644556335
 10
255.28779585908921
 20
-305.3423459852457
 10
254.96846098795288
 20
-292.94151372667676
 10
243.3282813264501
 20
-265.6433796348635
 10
251.31855160297405
 20
-259.71031610637755
 10
253.9404240110128
 20
-253.01942798239497
 10
253.5900745662255
 20
-239.4141969556957
 10
245.89779598693673
 20
-245.81199855217204
 10
233.07602301130495
 20
-273.31933997219306
 10
225.33770964708452
 20
-267.19937949524603
 10
220.09356745572967
 20
-267.2738232626421
 10
210.84817169366227
 20
-274.96337937490654
  0
TEXT
  5
D0
330
17
100
AcDbEntity
  8
NEW_CATALOGUE_LABELS
100
AcDbText
 10
210.84817169366227
 20
-309.3423459852457
 30
0.0
 40
2.5
  1
W0081
100
AcDbText
  0
LWPOLYLINE
  5
D1
330
17
100
AcDbEntity
  8
RECOVERED_OUTLINES
100
AcDbPolyline
 90
15
 70
1
 10
333.3314582479897
 20
-283.06647696540784
 10
367.96459748040894
 20
-283.06647696540784
 10
379.16587303415906
 20
-293.990145433405
 10
389.87825103861115
 20
-299.6990310086654
 10
409.064201783335
 20
-305.3423459852457
 10
397.01863029281657
 20
-294.20096369104994
 10
354.6485373619034
 20
-269.67527529421255
 10
360.6891688142885
 20
-264.34478395554174
 10
358.2402380158737
 20
-258.33343399751976
 10
345.0247715407197
 20
-246.10997375640835
 10
339.8501692726811
 20
-251.85800356138404
 10
346.9569602632705
 20
-276.5716518284712
 10
330.0237320285845
 20
-271.073245118557
 10
322.4916430432646
 20
-271.14012824822817
 10
316.2722575404934
 20
-278.04871974701314
  0
TEXT
  5
D2
330
17
100
AcDbEntity
  8
NEW_CATALOGUE_LABELS
100
AcDbText
 10
316.2722575404934
 20
-309.3423459852457
 30
0.0
 40
2.5
  1
W0082
100
AcDbText
  0
LWPOLYLINE
  5
D3
330
17
100
AcDbEntity
  8
RECOVERED_OUTLINES
100
AcDbPolyline
 90
15
 70
1
 10
428.77915741024566
 20
-268.4512153319562
 10
450.00528559889295
 20
-268.4512153319562
 10
449.5284110603939
 20
-257.54686979939584
 10
452.2568351629108
 20
-251.84808270228964
 10
460.2226550924514
 20
-246.21475021568162
 10
460.32840224110913
 20
-257.33642445929166
 10
450.84450799083953
 20
-281.8187292350658
 10
458.129425825972
 20
-287.13979143916646
 10
460.6688347740152
 20
-293.1405078881737
 10
460.7848523410546
 20
-305.34234598524574
 10
453.7500766311942
 20
-299.604483900861
 10
441.49529473470585
 20
-274.93455173805455
 10
434.8127393263763
 20
-280.4232322870026
 10
430.15148250698047
 20
-280.3564674672563
 10
421.69634338732436
 20
-273.4600966128347
  0
TEXT
  5
D4
330
17
100
AcDbEntity
  8
NEW_CATALOGUE_LABELS
100
AcDbText
 10
421.69634338732436
 20
-309.34234598524574
 30
0.0
 40
2.5
  1
W0083
100
AcDbText
  0
LWPOLYLINE
  5
D5
330
17
100
AcDbEntity
  8
RECOVERED_OUTLINES
100
AcDbPolyline
 90
15
 70
1
 10
534.9591839093588
 20
-286.924898374241
 10
556.1541942436104
 20
-286.924898374241
 10
557.3463082196218
 20
-295.95646933338764
 10
560.9426073976848
 20
-300.67651419026583
 10
569.7586101915516
 20
-305.34234598524574
 10
568.1626631157012
 20
-296.1307715889881
 10
554.9470491975071
 20
-275.85319764696527
 10
561.4072015272584
 20
-271.44600505288713
 10
563.0248195680305
 20
-266.4758859152371
 10
561.273870259098
 20
-256.3696611742232
 10
555.1272608395672
 20
-261.12207005691846
 10
546.6647735610055
 20
-281.55504718703753
 10
539.1522847468458
 20
-277.0090239798774
 10
534.5080759623203
 20
-277.06432222820524
 10
527.1204292341557
 20
-282.77627096885334
  0
TEXT
  5
D6
330
17
100
AcDbEntity
  8
NEW_CATALOGUE_LABELS
100
AcDbText
 10
527.1204292341557
 20
-309.34234598524574
 30
0.0
 40
2.5
  1
W0084
100
AcDbText
  0
LWPOLYLINE
  5
D7
330
17
100
AcDbEntity
  8
RECOVERED_OUTLINES
100
AcDbPolyline
 90
15
 70
1
 10
643.7962955606911
 20
-289.2996052256581
 10
672.566845402796
 20
-289.2996052256581
 10
675.5158279140564
 20
-297.16666447347893
 10
681.093007770181
 20
-301.27811670138027
 10
693.7475341911754
 20
-305.34234598524574
 10
690.2238570830488
 20
-297.3184925638566
 10
669.2968507738086
 20
-279.65546623924985
 10
677.4166063897344
 20
-275.81652776320806
 10
678.8800588030109
 20
-271.4872453048752
 10
675.0141536669724
 20
-262.6840958673093
 10
667.3708746080322
 20
-266.82373917179666
 10
658.8944717630642
 20
-284.62213132518156
 10
648.0270159832522
 20
-280.6622627625061
 10
641.731018025652
 20
-280.710430971322
 10
632.5445150809866
 20
-285.6858930882072
  0
TEXT
  5
D8
330
17
100
AcDbEntity
  8
NEW_CATALOGUE_LABELS
100
AcDbText
 10
632.5445150809866
 20
-309.34234598524574
 30
0.0
 40
2.5
  1
W0085
100
AcDbText
  0
LWPOLYLINE
  5
D9
330
17
100
AcDbEntity
  8
RECOVERED_OUTLINES
100
AcDbPolyline
 90
15
 70
1
 10
745.9359939868506
 20
-273.0226615467845
 10
769.4128857492337
 20
-273.0226615467845
 10
769.1761524218695
 20
-263.4695521576347
 10
772.3458201044713
 20
-258.4769428935968
 10
781.3064984747826
 20
-253.5416772869335
 10
781.1269570850214
 20
-263.2851846182488
 10
769.9847217625036
 20
-284.7337103388529
 10
777.9002548954164
 20
-289.3954013271345
 10
780.5489582372638
 20
-294.65252569828203
 10
780.3519793542645
 20
-305.3423459852457
 10
772.7242245732078
 20
-300.3155037975778
 10
759.8276730292498
 20
-278.70260095343434
 10
752.2901896140405
 20
-283.5111394878775
 10
747.1364451497815
 20
-283.45264797873756
 10
737.9686009278176
 20
-277.41085620281564
  0
TEXT
  5
DA
330
17
100
AcDbEntity
  8
NEW_CATALOGUE_LABELS
100
AcDbText
 10
737.9686009278176
 20
-309.3423459852457
 30
0.0
 40
2.5
  1
W0086
100
AcDbText
  0
LWPOLYLINE
  5
DB
330
17
100
AcDbEntity
  8
RECOVERED_OUTLINES
100
AcDbPolyline
 90
15
 70
1
 10
852.6670126332122
 20
-271.25697905268885
 10
876.6707987266561
 20
-271.25697905268885
 10
878.8846715727816
 20
-261.1819661144893
 10
883.4089794808399
 20
-255.91660162618064
 10
893.8395243911136
 20
-250.7117135823927
 10
891.1510867115428
 20
-260.98752624480596
 10
874.244784929521
 20
-283.6078235048612
 10
881.1395368280631
 20
-288.5241910567882
 10
882.4961805468521
 20
-294.0685215882896
 10
879.5466353091791
 20
-305.3423459852457
 10
873.039993695724
 20
-300.04087836711454
 10
865.4102617812171
 20
-277.2472237655969
 10
856.4674318121281
 20
-282.3184614092661
 10
851.2130583561329
 20
-282.2567744037735
 10
843.3926867746488
 20
-275.8849086757983
  0
TEXT
  5
DC
330
17
100
AcDbEntity
  8
NEW_CATALOGUE_LABELS
100
AcDbText
 10
843.3926867746488
 20
-309.3423459852457
 30
0.0
 40
2.5
  1
W0087
100
AcDbText
  0
LWPOLYLINE
  5
DD
330
17
100
AcDbEntity
  8
RECOVERED_OUTLINES
100
AcDbPolyline
 90
15
 70
1
 10
955.4837706831888
 20
-289.6995833639588
 10
977.2894962467047
 20
-289.6995833639588
 10
975.4733309189861
 20
-297.3705008328279
 10
977.5831271767938
 20
-301.3794461990607
 10
985.0812918692876
 20
-305.3423459852457
 10
986.5426290285737
 20
-297.51854354028137
 10
979.7774928883734
 20
-280.2958923667754
 10
987.9085195646854
 20
-276.5526664306113
 10
991.2471219333959
 20
-272.33132178439007
 10
992.8503876856804
 20
-263.74765275706005
 10
984.9256391096309
 20
-267.7840863390334
 10
969.3356855049772
 20
-285.1387283960387
 10
963.1382322889735
 20
-281.2775874061235
 10
958.3415754669892
 20
-281.32455468357887
 10
948.81677262148
 20
-286.1759684159316
  0
TEXT
  5
DE
330
17
100
AcDbEntity
  8
NEW_CATALOGUE_LABELS
100
AcDbText
 10
948.81677262148
 20
-309.3423459852457
 30
0.0
 40
2.5
  1
W0088
100
AcDbText
  0
LWPOLYLINE
  5
DF
330
17
100
AcDbEntity
  8
RECOVERED_OUTLINES
100
AcDbPolyline
 90
15
 70
1
 10
1062.8440548104272
 20
-273.11605448673834
 10
1086.6042781311864
 20
-273.11605448673834
 10
1087.5395038917154
 20
-263.5905503476723
 10
1091.361402676608
 20
-258.612368033195
 10
1101.037149160703
 20
-253.69136367234728
 10
1099.6572102243356
 20
-263.40671556802204
 10
1085.74282157625
 20
-284.7932623148358
 10
1093.1806011325814
 20
-289.4414825952773
 10
1095.2147631860362
 20
-294.68341565780736
 10
1093.7008012485994
 20
-305.34234598524563
 10
1086.5991784337757
 20
-300.33002966869145
 10
1076.2048820730677
 20
-278.7795807925437
 10
1067.9850909741945
 20
-283.5742242794821
 10
1062.7763415243658
 20
-283.51590179099
 10
1054.2408584683112
 20
-277.49156874668455
  0
TEXT
  5
E0
330
17
100
AcDbEntity
  8
NEW_CATALOGUE_LABELS
100
AcDbText
 10
1054.2408584683112
 20
-309.34234598524563
 30
0.0
 40
2.5
  1
W0089
100
AcDbText
  0
LWPOLYLINE
  5
E1
330
17
100
AcDbEntity
  8
RECOVERED_OUTLINES
100
AcDbPolyline
 90
15
 70
1
 10
1170.2962368306025
 20
-267.57300116510254
 10
1198.264322251365
 20
-267.57300116510254
 10
1200.463464017099
 20
-256.40907153855056
 10
1205.5361935716035
 20
-250.5746216012459
 10
1217.4928765400346
 20
-244.8071844583498
 10
1214.7483748276768
 20
-256.19361642846235
 10
1195.9039226022933
 20
-281.25873627416144
 10
1204.1229702312817
 20
-286.7064693643965
 10
1205.9129813313757
 20
-292.850036252072
 10
1202.9019269866967
 20
-305.3423459852457
 10
1195.1205486837907
 20
-299.4678908585572
 10
1185.3702208427333
 20
-274.2106770500806
 10
1175.141907863378
 20
-279.8300187343763
 10
1169.0174295694374
 20
-279.76166454044966
 10
1159.664944315142
 20
-272.7011216892099
  0
TEXT
  5
E2
330
17
100
AcDbEntity
  8
NEW_CATALOGUE_LABELS
100
AcDbText
 10
1159.664944315142
 20
-309.3423459852457
 30
0.0
 40
2.5
  1
W0090
100
AcDbText
  0
LWPOLYLINE
  5
E3
330
17
100
AcDbEntity
  8
RECOVERED_OUTLINES
100
AcDbPolyline
 90
15
 70
1
 10
1273.2775553815322
 20
-273.4485191856071
 10
1297.4605354114885
 20
-273.4485191856071
 10
1297.176420147469
 20
-264.0212855492241
 10
1300.4203768296509
 20
-259.0944609866673
 10
1309.629755641013
 20
-254.22422449754427
 10
1309.4858787978667
 20
-263.83934731341475
 10
1298.0989265952514
 20
-285.0052583155183
 10
1306.2721732710218
 20
-289.6055249195065
 10
1309.022695073667
 20
-294.7933792278242
 10
1308.8648445641543
 20
-305.3423459852457
 10
1300.9864924837423
 20
-300.38173956633506
 10
1287.6109772863244
 20
-279.05361734221384
 10
1279.8670631796338
 20
-283.7987965678629
 10
1274.5580687810932
 20
-283.74107576723725
 10
1265.0890301619731
 20
-277.778893159061
  0
TEXT
  5
E4
330
17
100
AcDbEntity
  8
NEW_CATALOGUE_LABELS
100
AcDbText
 10
1265.0890301619731
 20
-309.3423459852457
 30
0.0
 40
2.5
  1
W0091
100
AcDbText
  0
LWPOLYLINE
  5
E5
330
17
100
AcDbEntity
  8
RECOVERED_OUTLINES
100
AcDbPolyline
 90
15
 70
1
 10
1380.7403343656395
 20
-284.34179715673747
 10
1410.9291656781663
 20
-284.34179715673747
 10
1410.5855279655123
 20
-294.64007251669375
 10
1414.640890855034
 20
-300.0221175526407
 10
1426.143124225414
 20
-305.3423459852457
 10
1425.9522578601043
 20
-294.83882117649557
 10
1411.7125705696099
 20
-271.71725782595325
 10
1421.910259702986
 20
-266.6919435031762
 10
1425.3378004396088
 20
-261.02475053278005
 10
1425.128396672094
 20
-249.5010980360722
 10
1415.2992612028413
 20
-254.92004624768245
 10
1398.6269038475834
 20
-278.21880854069764
 10
1388.9542302583181
 20
-273.03519220286955
 10
1382.3268128836019
 20
-273.0982461932306
 10
1370.5131160088044
 20
-279.61131255114674
  0
TEXT
  5
E6
330
17
100
AcDbEntity
  8
NEW_CATALOGUE_LABELS
100
AcDbText
 10
1370.5131160088044
 20
-309.3423459852457
 30
0.0
 40
2.5
  1
W0092
100
AcDbText
  0
LWPOLYLINE
  5
E7
330
17
100
AcDbEntity
  8
RECOVERED_OUTLINES
100
AcDbPolyline
 90
15
 70
1
 10
1487.2722507575531
 20
-287.4201520825399
 10
1515.211330752689
 20
-287.4201520825399
 10
1518.9642737809781
 20
-296.2088599097393
 10
1524.8449760287106
 20
-300.8019805712524
 10
1537.5931518459788
 20
-305.34234598524563
 10
1533.2644010163722
 20
-296.37847509684497
 10
1510.9457957559869
 20
-276.64617452289144
 10
1518.3969883666578
 20
-272.3574933817304
 10
1519.3288232920806
 20
-267.5210230528401
 10
1514.5796537310523
 20
-257.68655938239397
 10
1507.6251551047574
 20
-262.3111737860594
 10
1501.405410639557
 20
-282.1946986843051
 10
1490.4044545900786
 20
-277.7709201496377
 10
1484.295855467059
 20
-277.82473140242064
 10
1475.9372018556353
 20
-283.3830831922226
  0
TEXT
  5
E8
330
17
100
AcDbEntity
  8
NEW_CATALOGUE_LABELS
100
AcDbText
 10
1475.9372018556353
 20
-309.34234598524563
 30
0.0
 40
2.5
  1
W0093
100
AcDbText
  0
LWPOLYLINE
  5
E9
330
17
100
AcDbEntity
  8
RECOVERED_OUTLINES
100
AcDbPolyline
 90
15
 70
1
 10
1589.478064426889
 20
-285.8079091513034
 10
1612.8277064496149
 20
-285.8079091513034
 10
1613.0114785925662
 20
-295.3872306804875
 10
1616.38305836145
 20
-300.3935388322733
 10
1625.5117438790694
 20
-305.3423459852457
 10
1624.9055980191795
 20
-295.5721040936746
 10
1612.8825230812856
 20
-274.0647271931232
 10
1620.5505817835337
 20
-269.39024530169127
 10
1622.9542284265992
 20
-264.11869625742617
 10
1622.2892122173862
 20
-253.39954488516992
 10
1614.9233961005993
 20
-258.4401798900229
 10
1603.0451929193032
 20
-280.1123849375454
 10
1595.3375495447594
 20
-275.29065257475906
 10
1590.2143062727594
 20
-275.3493045748517
 10
1581.3612877024666
 20
-281.4076740204766
  0
TEXT
  5
EA
330
17
100
AcDbEntity
  8
NEW_CATALOGUE_LABELS
100
AcDbText
 10
1581.3612877024666
 20
-309.3423459852457
 30
0.0
 40
2.5
  1
W0094
100
AcDbText
  0
LWPOLYLINE
  5
EB
330
17
100
AcDbEntity
  8
RECOVERED_OUTLINES
100
AcDbPolyline
 90
15
 70
1
 10
1697.1886015974821
 20
-286.8441716703058
 10
1725.8298296994096
 20
-286.8441716703058
 10
1727.0283603238563
 20
-295.9153294913395
 10
1731.6725842225158
 20
-300.65606308162796
 10
1743.3727702008007
 20
-305.3423459852457
 10
1741.6367513316607
 20
-296.09039574241206
 10
1724.704142912353
 20
-275.72394185661443
 10
1733.6351114337313
 20
-271.2974318120816
 10
1736.0479736833215
 20
-266.3055278242925
 10
1734.1433484703614
 20
-256.15500583700435
 10
1725.620313426041
 20
-260.9282453099613
 10
1713.2517877413432
 20
-281.45078354160415
 10
1703.3075948051965
 20
-276.88483436656406
 10
1697.029260489492
 20
-276.9403749962151
 10
1686.785373549298
 20
-282.67736014823885
  0
TEXT
  5
EC
330
17
100
AcDbEntity
  8
NEW_CATALOGUE_LABELS
100
AcDbText
 10
1686.785373549298
 20
-309.3423459852457
 30
0.0
 40
2.5
  1
W0095
100
AcDbText
  0
LWPOLYLINE
  5
ED
330
17
100
AcDbEntity
  8
RECOVERED_OUTLINES
100
AcDbPolyline
 90
15
 70
1
 10
1800.7183866844725
 20
-285.3362712757157
 10
1824.4384131958777
 20
-285.3362712757157
 10
1825.1985182753062
 20
-295.14687517531075
 10
1828.9232572698215
 20
-300.27405522943576
 10
1838.4929822905758
 20
-305.3423459852457
 10
1837.2923750907214
 20
-295.3362121573527
 10
1823.7911529056016
 20
-273.3095628745427
 10
1831.3010321300605
 20
-268.5222206673776
 10
1833.4272519620167
 20
-263.1233957659466
 10
1832.1100388923012
 20
-252.14544206300184
 10
1824.9291144988617
 20
-257.3077777549803
 10
1814.1597903368097
 20
-279.5032347823169
 10
1806.0412554807342
 20
-274.5650869002314
 10
1800.840255495166
 20
-274.6251549895085
 10
1792.2094593961288
 20
-280.82979722093967
  0
TEXT
  5
EE
330
17
100
AcDbEntity
  8
NEW_CATALOGUE_LABELS
100
AcDbText
 10
1792.2094593961288
 20
-309.3423459852457
 30
0.0
 40
2.5
  1
W0096
100
AcDbText
  0
LWPOLYLINE
  5
EF
330
17
100
AcDbEntity
  8
RECOVERED_OUTLINES
100
AcDbPolyline
 90
15
 70
1
 10
1905.7114415851738
 20
-286.0455445137768
 10
1932.0725437752121
 20
-286.0455445137768
 10
1929.9164008233308
 20
-295.50833411715274
 10
1932.4875572121248
 20
-300.45374080234313
 10
1941.5725151770425
 20
-305.3423459852457
 10
1943.2989178316168
 20
-295.6909585553155
 10
1935.0319611514674
 20
-274.445217725927
 10
1944.842376953562
 20
-269.8276006526666
 10
1948.856737933364
 20
-264.6201797160393
 10
1950.7508129817832
 20
-254.03142623768733
 10
1941.1912755405997
 20
-259.0107421916428
 10
1922.4336781317884
 20
-280.4193060425522
 10
1914.921682943506
 20
-275.6562297919189
 10
1909.1232106307957
 20
-275.714168293618
 10
1897.63354524296
 20
-281.69883800418285
  0
TEXT
  5
F0
330
17
100
AcDbEntity
  8
NEW_CATALOGUE_LABELS
100
AcDbText
 10
1897.63354524296
 20
-309.3423459852457
 30
0.0
 40
2.5
  1
W0097
100
AcDbText
  0
LWPOLYLINE
  5
F1
330
17
100
AcDbEntity
  8
RECOVERED_OUTLINES
100
AcDbPolyline
 90
15
 70
1
 10
2011.1784524766922
 20
-273.8906207354174
 10
2034.05323802593
 20
-273.8906207354174
 10
2034.6014338280795
 20
-264.59406425569074
 10
2038.0968534105032
 20
-259.73553368583777
 10
2047.230087833809
 20
-254.93280678448892
 10
2046.2607704140826
 20
-264.4146479867977
 10
2033.6556154658658
 20
-285.28716421642815
 10
2040.9880767253262
 20
-289.82366346481047
 10
2043.1402400870154
 20
-294.9396054734751
 10
2042.0767802192743
 20
-305.3423459852457
 10
2035.0544872267117
 20
-300.4505018318222
 10
2024.2507738514842
 20
-279.41802289782936
 10
2016.5145660046267
 20
-284.09742603762436
 10
2011.4977671566571
 20
-284.0405053434134
 10
2003.0576310897911
 20
-278.1609685145564
  0
TEXT
  5
F2
330
17
100
AcDbEntity
  8
NEW_CATALOGUE_LABELS
100
AcDbText
 10
2003.0576310897911
 20
-309.3423459852457
 30
0.0
 40
2.5
  1
W0098
100
AcDbText
  0
LWPOLYLINE
  5
F3
330
17
100
AcDbEntity
  8
RECOVERED_OUTLINES
100
AcDbPolyline
 90
15
 70
1
 10
2113.9315339625473
 20
-289.410005607124
 10
2132.8192171604273
 20
-289.410005607124
 10
2130.5385581878177
 20
-297.2229265780138
 10
2131.996253370906
 20
-301.3060852679754
 10
2138.1254925316375
 20
-305.34234598524563
 10
2140.1129079060674
 20
-297.3737098419902
 10
2135.8416266587287
 20
-279.83223412231445
 10
2143.229818570935
 20
-276.01971384242324
 10
2146.511008076537
 20
-271.7202239514601
 10
2148.691446030325
 20
-262.9776546273906
 10
2141.454883851315
 20
-267.0888103930715
 10
2126.350459359021
 20
-284.7647204024973
 10
2121.3384846548934
 20
-280.8321022334065
 10
2117.179384423847
 20
-280.879938965905
 10
2108.4817169366224
 20
-285.8211617390331
  0
TEXT
  5
F4
330
17
100
AcDbEntity
  8
NEW_CATALOGUE_LABELS
100
AcDbText
 10
2108.4817169366224
 20
-309.34234598524563
 30
0.0
 40
2.5
  1
W0099
100
AcDbText
  0
LWPOLYLINE
  5
F5
330
17
100
AcDbEntity
  8
RECOVERED_OUTLINES
100
AcDbPolyline
 90
15
 70
1
 10
2219.3313908471955
 20
-265.0670971405239
 10
2243.48484897546
 20
-265.0670971405239
 10
2237.207922317468
 20
-253.16246797802532
 10
2237.3157975769254
 20
-246.94091649980908
 10
2243.417787179896
 20
-240.79082395167072
 10
2249.386690660588
 20
-252.93271794622058
 10
2251.4694057491097
 20
-279.6608474363016
 10
2262.5571939450156
 20
-285.470024346668
 10
2268.602423249092
 20
-292.0212019319186
 10
2275.1510410464807
 20
-305.34234598524574
 10
2264.1287092663824
 20
-299.0781350707808
 10
2237.2106338538383
 20
-272.1451666514234
 10
2232.4928175289374
 20
-278.1373379680364
 10
2227.1536094609437
 20
-278.06444863985007
 10
2213.905802783453
 20
-270.5354559695603
  0
TEXT
  5
F6
330
17
100
AcDbEntity
  8
NEW_CATALOGUE_LABELS
100
AcDbText
 10
2213.905802783453
 20
-309.34234598524574
 30
0.0
 40
2.5
  1
W0100
100
AcDbText
  0
LWPOLYLINE
  5
F7
330
17
100
AcDbEntity
  8
RECOVERED_OUTLINES
100
AcDbPolyline
 90
15
 70
1
 10
2329.8247410898894
 20
-275.1891025255704
 10
2359.691237305259
 20
-275.1891025255704
 10
2360.1716352942394
 20
-266.2763535859443
 10
2364.6124346974007
 20
-261.61840703562416
 10
2376.415667792293
 20
-257.0139603041212
 10
2375.3901224937963
 20
-266.10434450238574
 10
2359.460599435302
 20
-286.1151406825255
 10
2369.149085370507
 20
-290.46435094697205
 10
2372.0885773646028
 20
-295.369081726842
 10
2370.963428630755
 20
-305.3423459852457
 10
2361.670918306573
 20
-300.652461199807
 10
2347.0325695499173
 20
-280.4883063618895
 10
2337.050244082838
 20
-284.97452074279937
 10
2330.49861252459
 20
-284.91995001458645
 10
2319.329888630284
 20
-279.2831493614451
  0
TEXT
  5
F8
330
17
100
AcDbEntity
  8
NEW_CATALOGUE_LABELS
100
AcDbText
 10
2319.329888630284
 20
-309.3423459852457
 30
0.0
 40
2.5
  1
W0101
100
AcDbText
  0
LWPOLYLINE
  5
F9
330
17
100
AcDbEntity
  8
RECOVERED_OUTLINES
100
AcDbPolyline
 90
15
 70
1
 10
2434.3749191698525
 20
-287.38268763631777
 10
2460.188104812859
 20
-287.38268763631777
 10
2461.801514367966
 20
-296.1897673254411
 10
2466.2658368815596
 20
-300.7924894187292
 10
2477.0862131792287
 20
-305.3423459852457
 10
2474.97775974395
 20
-296.3597370751127
 10
2458.5198976174806
 20
-276.5861882188503
 10
2466.3088201596934
 20
-272.2885420444545
 10
2468.190000900357
 20
-267.44196158710986
 10
2465.8767693770305
 20
-257.5869400130216
 10
2458.4758823535344
 20
-262.221221682791
 10
2448.534987102059
 20
-282.14631098176244
 10
2439.3042901031467
 20
-277.7132850070824
 10
2433.649144980535
 20
-277.7672087465841
 10
2424.753974477115
 20
-283.33717968149983
  0
TEXT
  5
FA
330
17
100
AcDbEntity
  8
NEW_CATALOGUE_LABELS
100
AcDbText
 10
2424.753974477115
 20
-309.3423459852457
 30
0.0
 40
2.5
  1
W0102
100
AcDbText
  0
LWPOLYLINE
  5
FB
330
17
100
AcDbEntity
  8
RECOVERED_OUTLINES
100
AcDbPolyline
 90
15
 70
1
 10
2538.1566257567415
 20
-268.62669607046547
 10
2560.44797837867
 20
-268.62669607046547
 10
2561.1234136189382
 20
-257.7742194444182
 10
2564.6034853740503
 20
-252.10253987561754
 10
2573.576728964525
 20
-246.49600356813204
 10
2572.488098416081
 20
-257.56477513364126
 10
2559.8873756056214
 20
-281.9306244675141
 10
2566.963906027364
 20
-287.22637587444774
 10
2568.983462501925
 20
-293.19854860209404
 10
2567.789101526349
 20
-305.3423459852457
 10
2561.0202263209426
 20
-299.6317772978971
 10
2550.8115657351514
 20
-275.07919306773033
 10
2543.20159023217
 20
-280.54176550616194
 10
2538.3136120324516
 20
-280.47531826789583
 10
2530.1780603239467
 20
-273.61175151107534
  0
TEXT
  5
FC
330
17
100
AcDbEntity
  8
NEW_CATALOGUE_LABELS
100
AcDbText
 10
2530.1780603239467
 20
-309.3423459852457
 30
0.0
 40
2.5
  1
W0103
100
AcDbText
  0
LWPOLYLINE
  5
FD
330
17
100
AcDbEntity
  8
RECOVERED_OUTLINES
100
AcDbPolyline
 90
15
 70
1
 10
2644.1143751230106
 20
-287.0618149150819
 10
2669.931427346486
 20
-287.0618149150819
 10
2669.1282646340437
 20
-296.02624456995
 10
2672.330189861431
 20
-300.71120029677786
 10
2681.903628160541
 20
-305.3423459852457
 10
2682.259841072965
 20
-296.19925105089146
 10
2671.225715155223
 20
-276.07242195361727
 10
2680.195152336038
 20
-271.69799272488405
 10
2683.406599785325
 20
-266.76482178626054
 10
2683.797408955805
 20
-256.73372739781917
 10
2675.1236868557426
 20
-261.4508065541255
 10
2659.7135158013334
 20
-281.73188356177235
 10
2651.6979345993414
 20
-277.2196557960466
 10
2646.027144787076
 20
-277.27454295348736
 10
2635.602146170778
 20
-282.94402868408395
  0
TEXT
  5
FE
330
17
100
AcDbEntity
  8
NEW_CATALOGUE_LABELS
100
AcDbText
 10
2635.602146170778
 20
-309.3423459852457
 30
0.0
 40
2.5
  1
W0104
100
AcDbText
  0
LWPOLYLINE
  5
FF
330
17
100
AcDbEntity
  8
RECOVERED_OUTLINES
100
AcDbPolyline
 90
15
 70
1
 10
4.848487761544784
 20
-387.682825787355
 10
22.945045479288805
 20
-387.682825787355
 10
19.947762597736208
 20
-397.21598545374525
 10
20.91995778531087
 20
-402.1981686704507
 10
26.372900685415082
 20
-407.1231279803276
 10
29.105409259474364
 20
-397.39996797908526
 10
26.83646583430879
 20
-375.99623313486455
 10
34.31150800466142
 20
-371.3442771385127
 10
37.90219316203882
 20
-366.0981312006108
 10
40.90008956587288
 20
-355.4306344255412
 10
33.53928291679614
 20
-360.44697907738964
 10
17.23011288132352
 20
-382.01474777701475
 10
12.836863320526293
 20
-377.21625089568505
 10
8.846997661005663
 20
-377.2746202572243
 10
-2.168404344971009e-14
 20
-383.30379498188154
  0
TEXT
  5
100
330
17
100
AcDbEntity
  8
NEW_CATALOGUE_LABELS
100
AcDbText
 10
-2.168404344971009e-14
 20
-411.1231279803276
 30
0.0
 40
2.5
  1
W0105
100
AcDbText
  0
LWPOLYLINE
  5
101
330
17
100
AcDbEntity
  8
RECOVERED_OUTLINES
100
AcDbPolyline
 90
15
 70
1
 10
113.02179988322139
 20
-376.94922230427574
 10
134.7654344590325
 20
-376.94922230427574
 10
135.02193958159427
 20
-368.0303659902524
 10
138.2062366375978
 20
-363.3692276274289
 10
146.75114854608051
 20
-358.76162574365225
 10
146.09961939235438
 20
-367.85823903914473
 10
134.7118229899041
 20
-387.8827474224541
 10
141.81080636255317
 20
-392.23493794087136
 10
144.0021470455302
 20
-397.14302963973427
 10
143.2873398074153
 20
-407.1231279803276
 10
136.4730737638196
 20
-402.43002949702094
 10
125.60501045916952
 20
-382.25205736840735
 10
118.38453277257435
 20
-386.7413458840244
 10
113.61419307600588
 20
-386.68673776175143
 10
105.42408584683112
 20
-381.0460745458672
  0
TEXT
  5
102
330
17
100
AcDbEntity
  8
NEW_CATALOGUE_LABELS
100
AcDbText
 10
105.42408584683112
 20
-411.1231279803276
 30
0.0
 40
2.5
  1
W0106
100
AcDbText
  0
LWPOLYLINE
  5
103
330
17
100
AcDbEntity
  8
RECOVERED_OUTLINES
100
AcDbPolyline
 90
15
 70
1
 10
220.85043150660027
 20
-387.477816882583
 10
245.2167616769545
 20
-387.477816882583
 10
248.7438402949949
 20
-397.1115090717099
 10
254.00530920445314
 20
-402.1462322085509
 10
265.25453871979806
 20
-407.1231279803276
 10
261.22022124030076
 20
-397.29743179610875
 10
241.18525282696072
 20
-375.66798254709704
 10
247.55964385151898
 20
-370.96696906211184
 10
248.23251485270308
 20
-365.6654995689314
 10
243.80637471959352
 20
-354.8855080492428
 10
237.87487279502744
 20
-359.9547528727463
 10
233.02524510916228
 20
-381.74996580629306
 10
223.30317722316983
 20
-376.900866080397
 10
217.97727943343259
 20
-376.9598509796353
 10
210.84817169366224
 20
-383.0526067378954
  0
TEXT
  5
104
330
17
100
AcDbEntity
  8
NEW_CATALOGUE_LABELS
100
AcDbText
 10
210.84817169366224
 20
-411.1231279803276
 30
0.0
 40
2.5
  1
W0107
100
AcDbText
  0
LWPOLYLINE
  5
105
330
17
100
AcDbEntity
  8
RECOVERED_OUTLINES
100
AcDbPolyline
 90
15
 70
1
 10
325.28056151382947
 20
-370.98254845479397
 10
354.38784101884426
 20
-370.98254845479397
 10
352.2005945409609
 20
-360.30005214973016
 10
355.14073532322317
 20
-354.71720704211657
 10
365.2720937197499
 20
-349.19848486904385
 10
366.98097473657833
 20
-360.09388832620056
 10
357.4183308247694
 20
-384.07809989815775
 10
368.1563202523954
 20
-389.29090493671697
 10
372.4823873077755
 20
-395.16953663477216
 10
374.35723897468887
 20
-407.1231279803276
 10
363.9036599705715
 20
-401.5020028671899
 10
343.62978685830456
 20
-377.3339811928548
 10
335.2378222608361
 20
-382.7109943761528
 10
328.83647684520275
 20
-382.6455878886091
 10
316.27225754049334
 20
-375.8895239001075
  0
TEXT
  5
106
330
17
100
AcDbEntity
  8
NEW_CATALOGUE_LABELS
100
AcDbText
 10
316.27225754049334
 20
-411.1231279803276
 30
0.0
 40
2.5
  1
W0108
100
AcDbText
  0
LWPOLYLINE
  5
107
330
17
100
AcDbEntity
  8
RECOVERED_OUTLINES
100
AcDbPolyline
 90
15
 70
1
 10
434.67540136344064
 20
-388.1639095321034
 10
472.78316118469263
 20
-388.1639095321034
 10
472.4998253612615
 20
-397.46115475096775
 10
477.69758713738474
 20
-402.32004526701843
 10
492.2947286630868
 20
-407.1231279803276
 10
491.9003545498995
 20
-397.64058431198754
 10
473.5876376357832
 20
-376.7665217335705
 10
486.3869026708941
 20
-372.22968639681096
 10
490.63074321787707
 20
-367.11336537151846
 10
490.1980665386844
 20
-356.70985416851977
 10
477.8697820630807
 20
-361.60206073619105
 10
457.1644060442943
 20
-382.63609786987195
 10
444.87873765491787
 20
-377.95634805460736
 10
436.51378244253414
 20
-378.01327296581087
 10
421.6963433873244
 20
-383.8932453825262
  0
TEXT
  5
108
330
17
100
AcDbEntity
  8
NEW_CATALOGUE_LABELS
100
AcDbText
 10
421.6963433873244
 20
-411.1231279803276
 30
0.0
 40
2.5
  1
W0109
100
AcDbText
  0
LWPOLYLINE
  5
109
330
17
100
AcDbEntity
  8
RECOVERED_OUTLINES
100
AcDbPolyline
 90
15
 70
1
 10
536.8738248484615
 20
-376.8940864447428
 10
563.4176112334475
 20
-376.8940864447428
 10
564.7722222903594
 20
-367.9589329760123
 10
569.2037827558535
 20
-363.28927745691476
 10
580.1731224722008
 20
-358.6732562424431
 10
578.3155242128923
 20
-367.78649150256524
 10
562.0754264311513
 20
-387.8475900606201
 10
570.233372865092
 20
-392.20773320431766
 10
572.3353451861744
 20
-397.12479330976964
 10
570.2973324991451
 20
-407.1231279803277
 10
562.5267667127888
 20
-402.4214539409917
 10
551.6156939076902
 20
-382.20661121800134
 10
542.2769879386728
 20
-386.70410287389643
 10
536.4599188599573
 20
-386.64939496786354
 10
527.1204292341556
 20
-380.9984247397521
  0
TEXT
  5
10A
330
17
100
AcDbEntity
  8
NEW_CATALOGUE_LABELS
100
AcDbText
 10
527.1204292341556
 20
-411.1231279803277
 30
0.0
 40
2.5
  1
W0110
100
AcDbText
  0
LWPOLYLINE
  5
10B
330
17
100
AcDbEntity
  8
RECOVERED_OUTLINES
100
AcDbPolyline
 90
15
 70
1
 10
641.2447680385278
 20
-389.9132839110352
 10
665.7938477715708
 20
-389.9132839110352
 10
666.3495940757392
 20
-398.3526687373447
 10
670.0838332240312
 20
-402.76322755649414
 10
679.8687362550784
 20
-407.1231279803276
 10
678.8616940270053
 20
-398.51554226375106
 10
665.4070538632288
 20
-379.56753746870857
 10
673.2921017477911
 20
-375.44931767357775
 10
675.619715961423
 20
-370.80508155729547
 10
674.5148673608699
 20
-361.36150633473585
 10
666.9614450724346
 20
-365.80230712060774
 10
655.2932706503312
 20
-384.89552555716546
 10
647.0072158713251
 20
-380.6475780574335
 10
641.6230186342291
 20
-380.699250485184
 10
632.5445150809867
 20
-386.0366755852619
  0
TEXT
  5
10C
330
17
100
AcDbEntity
  8
NEW_CATALOGUE_LABELS
100
AcDbText
 10
632.5445150809867
 20
-411.1231279803276
 30
0.0
 40
2.5
  1
W0111
100
AcDbText
  0
LWPOLYLINE
  5
10D
330
17
100
AcDbEntity
  8
RECOVERED_OUTLINES
100
AcDbPolyline
 90
15
 70
1
 10
746.1110305478699
 20
-371.55573588902246
 10
773.4838403192621
 20
-371.55573588902246
 10
770.7105220407994
 20
-361.04266333777343
 10
773.1010571283639
 20
-355.54836182035507
 10
782.258593657262
 20
-350.11716625156305
 10
784.5963300628417
 20
-360.8397692601801
 10
777.2119823304924
 20
-384.4435926681011
 10
787.6596969629178
 20
-389.5737229298744
 10
792.1222211712063
 20
-395.35911988006393
 10
794.6870041804644
 20
-407.12312798032764
 10
784.4793688374001
 20
-401.5911535759881
 10
763.7927967361867
 20
-377.80643528294235
 10
756.2615019810233
 20
-383.09816935807964
 10
750.2372190711587
 20
-383.03380021352456
 10
737.9686009278176
 20
-376.3848869966457
  0
TEXT
  5
10E
330
17
100
AcDbEntity
  8
NEW_CATALOGUE_LABELS
100
AcDbText
 10
737.9686009278176
 20
-411.12312798032764
 30
0.0
 40
2.5
  1
W0112
100
AcDbText
  0
LWPOLYLINE
  5
10F
330
17
100
AcDbEntity
  8
RECOVERED_OUTLINES
100
AcDbPolyline
 90
15
 70
1
 10
851.3344318185787
 20
-388.6154614188727
 10
874.883172084905
 20
-388.6154614188727
 10
874.5367958688264
 20
-397.6912740596063
 10
877.659241467937
 20
-402.4344403338524
 10
886.5910743159461
 20
-407.12312798032764
 10
886.5220726454048
 20
-397.8664301450585
 10
875.590279965914
 20
-377.4895253143389
 10
883.5831873312281
 20
-373.0607438281043
 10
886.2999350863762
 20
-368.0662782695124
 10
886.2242318070022
 20
-357.9105475921492
 10
878.515820289795
 20
-362.6862364292964
 10
865.3333838573483
 20
-383.21930569977013
 10
857.8276566392939
 20
-378.65101353052927
 10
852.6574728115643
 20
-378.7065826605793
 10
843.3926867746488
 20
-384.4465117181145
  0
TEXT
  5
110
330
17
100
AcDbEntity
  8
NEW_CATALOGUE_LABELS
100
AcDbText
 10
843.3926867746488
 20
-411.12312798032764
 30
0.0
 40
2.5
  1
W0113
100
AcDbText
  0
LWPOLYLINE
  5
111
330
17
100
AcDbEntity
  8
RECOVERED_OUTLINES
100
AcDbPolyline
 90
15
 70
1
 10
958.9232710945033
 20
-373.3597827364718
 10
988.3553853214647
 20
-373.3597827364718
 10
988.315643044032
 20
-363.3799535375719
 10
992.4236727130651
 20
-358.1643336087837
 10
1003.7901361968933
 20
-353.008618772979
 10
1003.3028872396901
 20
-363.18735063961054
 10
988.7571707045938
 20
-385.5939425187903
 10
998.5551527596838
 20
-390.46386266164353
 10
1001.7342832748361
 20
-395.9558131004205
 10
1001.1997115225502
 20
-407.1231279803276
 10
991.7723315570327
 20
-401.8717460062314
 10
976.1859295029058
 20
-379.2934345800116
 10
966.6070828915698
 20
-384.3167616785765
 10
960.1475971466434
 20
-384.2556574614024
 10
948.81677262148
 20
-377.9439899694021
  0
TEXT
  5
112
330
17
100
AcDbEntity
  8
NEW_CATALOGUE_LABELS
100
AcDbText
 10
948.81677262148
 20
-411.1231279803276
 30
0.0
 40
2.5
  1
W0114
100
AcDbText
  0
LWPOLYLINE
  5
113
330
17
100
AcDbEntity
  8
RECOVERED_OUTLINES
100
AcDbPolyline
 90
15
 70
1
 10
1062.662607047027
 20
-373.32235639595535
 10
1086.624866578208
 20
-373.32235639595535
 10
1087.0137759196498
 20
-363.33146465324654
 10
1090.5785029896833
 20
-358.110063260387
 10
1100.0501808359195
 20
-352.9486333647249
 10
1099.223823701679
 20
-363.1386482568421
 10
1086.4355567582995
 20
-385.57007762565524
 10
1094.207050724246
 20
-390.4453960277224
 10
1096.5635264183459
 20
-395.9434342402593
 10
1095.656911484164
 20
-407.1231279803276
 10
1088.203246671851
 20
-401.8659249002798
 10
1076.4665916410866
 20
-379.2625856349752
 10
1068.455896684815
 20
-384.2914810428756
 10
1063.199462912666
 20
-384.2303090922699
 10
1054.2408584683112
 20
-377.9116451781119
  0
TEXT
  5
114
330
17
100
AcDbEntity
  8
NEW_CATALOGUE_LABELS
100
AcDbText
 10
1054.2408584683112
 20
-411.1231279803276
 30
0.0
 40
2.5
  1
W0115
100
AcDbText
  0
LWPOLYLINE
  5
115
330
17
100
AcDbEntity
  8
RECOVERED_OUTLINES
100
AcDbPolyline
 90
15
 70
1
 10
1170.722989785275
 20
-376.4173589674538
 10
1204.7221657719713
 20
-376.4173589674538
 10
1203.3336861620369
 20
-367.3412935492881
 10
1207.3775210608294
 20
-362.59799516947317
 10
1219.8141597615897
 20
-357.90917693475535
 10
1220.6206315207785
 20
-367.16613258542924
 10
1206.8321391851516
 20
-387.5436049489839
 10
1218.805643491404
 20
-391.9725097846149
 10
1223.2169116775747
 20
-396.9671144479051
 10
1224.1017099210708
 20
-407.12312798032764
 10
1212.504997597172
 20
-402.34730613180056
 10
1191.4625868348735
 20
-381.81366497903605
 10
1181.0731445018719
 20
-386.3820843832925
 10
1173.6031024133113
 20
-386.32651370554396
 10
1159.664944315142
 20
-380.5864247808337
  0
TEXT
  5
116
330
17
100
AcDbEntity
  8
NEW_CATALOGUE_LABELS
100
AcDbText
 10
1159.664944315142
 20
-411.12312798032764
 30
0.0
 40
2.5
  1
W0116
100
AcDbText
  0
LWPOLYLINE
  5
117
330
17
100
AcDbEntity
  8
RECOVERED_OUTLINES
100
AcDbPolyline
 90
15
 70
1
 10
1272.1550944590535
 20
-383.43249820629393
 10
1293.087215031033
 20
-383.43249820629393
 10
1292.7940576205356
 20
-376.42998003009956
 10
1295.5772512472452
 20
-372.77035092988535
 10
1303.524233282767
 20
-369.15275526472334
 10
1303.447873946016
 20
-376.2948369062161
 10
1293.697693776168
 20
-392.0168060675543
 10
1300.7952802854052
 20
-395.43386898890213
 10
1303.2020498008633
 20
-399.2873901267724
 10
1303.1182742609737
 20
-407.1231279803275
 10
1296.2741349010234
 20
-403.4384058281888
 10
1284.5897934550826
 20
-387.5959467040074
 10
1277.910650653551
 20
-391.12065024468006
 10
1273.3150423092522
 20
-391.07777542359077
 10
1265.0890301619734
 20
-386.64908576829106
  0
TEXT
  5
118
330
17
100
AcDbEntity
  8
NEW_CATALOGUE_LABELS
100
AcDbText
 10
1265.0890301619734
 20
-411.1231279803275
 30
0.0
 40
2.5
  1
W0117
100
AcDbText
  0
LWPOLYLINE
  5
119
330
17
100
AcDbEntity
  8
RECOVERED_OUTLINES
100
AcDbPolyline
 90
15
 70
1
 10
1379.2792323359467
 20
-381.59849310304503
 10
1404.1586614468447
 20
-381.59849310304503
 10
1404.6103949101337
 20
-374.0538764603587
 10
1408.3366173816355
 20
-370.11093794583974
 10
1418.1955948893662
 20
-366.2132868758749
 10
1417.28871462716
 20
-373.9082712600663
 10
1403.9033385543341
 20
-390.8473533453767
 10
1411.9488982262355
 20
-394.52894747149406
 10
1414.3691886765866
 20
-398.6807881348367
 10
1413.3742300138447
 20
-407.12312798032764
 10
1405.6604969559496
 20
-403.1531538405661
 10
1393.5830700985507
 20
-386.0842540873726
 10
1385.2416313885333
 20
-389.8818218086386
 10
1379.7842980373907
 20
-389.8356278423249
 10
1370.5131160088044
 20
-385.0640921121847
  0
TEXT
  5
11A
330
17
100
AcDbEntity
  8
NEW_CATALOGUE_LABELS
100
AcDbText
 10
1370.5131160088044
 20
-411.12312798032764
 30
0.0
 40
2.5
  1
W0118
100
AcDbText
  0
LWPOLYLINE
  5
11B
330
17
100
AcDbEntity
  8
RECOVERED_OUTLINES
100
AcDbPolyline
 90
15
 70
1
 10
1485.7206560166667
 20
-383.86488461660747
 10
1518.3176513939607
 20
-383.86488461660747
 10
1515.2044720638667
 20
-376.99017197898416
 10
1518.1502501521807
 20
-373.39733611748136
 10
1529.1533957781257
 20
-369.8457665233248
 10
1531.7440855495108
 20
-376.857495402034
 10
1522.5250942249047
 20
-392.29251711311144
 10
1534.8743476284499
 20
-395.64721396042614
 10
1540.0843111919144
 20
-399.43040306458676
 10
1542.926615008567
 20
-407.1231279803276
 10
1530.8705016115614
 20
-403.50565704943375
 10
1506.6644105769055
 20
-387.9523444822068
 10
1497.6003929693175
 20
-391.41271736025436
 10
1490.4275168590198
 20
-391.37062506331756
 10
1475.9372018556353
 20
-387.02276505419894
  0
TEXT
  5
11C
330
17
100
AcDbEntity
  8
NEW_CATALOGUE_LABELS
100
AcDbText
 10
1475.9372018556353
 20
-411.1231279803276
 30
0.0
 40
2.5
  1
W0119
100
AcDbText
  0
LWPOLYLINE
  5
11D
330
17
100
AcDbEntity
  8
RECOVERED_OUTLINES
100
AcDbPolyline
 90
15
 70
1
 10
1593.717773012141
 20
-372.4310124150458
 10
1617.9167067109495
 20
-372.4310124150458
 10
1626.694302054036
 20
-362.17665564472514
 10
1634.6762930745422
 20
-356.81756317307395
 10
1648.5732465481678
 20
-351.52002367828936
 10
1639.1867688787202
 20
-361.97875457935305
 10
1607.4466406929632
 20
-385.00171244334217
 10
1611.2032878218752
 20
-390.0055955351783
 10
1608.9688158782237
 20
-395.6486198837661
 10
1598.6707008358608
 20
-407.12312798032764
 10
1595.555518335375
 20
-401.7272897123191
 10
1602.6727681765879
 20
-378.52788859818094
 10
1590.3624570768682
 20
-383.68939860161686
 10
1585.105444234395
 20
-383.6266135147596
 10
1581.3612877024666
 20
-377.1413231366697
  0
TEXT
  5
11E
330
17
100
AcDbEntity
  8
NEW_CATALOGUE_LABELS
100
AcDbText
 10
1581.3612877024666
 20
-411.12312798032764
 30
0.0
 40
2.5
  1
W0120
100
AcDbText
  0
LWPOLYLINE
  5
11F
330
17
100
AcDbEntity
  8
RECOVERED_OUTLINES
100
AcDbPolyline
 90
15
 70
1
 10
1696.0661576857347
 20
-376.1858361284684
 10
1716.8068991482892
 20
-376.1858361284684
 10
1721.4785148578558
 20
-391.3569039411952
 10
1726.8295320369705
 20
-399.28554901598045
 10
1737.2673403708534
 20
-407.1231279803276
 10
1732.1306895150217
 20
-391.64969368415217
 10
1711.328822885941
 20
-357.5877956219486
 10
1715.9401335640362
 20
-350.1846740597144
 10
1715.5942336039068
 20
-341.8359587790955
 10
1709.9586988156027
 20
-324.8597071867518
 10
1705.788185535266
 20
-332.8427167605355
 10
1705.4368840859652
 20
-367.16565825755083
 10
1696.3211481279877
 20
-359.52933156909035
 10
1691.7979384753116
 20
-359.62222055585715
 10
1686.7853735492977
 20
-369.21704764398754
  0
TEXT
  5
120
330
17
100
AcDbEntity
  8
NEW_CATALOGUE_LABELS
100
AcDbText
 10
1686.7853735492977
 20
-411.1231279803276
 30
0.0
 40
2.5
  1
W0121
100
AcDbText
  0
LWPOLYLINE
  5
121
330
17
100
AcDbEntity
  8
RECOVERED_OUTLINES
100
AcDbPolyline
 90
15
 70
1
 10
1800.8589841420064
 20
-388.3577663655364
 10
1825.3531685920316
 20
-388.3577663655364
 10
1825.839590361474
 20
-397.559947828334
 10
1829.5298985610839
 20
-402.36915649003976
 10
1839.257749155324
 20
-407.1231279803276
 10
1838.3223975270148
 20
-397.7375427332144
 10
1825.0507003266912
 20
-377.0769161507687
 10
1832.951338414732
 20
-372.5864696741087
 10
1835.311213509054
 20
-367.52246271416107
 10
1834.285018272395
 20
-357.22532676834425
 10
1826.712661907717
 20
-362.067510827108
 10
1814.916551298444
 20
-382.8864762349062
 10
1806.6832941740427
 20
-378.25457657142516
 10
1801.3107199291724
 20
-378.3109194289401
 10
1792.2094593961288
 20
-384.1307694921686
  0
TEXT
  5
122
330
17
100
AcDbEntity
  8
NEW_CATALOGUE_LABELS
100
AcDbText
 10
1792.2094593961288
 20
-411.1231279803276
 30
0.0
 40
2.5
  1
W0122
100
AcDbText
  0
LWPOLYLINE
  5
123
330
17
100
AcDbEntity
  8
RECOVERED_OUTLINES
100
AcDbPolyline
 90
15
 70
1
 10
1912.6581650833896
 20
-376.9452605253939
 10
1959.9832417770726
 20
-376.9452605253939
 10
1957.2502809312891
 20
-368.02523318177384
 10
1962.4608539339458
 20
-363.36348281996914
 10
1979.3585750616428
 20
-358.7552759664535
 10
1981.2973611371995
 20
-367.85308363071084
 10
1963.9012561957275
 20
-387.8802211955151
 10
1980.9582613192406
 20
-392.23298314862404
 10
1987.538908666779
 20
-397.14171927099153
 10
1989.6659943267814
 20
-407.1231279803276
 10
1973.10287501977
 20
-402.4294133017342
 10
1942.0024126107662
 20
-382.2487918421153
 10
1927.9436658679183
 20
-386.73866979314136
 10
1917.5408576822113
 20
-386.68405450092143
 10
1897.63354524296
 20
-381.0426506762261
  0
TEXT
  5
124
330
17
100
AcDbEntity
  8
NEW_CATALOGUE_LABELS
100
AcDbText
 10
1897.63354524296
 20
-411.1231279803276
 30
0.0
 40
2.5
  1
W0123
100
AcDbText
  0
LWPOLYLINE
  5
125
330
17
100
AcDbEntity
  8
RECOVERED_OUTLINES
100
AcDbPolyline
 90
15
 70
1
 10
2010.8528136848508
 20
-388.086724716768
 10
2034.1314229598381
 20
-388.086724716768
 10
2033.6682801644424
 20
-397.4218199217648
 10
2036.6918071128498
 20
-402.30049145190316
 10
2045.4588057477401
 20
-407.1231279803276
 10
2045.5137419190241
 20
-397.6019799579131
 10
2034.9784331960316
 20
-376.6429370481699
 10
2042.938570984849
 20
-372.08763181516275
 10
2045.6905983182346
 20
-366.9504817512359
 10
2045.7508700231056
 20
-356.504616846093
 10
2038.0673495138208
 20
-361.41674006072634
 10
2024.7629693893855
 20
-382.53640879764845
 10
2017.4041156422918
 20
-377.8376072674466
 10
2012.2925004749902
 20
-377.8947639254793
 10
2003.0576310897911
 20
-383.7986742796366
  0
TEXT
  5
126
330
17
100
AcDbEntity
  8
NEW_CATALOGUE_LABELS
100
AcDbText
 10
2003.0576310897911
 20
-411.1231279803276
 30
0.0
 40
2.5
  1
W0124
100
AcDbText
  0
LWPOLYLINE
  5
127
330
17
100
AcDbEntity
  8
RECOVERED_OUTLINES
100
AcDbPolyline
 90
15
 70
1
 10
2116.601774411634
 20
-380.8533515521635
 10
2145.916864050173
 20
-380.8533515521635
 10
2141.640274685674
 20
-373.08848465426416
 10
2143.5176431771406
 20
-369.0304397989939
 10
2152.6500184525803
 20
-365.01900446621664
 10
2156.4861574395973
 20
-372.9386287963117
 10
2151.5111485557254
 20
-390.3722140921966
 10
2163.3377310824244
 20
-394.16128512327424
 10
2168.8358664247216
 20
-398.4343306150413
 10
2173.0445804917013
 20
-407.1231279803276
 10
2161.4251742658485
 20
-403.03725824786966
 10
2136.31496771137
 20
-385.47006551242254
 10
2128.9068954676413
 20
-389.3784957598327
 10
2122.447150971667
 20
-389.33095325145894
 10
2108.4817169366224
 20
-384.42012191332515
  0
TEXT
  5
128
330
17
100
AcDbEntity
  8
NEW_CATALOGUE_LABELS
100
AcDbText
 10
2108.4817169366224
 20
-411.1231279803276
 30
0.0
 40
2.5
  1
W0125
100
AcDbText
  0
LWPOLYLINE
  5
129
330
17
100
AcDbEntity
  8
RECOVERED_OUTLINES
100
AcDbPolyline
 90
15
 70
1
 10
2222.5049357417724
 20
-375.2871697045196
 10
2247.3033242740466
 20
-375.2871697045196
 10
2247.4522255947104
 20
-365.87704094858174
 10
2251.008814552425
 20
-360.95915567281537
 10
2260.679991075552
 20
-356.09775579643576
 10
2260.0834317802874
 20
-365.69543282358666
 10
2247.4182677237013
 20
-386.8229401548822
 10
2255.5846772088776
 20
-391.4148599825718
 10
2258.16292428204
 20
-396.59330138874526
 10
2257.5084257077538
 20
-407.1231279803276
 10
2249.661242971846
 20
-402.17152214239366
 10
2236.941359507844
 20
-380.8820979069755
 10
2228.7787809438737
 20
-385.6186674252092
 10
2223.337378780462
 20
-385.56105135386383
 10
2213.905802783453
 20
-379.6096865979482
  0
TEXT
  5
12A
330
17
100
AcDbEntity
  8
NEW_CATALOGUE_LABELS
100
AcDbText
 10
2213.905802783453
 20
-411.1231279803276
 30
0.0
 40
2.5
  1
W0126
100
AcDbText
  0
LWPOLYLINE
  5
12B
330
17
100
AcDbEntity
  8
RECOVERED_OUTLINES
100
AcDbPolyline
 90
15
 70
1
 10
2326.9753328547145
 20
-372.7632911860067
 10
2351.048743232882
 20
-372.7632911860067
 10
2349.6643957962106
 20
-362.60714996146976
 10
2352.3179827105855
 20
-357.29938652037583
 10
2360.9165752722515
 20
-352.052586505838
 10
2361.8968235717352
 20
-362.41114437931344
 10
2353.0345822072104
 20
-385.2135898871582
 10
2361.7083124533196
 20
-390.16954612020544
 10
2365.052543756211
 20
-395.7585219576402
 10
2366.127996137142
 20
-407.1231279803275
 10
2357.705720671317
 20
-401.77897069166494
 10
2341.8987363897404
 20
-378.8017718953626
 10
2334.7443564791415
 20
-383.9138452999548
 10
2329.452672028737
 20
-383.85166156447536
 10
2319.329888630284
 20
-377.4284868654394
  0
TEXT
  5
12C
330
17
100
AcDbEntity
  8
NEW_CATALOGUE_LABELS
100
AcDbText
 10
2319.329888630284
 20
-411.1231279803275
 30
0.0
 40
2.5
  1
W0127
100
AcDbText
  0
LWPOLYLINE
  5
12D
330
17
100
AcDbEntity
  8
RECOVERED_OUTLINES
100
AcDbPolyline
 90
15
 70
1
 10
2435.339940785459
 20
-389.42146311264946
 10
2459.285770277045
 20
-389.42146311264946
 10
2464.3984907633876
 20
-398.1020276362559
 10
2470.4296529935687
 20
-402.63863086063225
 10
2482.3353589911503
 20
-407.1231279803276
 10
2476.6913375717413
 20
-398.26955574218505
 10
2453.305396688613
 20
-378.78005720620035
 10
2458.7663240111224
 20
-374.54414743436695
 10
2458.521500068092
 20
-369.7671889119197
 10
2452.329317662138
 20
-360.0537363629372
 10
2447.3665713302507
 20
-364.62144580522613
 10
2446.325691685446
 20
-384.2603078802391
 10
2435.942634237918
 20
-379.8909630614841
 10
2430.718729059533
 20
-379.9441121774933
 10
2424.753974477115
 20
-385.43406955290584
  0
TEXT
  5
12E
330
17
100
AcDbEntity
  8
NEW_CATALOGUE_LABELS
100
AcDbText
 10
2424.753974477115
 20
-411.1231279803276
 30
0.0
 40
2.5
  1
W0128
100
AcDbText
  0
LWPOLYLINE
  5
12F
330
17
100
AcDbEntity
  8
RECOVERED_OUTLINES
100
AcDbPolyline
 90
15
 70
1
 10
2536.144093080229
 20
-360.4194002617362
 10
2569.1089365116813
 20
-360.4194002617362
 10
2557.40974223831
 20
-346.61462996373723
 10
2555.9199327479882
 20
-339.40003403793474
 10
2562.6297436333925
 20
-332.2683028618024
 10
2573.9709753108423
 20
-346.3482086941849
 10
2583.8462906694476
 20
-377.3425120924019
 10
2600.507530516885
 20
-384.0789128465448
 10
2610.481881517162
 20
-391.67574770055916
 10
2622.924600996123
 20
-407.1231279803276
 10
2606.2329663198934
 20
-399.8590635905841
 10
2562.408243653057
 20
-368.6272261769728
 10
2557.546011293719
 20
-375.5758297397519
 10
2550.239836156285
 20
-375.49130628093155
 10
2530.1780603239467
 20
-366.76058372167006
  0
TEXT
  5
130
330
17
100
AcDbEntity
  8
NEW_CATALOGUE_LABELS
100
AcDbText
 10
2530.1780603239467
 20
-411.1231279803276
 30
0.0
 40
2.5
  1
W0129
100
AcDbText
  0
LWPOLYLINE
  5
131
330
17
100
AcDbEntity
  8
RECOVERED_OUTLINES
100
AcDbPolyline
 90
15
 70
1
 10
2644.1244976893913
 20
-374.1760215955599
 10
2671.930377520916
 20
-374.1760215955599
 10
2669.6598253334396
 20
-364.43745771976035
 10
2672.3738660903446
 20
-359.3479269456268
 10
2681.958688924013
 20
-354.31685304113284
 10
2683.775872964969
 20
-364.24951105383263
 10
2675.0473793464726
 20
-386.1144169460516
 10
2685.3936401670157
 20
-390.86660532883946
 10
2689.6259462167914
 20
-396.22578624113925
 10
2691.619619559011
 20
-407.1231279803276
 10
2681.5381308640654
 20
-401.9986997189105
 10
2661.7609955718035
 20
-379.9662256504988
 10
2653.835395083498
 20
-384.8681123304635
 10
2647.7191479011276
 20
-384.80848532581535
 10
2635.602146170778
 20
-378.6494042625414
  0
TEXT
  5
132
330
17
100
AcDbEntity
  8
NEW_CATALOGUE_LABELS
100
AcDbText
 10
2635.602146170778
 20
-411.1231279803276
 30
0.0
 40
2.5
  1
W0130
100
AcDbText
  0
LWPOLYLINE
  5
133
330
17
100
AcDbEntity
  8
RECOVERED_OUTLINES
100
AcDbPolyline
 90
15
 70
1
 10
8.813514332201567
 20
-478.82639436405384
 10
36.02215597305511
 20
-478.82639436405384
 10
34.83273554684476
 20
-469.93602919553734
 10
38.02801137960253
 20
-465.289780765531
 10
47.9402959446837
 20
-460.6968977931356
 10
48.665510572334234
 20
-469.76445210125394
 10
37.806646164388056
 20
-489.7249925090782
 10
47.426912608948136
 20
-494.0632800236833
 10
51.00019907907276
 20
-498.9556929012009
 10
51.79584830223754
 20
-508.9039099754096
 10
42.47412728342083
 20
-504.22580352101977
 10
25.457394293263786
 20
-484.1122896053998
 10
17.182388736232678
 20
-488.58723715981984
 10
11.203832403390475
 20
-488.5328034823302
 10
2.0816681711721685e-14
 20
-482.91015927592207
  0
TEXT
  5
134
330
17
100
AcDbEntity
  8
NEW_CATALOGUE_LABELS
100
AcDbText
 10
2.0816681711721685e-14
 20
-512.9039099754095
 30
0.0
 40
2.5
  1
W0131
100
AcDbText
  0
LWPOLYLINE
  5
135
330
17
100
AcDbEntity
  8
RECOVERED_OUTLINES
100
AcDbPolyline
 90
15
 70
1
 10
112.40343513752221
 20
-492.12723193595656
 10
130.85371789291256
 20
-492.12723193595656
 10
132.23042173898548
 20
-500.35420026361675
 10
135.5381543380914
 20
-504.6537467897221
 10
143.38761071165888
 20
-508.9039099754095
 10
141.65261387781183
 20
-500.51297431773764
 10
129.38736063422624
 20
-482.0418844777291
 10
134.84552330336598
 20
-478.02731890000314
 10
136.06712647481632
 20
-473.49997665632236
 10
134.16362255968437
 20
-464.2940930694439
 10
128.99135581961656
 20
-468.62312038206534
 10
122.39162760668297
 20
-487.2357688847105
 10
115.6813783468302
 20
-483.09474080539974
 10
111.64066426452618
 20
-483.14511265539414
 10
105.42408584683112
 20
-488.34819654756467
  0
TEXT
  5
136
330
17
100
AcDbEntity
  8
NEW_CATALOGUE_LABELS
100
AcDbText
 10
105.42408584683112
 20
-512.9039099754095
 30
0.0
 40
2.5
  1
W0132
100
AcDbText
  0
LWPOLYLINE
  5
137
330
17
100
AcDbEntity
  8
RECOVERED_OUTLINES
100
AcDbPolyline
 90
15
 70
1
 10
218.84781772719813
 20
-484.3989149077611
 10
244.22146372300475
 20
-484.3989149077611
 10
242.63447230902102
 20
-496.41570499081064
 10
245.36455402762124
 20
-502.6958735776764
 10
254.36150631198018
 20
-508.9039099754095
 10
255.52512125947337
 20
-496.64761964065696
 10
246.47131920197273
 20
-469.6676678075788
 10
255.67592797740525
 20
-463.8037590260205
 10
259.2711549722551
 20
-457.19085871941303
 10
260.5477830127502
 20
-443.744207877137
 10
251.60332266224466
 20
-450.06743782135084
 10
234.6532824350895
 20
-477.2541584987459
 10
227.17685025889992
 20
-471.2055312067475
 10
221.5985722370327
 20
-471.27910727065955
 10
210.8481716936622
 20
-478.8790352667955
  0
TEXT
  5
138
330
17
100
AcDbEntity
  8
NEW_CATALOGUE_LABELS
100
AcDbText
 10
210.8481716936622
 20
-512.9039099754095
 30
0.0
 40
2.5
  1
W0133
100
AcDbText
  0
LWPOLYLINE
  5
139
330
17
100
AcDbEntity
  8
RECOVERED_OUTLINES
100
AcDbPolyline
 90
15
 70
1
 10
324.68171288313675
 20
-489.02212222027555
 10
349.7687534588967
 20
-489.02212222027555
 10
349.28855564718884
 20
-498.7717781279645
 10
352.5568599604249
 20
-503.8671057771167
 10
362.0147119876311
 20
-508.9039099754095
 10
362.0546138913338
 20
-498.9599388614322
 10
350.6583650738854
 20
-477.0701292732979
 10
359.2276624011168
 20
-472.3125282418117
 10
362.1830703681064
 20
-466.94724332831225
 10
362.22684764103155
 20
-456.03748973213743
 10
353.9563803643563
 20
-461.16775461612184
 10
339.6612464167299
 20
-483.2253232372915
 10
331.72118402983625
 20
-478.317853405225
 10
326.21258176587526
 20
-478.37754832385366
 10
316.2722575404934
 20
-484.5436444587988
  0
TEXT
  5
13A
330
17
100
AcDbEntity
  8
NEW_CATALOGUE_LABELS
100
AcDbText
 10
316.2722575404934
 20
-512.9039099754095
 30
0.0
 40
2.5
  1
W0134
100
AcDbText
  0
LWPOLYLINE
  5
13B
330
17
100
AcDbEntity
  8
RECOVERED_OUTLINES
100
AcDbPolyline
 90
15
 70
1
 10
430.7517670095787
 20
-489.8342875802804
 10
456.75197952566174
 20
-489.8342875802804
 10
456.9941846723083
 20
-499.18567282450016
 10
460.7681301428116
 20
-504.07285779224543
 10
470.9524825382222
 20
-508.9039099754095
 10
470.2392084490475
 20
-499.3661472456645
 10
456.7669598741875
 20
-478.370530136775
 10
465.28713588184866
 20
-473.8072757506753
 10
467.94296020106935
 20
-468.66116119584626
 10
467.16041121030497
 20
-458.1970679228842
 10
458.97822343816114
 20
-463.11776294938204
 10
445.836650067054
 20
-484.274286182648
 10
437.235150007412
 20
-479.56728509373283
 10
431.53056394671717
 20
-479.624541491959
 10
421.6963433873244
 20
-485.5387543582092
  0
TEXT
  5
13C
330
17
100
AcDbEntity
  8
NEW_CATALOGUE_LABELS
100
AcDbText
 10
421.6963433873244
 20
-512.9039099754095
 30
0.0
 40
2.5
  1
W0135
100
AcDbText
  0
LWPOLYLINE
  5
13D
330
17
100
AcDbEntity
  8
RECOVERED_OUTLINES
100
AcDbPolyline
 90
15
 70
1
 10
535.5302180263282
 20
-478.55237315139226
 10
559.8009603602545
 20
-478.55237315139226
 10
559.9328114839795
 20
-469.58101230903225
 10
563.4064704016758
 20
-464.8924342316718
 10
572.8646974491631
 20
-460.2577077979356
 10
572.294990039993
 20
-469.4078720615933
 10
559.9304758432543
 20
-489.55026297723896
 10
567.9298991156824
 20
-493.92807446121003
 10
570.4609270058505
 20
-498.86505966733534
 10
569.8358882376641
 20
-508.9039099754095
 10
562.148368772823
 20
-504.18318363112746
 10
549.6677253859757
 20
-483.8864255425092
 10
541.6858130450989
 20
-488.40214210761826
 10
536.3601049880234
 20
-488.3472125120978
 10
527.1204292341556
 20
-482.67334320439767
  0
TEXT
  5
13E
330
17
100
AcDbEntity
  8
NEW_CATALOGUE_LABELS
100
AcDbText
 10
527.1204292341556
 20
-512.9039099754095
 30
0.0
 40
2.5
  1
W0136
100
AcDbText
  0
LWPOLYLINE
  5
13F
330
17
100
AcDbEntity
  8
RECOVERED_OUTLINES
100
AcDbPolyline
 90
15
 70
1
 10
637.9044505358131
 20
-477.90549866493706
 10
654.537156381913
 20
-477.90549866493706
 10
653.7495700064537
 20
-493.1065383141044
 10
655.6712360219578
 20
-501.0508471547044
 10
661.6993881842108
 20
-508.9039099754095
 10
662.2044100886357
 20
-493.3999064900626
 10
655.70217449893
 20
-459.2707160229883
 10
661.61258385469
 20
-451.8529689148563
 10
663.8302306263868
 20
-443.48775998118884
 10
664.3843014774376
 20
-426.4779702462186
 10
658.6540814730361
 20
-434.47675098787283
 10
648.1148587662024
 20
-468.8675006050157
 10
643.0867766212865
 20
-461.21608765253353
 10
639.4317008736399
 20
-461.30916015001645
 10
632.5445150809868
 20
-470.9229426994045
  0
TEXT
  5
140
330
17
100
AcDbEntity
  8
NEW_CATALOGUE_LABELS
100
AcDbText
 10
632.5445150809868
 20
-512.9039099754095
 30
0.0
 40
2.5
  1
W0137
100
AcDbText
  0
LWPOLYLINE
  5
141
330
17
100
AcDbEntity
  8
RECOVERED_OUTLINES
100
AcDbPolyline
 90
15
 70
1
 10
744.67425566495
 20
-491.5334582074713
 10
763.4650906638943
 20
-491.5334582074713
 10
763.9909224338476
 20
-500.05160203760926
 10
766.9017489366278
 20
-504.50332158423714
 10
774.4433895857828
 20
-508.9039099754095
 10
773.5701162471327
 20
-500.21599555118934
 10
763.0458931064096
 20
-481.0911619928062
 10
769.032406992286
 20
-476.93450967027115
 10
770.7587812998595
 20
-472.2469320761929
 10
769.8006935462264
 20
-462.7152264279667
 10
764.0718581943568
 20
-467.1974701688992
 10
755.3678152893866
 20
-486.4688725483494
 10
748.9747846887198
 20
-482.1812818613142
 10
744.8541224982879
 20
-482.2334365124753
 10
737.9686009278176
 20
-487.6206721488117
  0
TEXT
  5
142
330
17
100
AcDbEntity
  8
NEW_CATALOGUE_LABELS
100
AcDbText
 10
737.9686009278176
 20
-512.9039099754095
 30
0.0
 40
2.5
  1
W0138
100
AcDbText
  0
LWPOLYLINE
  5
143
330
17
100
AcDbEntity
  8
RECOVERED_OUTLINES
100
AcDbPolyline
 90
15
 70
1
 10
853.09994661923
 20
-489.59138201128724
 10
878.8613444829872
 20
-489.59138201128724
 10
880.7014460071
 20
-499.06188359176974
 10
885.276976505222
 20
-504.01132068075617
 10
896.1944287609147
 20
-508.9039099754095
 10
893.8556939497169
 20
-499.2446568650588
 10
876.9146169228852
 20
-477.98160119789463
 10
884.5757130735971
 20
-473.3602208625679
 10
886.3265886671851
 20
-468.1485559859683
 10
883.7607102847447
 20
-457.55117289332344
 10
876.4956597917712
 20
-462.5345468864252
 10
867.0948983333603
 20
-483.9605582724931
 10
857.7669862064037
 20
-479.1936002135832
 10
852.1245945372967
 20
-479.25158593395855
 10
843.3926867746488
 20
-485.241133026113
  0
TEXT
  5
144
330
17
100
AcDbEntity
  8
NEW_CATALOGUE_LABELS
100
AcDbText
 10
843.3926867746488
 20
-512.9039099754095
 30
0.0
 40
2.5
  1
W0139
100
AcDbText
  0
LWPOLYLINE
  5
145
330
17
100
AcDbEntity
  8
RECOVERED_OUTLINES
100
AcDbPolyline
 90
15
 70
1
 10
958.2949367862552
 20
-473.33707947000903
 10
982.1367827693887
 20
-473.33707947000903
 10
984.9156884605303
 20
-462.82417291331313
 10
989.7125743561982
 20
-457.3299581473294
 10
1000.3723698491884
 20
-451.8988483335702
 10
997.1105419021119
 20
-462.62128203928495
 10
979.0161589725601
 20
-486.2247327582416
 10
985.5813849034946
 20
-491.3547820186067
 10
986.6097164517638
 20
-497.1400876211548
 10
983.0310918994758
 20
-508.9039099754095
 10
976.8735261946504
 20
-503.37202291733473
 10
970.6073856384014
 20
-479.58768016946556
 10
961.432961898267
 20
-484.87933069157594
 10
956.2175877746552
 20
-484.8149625633677
 10
948.8167726214801
 20
-478.16615432848846
  0
TEXT
  5
146
330
17
100
AcDbEntity
  8
NEW_CATALOGUE_LABELS
100
AcDbText
 10
948.8167726214801
 20
-512.9039099754095
 30
0.0
 40
2.5
  1
W0140
100
AcDbText
  0
LWPOLYLINE
  5
147
330
17
100
AcDbEntity
  8
RECOVERED_OUTLINES
100
AcDbPolyline
 90
15
 70
1
 10
1063.017543352469
 20
-482.46936944330434
 10
1090.9579464714568
 20
-482.46936944330434
 10
1089.1403345397744
 20
-474.65580128065864
 10
1092.109960403108
 20
-470.5723043578323
 10
1101.9808240371478
 20
-466.5357092925416
 10
1103.3336282090197
 20
-474.5050055263876
 10
1093.5213076912282
 20
-492.0479343131702
 10
1103.6912387065063
 20
-495.86077040730083
 10
1107.688720110805
 20
-500.16061645115764
 10
1109.1729118899077
 20
-508.9039099754095
 10
1099.2867666915727
 20
-504.79241365769576
 10
1080.4635322659963
 20
-487.1150394451534
 10
1072.2660724144218
 20
-491.0479833769221
 10
1066.123075678432
 20
-491.0001426818161
 10
1054.2408584683112
 20
-486.0585105971573
  0
TEXT
  5
148
330
17
100
AcDbEntity
  8
NEW_CATALOGUE_LABELS
100
AcDbText
 10
1054.2408584683112
 20
-512.9039099754095
 30
0.0
 40
2.5
  1
W0141
100
AcDbText
  0
LWPOLYLINE
  5
149
330
17
100
AcDbEntity
  8
RECOVERED_OUTLINES
100
AcDbPolyline
 90
15
 70
1
 10
1166.4459384343318
 20
-472.12662941646045
 10
1198.1734809659192
 20
-472.12662941646045
 10
1189.1750698601863
 20
-461.2559358957962
 10
1188.9231620714122
 20
-455.57473588363814
 10
1196.5495345727843
 20
-449.95878848183764
 10
1205.1583427688292
 20
-461.04614001320124
 10
1209.585132990634
 20
-485.45288969865857
 10
1224.5173711514622
 20
-490.7575305184536
 10
1232.8727390119604
 20
-496.73972809526225
 10
1242.3176554441459
 20
-508.9039099754095
 10
1227.442611597048
 20
-503.1837555656894
 10
1190.379585266514
 20
-478.5899575319913
 10
1184.5614465680578
 20
-484.0616994079511
 10
1177.543348734193
 20
-483.9951406317956
 10
1159.664944315142
 20
-477.12005273776253
  0
TEXT
  5
14A
330
17
100
AcDbEntity
  8
NEW_CATALOGUE_LABELS
100
AcDbText
 10
1159.664944315142
 20
-512.9039099754095
 30
0.0
 40
2.5
  1
W0142
100
AcDbText
  0
LWPOLYLINE
  5
14B
330
17
100
AcDbEntity
  8
RECOVERED_OUTLINES
100
AcDbPolyline
 90
15
 70
1
 10
1275.6434919533006
 20
-474.02200905287316
 10
1302.582500193512
 20
-474.02200905287316
 10
1305.3850537528497
 20
-463.71155519157503
 10
1310.6287749196035
 20
-458.32314547412545
 10
1322.4990487699188
 20
-452.9966254628978
 10
1319.1575626287627
 20
-463.51257149622256
 10
1299.4700401043215
 20
-486.6614778707614
 10
1307.0527342680014
 20
-491.6927350135821
 10
1308.400292998864
 20
-497.36662987480776
 10
1304.7342736563694
 20
-508.90390997540925
 10
1297.5993021926074
 20
-503.4785534414576
 10
1289.7559558795897
 20
-480.15223857309064
 10
1279.559535153049
 20
-485.3419849352499
 10
1273.6645951592095
 20
-485.27885637870384
 10
1265.0890301619734
 20
-478.7580878197289
  0
TEXT
  5
14C
330
17
100
AcDbEntity
  8
NEW_CATALOGUE_LABELS
100
AcDbText
 10
1265.0890301619734
 20
-512.9039099754093
 30
0.0
 40
2.5
  1
W0143
100
AcDbText
  0
LWPOLYLINE
  5
14D
330
17
100
AcDbEntity
  8
RECOVERED_OUTLINES
100
AcDbPolyline
 90
15
 70
1
 10
1376.4080159035784
 20
-458.81997685508736
 10
1401.9845551528572
 20
-458.81997685508736
 10
1395.663580702314
 20
-444.01607947643834
 10
1395.948068722393
 20
-436.2793236008639
 10
1402.5778786979863
 20
-428.6314298522169
 10
1408.5661888524228
 20
-443.7303758356821
 10
1410.0401808082097
 20
-476.9679072777245
 10
1421.6222708073121
 20
-484.1918583694889
 10
1427.844397481007
 20
-492.3385179048289
 10
1434.4143067751468
 20
-508.9039099754095
 10
1422.9139820846774
 20
-501.1141053313403
 10
1395.146977708379
 20
-467.6218482320121
 10
1389.9872157923778
 20
-475.0733604156814
 10
1384.3354252322301
 20
-474.9827195297085
 10
1370.5131160088044
 20
-465.6201066054285
  0
TEXT
  5
14E
330
17
100
AcDbEntity
  8
NEW_CATALOGUE_LABELS
100
AcDbText
 10
1370.5131160088044
 20
-512.9039099754095
 30
0.0
 40
2.5
  1
W0144
100
AcDbText
  0
LWPOLYLINE
  5
14F
330
17
100
AcDbEntity
  8
RECOVERED_OUTLINES
100
AcDbPolyline
 90
15
 70
1
 10
1484.4353379466254
 20
-489.496946883216
 10
1508.0605852616075
 20
-489.496946883216
 10
1508.8681777030022
 20
-499.01375767973246
 10
1512.604438532478
 20
-503.98739671298256
 10
1522.162027030282
 20
-508.9039099754095
 10
1520.914685625055
 20
-499.19742468467086
 10
1507.3539737859667
 20
-477.8303961254626
 10
1514.809190659631
 20
-473.1864179901667
 10
1516.899110743179
 20
-467.9492689179713
 10
1515.5306245292352
 20
-457.30006634154716
 10
1508.4049792808023
 20
-462.3078082248672
 10
1497.7929930652933
 20
-483.8385893300032
 10
1489.6814663801406
 20
-479.0483216196775
 10
1484.5015576187293
 20
-479.10659088081667
 10
1475.9372018556353
 20
-485.1254258863808
  0
TEXT
  5
150
330
17
100
AcDbEntity
  8
NEW_CATALOGUE_LABELS
100
AcDbText
 10
1475.9372018556353
 20
-512.9039099754095
 30
0.0
 40
2.5
  1
W0145
100
AcDbText
  0
LWPOLYLINE
  5
151
330
17
100
AcDbEntity
  8
RECOVERED_OUTLINES
100
AcDbPolyline
 90
15
 70
1
 10
1590.005620036032
 20
-480.6284001444435
 10
1613.918522775197
 20
-480.6284001444435
 10
1614.828960575031
 20
-472.27067502607105
 10
1618.6593229650675
 20
-467.9027928892183
 10
1628.3813338151965
 20
-463.58507897572554
 10
1627.0239389933856
 20
-472.1093774681589
 10
1613.0892850336368
 20
-490.8740408740601
 10
1620.5898870648352
 20
-494.9524126669239
 10
1622.6540683802473
 20
-499.5517110332811
 10
1621.1648400962001
 20
-508.9039099754095
 10
1614.0013777119725
 20
-504.5060784938937
 10
1603.470612993469
 20
-485.59760653746434
 10
1595.2135047202773
 20
-489.80445078627224
 10
1589.971096107896
 20
-489.7532783422819
 10
1581.3612877024666
 20
-484.4674983068359
  0
TEXT
  5
152
330
17
100
AcDbEntity
  8
NEW_CATALOGUE_LABELS
100
AcDbText
 10
1581.3612877024666
 20
-512.9039099754095
 30
0.0
 40
2.5
  1
W0146
100
AcDbText
  0
LWPOLYLINE
  5
153
330
17
100
AcDbEntity
  8
RECOVERED_OUTLINES
100
AcDbPolyline
 90
15
 70
1
 10
1697.4408996059237
 20
-481.98039343664755
 10
1726.3819547303688
 20
-481.98039343664755
 10
1727.9051992210545
 20
-474.0222928826305
 10
1732.761184203685
 20
-469.8632609976551
 10
1744.7451218797166
 20
-465.7519985428132
 10
1742.6725408791208
 20
-473.8687077662498
 10
1724.8618015918614
 20
-491.7361389310028
 10
1733.7339326148406
 20
-495.6195034069331
 10
1736.0002664145925
 20
-499.9988863561207
 10
1733.726391343412
 20
-508.9039099754095
 10
1725.2783962519377
 20
-504.71636077346346
 10
1713.4866376268485
 20
-486.71199726295595
 10
1703.281216444683
 20
-490.7176912853051
 10
1696.939069520083
 20
-490.6689656513434
 10
1686.7853735492977
 20
-485.63592514896726
  0
TEXT
  5
154
330
17
100
AcDbEntity
  8
NEW_CATALOGUE_LABELS
100
AcDbText
 10
1686.7853735492977
 20
-512.9039099754095
 30
0.0
 40
2.5
  1
W0147
100
AcDbText
  0
LWPOLYLINE
  5
155
330
17
100
AcDbEntity
  8
RECOVERED_OUTLINES
100
AcDbPolyline
 90
15
 70
1
 10
1805.5891002093344
 20
-478.02865106472086
 10
1846.0499464687784
 20
-478.02865106472086
 10
1844.8764618198907
 20
-468.9024875233118
 10
1849.9391134162736
 20
-464.133007055129
 10
1864.9867779596339
 20
-459.4183074518923
 10
1865.458097677459
 20
-468.7263597048578
 10
1847.9738737765044
 20
-489.2163117691221
 10
1861.9893048291408
 20
-493.6696633016493
 10
1866.9754205309296
 20
-498.69183721531886
 10
1867.492515957651
 20
-508.9039099754095
 10
1853.9437920017197
 20
-504.1017265152664
 10
1829.9856096288866
 20
-483.454743640323
 10
1817.3805713694494
 20
-488.0483798348732
 10
1808.4937519828345
 20
-487.99250241774644
 10
1792.2094593961288
 20
-482.2207293139203
  0
TEXT
  5
156
330
17
100
AcDbEntity
  8
NEW_CATALOGUE_LABELS
100
AcDbText
 10
1792.2094593961288
 20
-512.9039099754095
 30
0.0
 40
2.5
  1
W0148
100
AcDbText
  0
LWPOLYLINE
  5
157
330
17
100
AcDbEntity
  8
RECOVERED_OUTLINES
100
AcDbPolyline
 90
15
 70
1
 10
1906.1045714221061
 20
-478.2569236073583
 10
1929.956693162699
 20
-478.2569236073583
 10
1930.5353617702585
 20
-469.19823326713436
 10
1934.1838097339928
 20
-464.4640153836858
 10
1943.7109085598447
 20
-459.7841733493951
 10
1942.6929851842074
 20
-469.0234076286901
 10
1929.5334383979414
 20
-489.3618696772832
 10
1937.1757419232167
 20
-493.78229588664055
 10
1939.4159773644121
 20
-498.7673389567387
 10
1938.299190812973
 20
-508.9039099754095
 10
1930.9805771503145
 20
-504.1372308856696
 10
1919.731221800971
 20
-483.64289901495863
 10
1911.6609317161747
 20
-488.2025727084294
 10
1906.4298309005196
 20
-488.1471084143187
 10
1897.63354524296
 20
-482.41800822623225
  0
TEXT
  5
158
330
17
100
AcDbEntity
  8
NEW_CATALOGUE_LABELS
100
AcDbText
 10
1897.63354524296
 20
-512.9039099754095
 30
0.0
 40
2.5
  1
W0149
100
AcDbText
  0
LWPOLYLINE
  5
159
330
17
100
AcDbEntity
  8
RECOVERED_OUTLINES
100
AcDbPolyline
 90
15
 70
1
 10
2010.7287099164873
 20
-488.85923226743154
 10
2030.9672423138609
 20
-488.85923226743154
 10
2032.5106287184412
 20
-498.68876635361283
 10
2036.1563317805694
 20
-503.8258396289993
 10
2044.7837547795382
 20
-508.9039099754096
 10
2042.846686029475
 20
-498.8784686734498
 10
2029.3180025204508
 20
-476.8093175645482
 10
2035.288959948176
 20
-472.0127378749446
 10
2036.6106670978286
 20
-466.60349559617606
 10
2034.4854655541176
 20
-455.6043592306694
 10
2028.8293847155044
 20
-460.77665597895714
 10
2021.66521554495
 20
-483.0149405577061
 10
2014.287855654853
 20
-478.06726420400406
 10
2009.855708574403
 20
-478.1274481984945
 10
2003.0576310897911
 20
-484.3440626832492
  0
TEXT
  5
15A
330
17
100
AcDbEntity
  8
NEW_CATALOGUE_LABELS
100
AcDbText
 10
2003.0576310897911
 20
-512.9039099754095
 30
0.0
 40
2.5
  1
W0150
100
AcDbText
  0
LWPOLYLINE
  5
15B
330
17
100
AcDbEntity
  8
RECOVERED_OUTLINES
100
AcDbPolyline
 90
15
 70
1
 10
2118.189902473972
 20
-478.45646138683986
 10
2146.438011840458
 20
-478.45646138683986
 10
2146.4178386969165
 20
-469.45675077577397
 10
2150.3700007896077
 20
-464.7533566513959
 10
2161.288494143073
 20
-460.10398434344734
 10
2160.8025178724347
 20
-469.2830633999723
 10
2146.8016043964276
 20
-489.4891048736186
 10
2156.1966608632856
 20
-493.88075037287325
 10
2159.2380110763115
 20
-498.833336599976
 10
2158.7048356169826
 20
-508.90390997540936
 10
2149.6661594222915
 20
-504.1682659946243
 10
2134.7474283874403
 20
-483.8073695431199
 10
2125.544877448045
 20
-488.33735590769544
 10
2119.3453560682174
 20
-488.28225273300956
 10
2108.4817169366224
 20
-482.5904538285218
  0
TEXT
  5
15C
330
17
100
AcDbEntity
  8
NEW_CATALOGUE_LABELS
100
AcDbText
 10
2108.4817169366224
 20
-512.9039099754093
 30
0.0
 40
2.5
  1
W0151
100
AcDbText
  0
LWPOLYLINE
  5
15D
330
17
100
AcDbEntity
  8
RECOVERED_OUTLINES
100
AcDbPolyline
 90
15
 70
1
 10
2224.989400128115
 20
-488.1119655806182
 10
2252.841366633974
 20
-488.1119655806182
 10
2256.1121380706045
 20
-498.3079452378637
 10
2261.7286291910486
 20
-503.6365288873424
 10
2274.194005287807
 20
-508.9039099754095
 10
2270.358598094153
 20
-498.5047196706122
 10
2249.165875332132
 20
-475.6128293952253
 10
2256.8234134802815
 20
-470.6374329511243
 10
2258.011244976502
 20
-465.0265338228563
 10
2253.8033337764227
 20
-453.61734904901886
 10
2246.6229580234117
 20
-458.98246930440484
 10
2239.35821784201
 20
-482.04979835469237
 10
2228.628372682542
 20
-476.91767235454955
 10
2222.5359394682696
 20
-476.9801000116629
 10
2213.905802783453
 20
-483.42847022613785
  0
TEXT
  5
15E
330
17
100
AcDbEntity
  8
NEW_CATALOGUE_LABELS
100
AcDbText
 10
2213.905802783453
 20
-512.9039099754095
 30
0.0
 40
2.5
  1
W0152
100
AcDbText
  0
LWPOLYLINE
  5
15F
330
17
100
AcDbEntity
  8
RECOVERED_OUTLINES
100
AcDbPolyline
 90
15
 70
1
 10
2328.8011933261228
 20
-479.45938474417073
 10
2366.7815818208774
 20
-479.45938474417073
 10
2358.957247373204
 20
-470.75611998980116
 10
2360.196093548914
 20
-466.2076532581848
 10
2370.8481744112246
 20
-461.71142889204174
 10
2378.147378606365
 20
-470.588153787173
 10
2376.8289552880437
 20
-490.128618606862
 10
2393.265730819273
 20
-494.375605553348
 10
2401.6457575592804
 20
-499.1650561274943
 10
2409.6538780882324
 20
-508.9039099754095
 10
2393.3982309923404
 20
-504.32425568113337
 10
2355.6992036915176
 20
-484.6340367272199
 10
2347.250822184248
 20
-489.0148076617995
 10
2338.8676483747986
 20
-488.9615195574567
 10
2319.3298886302837
 20
-483.45720559279675
  0
TEXT
  5
160
330
17
100
AcDbEntity
  8
NEW_CATALOGUE_LABELS
100
AcDbText
 10
2319.3298886302837
 20
-512.9039099754095
 30
0.0
 40
2.5
  1
W0153
100
AcDbText
  0
LWPOLYLINE
  5
161
330
17
100
AcDbEntity
  8
RECOVERED_OUTLINES
100
AcDbPolyline
 90
15
 70
1
 10
2436.40508277058
 20
-474.1247686029228
 10
2469.101529301699
 20
-474.1247686029228
 10
2469.9797584780367
 20
-463.84468859085786
 10
2475.025462338663
 20
-458.4721527376016
 10
2488.1291002917364
 20
-453.16132426798157
 10
2486.6470475361402
 20
-463.6462910870391
 10
2468.417142581469
 20
-486.72700246244466
 10
2478.8517250886403
 20
-491.7434378866518
 10
2481.8758647676955
 20
-497.4006178651575
 10
2480.2498714703734
 20
-508.9039099754096
 10
2470.262251102781
 20
-503.49453614829275
 10
2455.0339383561
 20
-480.23693891161406
 10
2443.92841871736
 20
-485.41139665741537
 10
2436.758155301806
 20
-485.3484540730179
 10
2424.753974477115
 20
-478.84689522525076
  0
TEXT
  5
162
330
17
100
AcDbEntity
  8
NEW_CATALOGUE_LABELS
100
AcDbText
 10
2424.753974477115
 20
-512.9039099754095
 30
0.0
 40
2.5
  1
W0154
100
AcDbText
  0
LWPOLYLINE
  5
163
330
17
100
AcDbEntity
  8
RECOVERED_OUTLINES
100
AcDbPolyline
 90
15
 70
1
 10
2538.6253223051444
 20
-485.4478665350334
 10
2564.995400105012
 20
-485.4478665350334
 10
2563.6366451550966
 20
-496.95027040917296
 10
2566.6257885103983
 20
-502.9616124551417
 10
2576.1261604843226
 20
-508.9039099754095
 10
2577.0391218681134
 20
-497.172257807507
 10
2566.9774162158255
 20
-471.3471996726692
 10
2576.4017076456616
 20
-465.7342991709172
 10
2579.9782248158
 20
-459.40446819439757
 10
2580.979855213336
 20
-446.53340964436364
 10
2571.8370344132845
 20
-452.5859697793696
 10
2554.878717487946
 20
-478.6089458889315
 10
2546.9624313781537
 20
-472.81923386801105
 10
2541.166871481376
 20
-472.889660462529
 10
2530.1780603239467
 20
-480.164268791524
  0
TEXT
  5
164
330
17
100
AcDbEntity
  8
NEW_CATALOGUE_LABELS
100
AcDbText
 10
2530.1780603239467
 20
-512.9039099754095
 30
0.0
 40
2.5
  1
W0155
100
AcDbText
  0
LWPOLYLINE
  5
165
330
17
100
AcDbEntity
  8
RECOVERED_OUTLINES
100
AcDbPolyline
 90
15
 70
1
 10
2642.2151061509476
 20
-464.9508186374685
 10
2669.772590355972
 20
-464.9508186374685
 10
2663.5313112536123
 20
-451.9590862973172
 10
2664.135340524357
 20
-445.16939714008737
 10
2671.5727302726714
 20
-438.4576923770132
 10
2677.444233961169
 20
-451.70835602444555
 10
2677.754281675009
 20
-480.8772364278699
 10
2689.95563563427
 20
-487.2168939263003
 10
2696.346406719622
 20
-494.3663098836229
 10
2702.788165021846
 20
-508.9039099754095
 10
2690.6966684130807
 20
-502.06766582096304
 10
2662.066966453372
 20
-472.6752410714128
 10
2656.221034005676
 20
-479.2146036016631
 10
2650.134988468601
 20
-479.13505818875495
 10
2635.602146170778
 20
-470.9185353363257
  0
TEXT
  5
166
330
17
100
AcDbEntity
  8
NEW_CATALOGUE_LABELS
100
AcDbText
 10
2635.602146170778
 20
-512.9039099754095
 30
0.0
 40
2.5
  1
W0156
100
AcDbText
  0
LWPOLYLINE
  5
167
330
17
100
AcDbEntity
  8
RECOVERED_OUTLINES
100
AcDbPolyline
 90
15
 70
1
 10
7.5915267696825826
 20
-579.9802770392905
 10
30.073775463625132
 20
-579.9802770392905
 10
29.763665257572736
 20
-570.9046118629764
 10
32.7554543516506
 20
-566.1615226560177
 10
41.29340763432575
 20
-561.4729111916574
 10
41.20654172284562
 20
-570.7294586234723
 10
30.723631687744245
 20
-591.1060323688598
 10
38.34450865187515
 20
-595.5347418959524
 10
40.926893688418836
 20
-600.529126304129
 10
40.831591149896454
 20
-610.6846919704914
 10
33.48311219010158
 20
-605.9090807290603
 10
20.94424903142984
 20
-585.376345081289
 10
13.76808791696864
 20
-589.9445630246088
 10
8.832180937317327
 20
-589.8889947974498
 10
4.336808689942018e-15
 20
-584.1491590026711
  0
TEXT
  5
168
330
17
100
AcDbEntity
  8
NEW_CATALOGUE_LABELS
100
AcDbText
 10
4.336808689942018e-15
 20
-614.6846919704914
 30
0.0
 40
2.5
  1
W0157
100
AcDbText
  0
LWPOLYLINE
  5
169
330
17
100
AcDbEntity
  8
RECOVERED_OUTLINES
100
AcDbPolyline
 90
15
 70
1
 10
113.92027389621795
 20
-591.2609262737639
 10
137.59986185016894
 20
-591.2609262737639
 10
138.36251787848104
 20
-600.7859767524747
 10
142.08291723317797
 20
-605.7639219767232
 10
151.6383148293748
 20
-610.6846919704914
 10
150.43583099237318
 20
-600.969802776835
 10
136.94898928212885
 20
-579.5842745827665
 10
144.44418831091258
 20
-574.9362756778272
 10
146.56466639261663
 20
-569.694592266883
 10
145.24539442222343
 20
-559.0361695802002
 10
138.0787364503723
 20
-564.0482471808642
 10
127.33647510288263
 20
-585.5976696982863
 10
119.2298446720291
 20
-580.8032545603818
 10
114.03773504819222
 20
-580.861574271215
 10
105.42408584683106
 20
-586.8856204014602
  0
TEXT
  5
16A
330
17
100
AcDbEntity
  8
NEW_CATALOGUE_LABELS
100
AcDbText
 10
105.42408584683106
 20
-614.6846919704914
 30
0.0
 40
2.5
  1
W0158
100
AcDbText
  0
LWPOLYLINE
  5
16B
330
17
100
AcDbEntity
  8
RECOVERED_OUTLINES
100
AcDbPolyline
 90
15
 70
1
 10
218.77258247509585
 20
-591.1231694505013
 10
243.9498789417756
 20
-591.1231694505013
 10
242.34614572269828
 20
-600.7157732922342
 10
245.03993357370763
 20
-605.7290229950875
 10
253.95227111756074
 20
-610.6846919704915
 10
255.13648252624392
 20
-600.9009030436648
 10
246.2179026138326
 20
-579.3637048555385
 10
255.36544540465033
 20
-574.6827415103526
 10
258.9488225701261
 20
-569.4038831423732
 10
260.2480474498478
 20
-558.6698690140909
 10
251.3575306370654
 20
-563.7174931662831
 10
234.47299507821717
 20
-585.4197480456422
 10
227.06902636480223
 20
-580.5913300573578
 10
221.53373717549457
 20
-580.6500633820198
 10
210.84817169366224
 20
-586.716833125752
  0
TEXT
  5
16C
330
17
100
AcDbEntity
  8
NEW_CATALOGUE_LABELS
100
AcDbText
 10
210.84817169366224
 20
-614.6846919704915
 30
0.0
 40
2.5
  1
W0159
100
AcDbText
  0
LWPOLYLINE
  5
16D
330
17
100
AcDbEntity
  8
RECOVERED_OUTLINES
100
AcDbPolyline
 90
15
 70
1
 10
325.435248246685
 20
-590.759694097861
 10
352.91652536339853
 20
-590.759694097861
 10
352.28373997641
 20
-600.5305394369286
 10
355.8081681559818
 20
-605.6369410251608
 10
366.11349789432654
 20
-610.6846919704914
 10
366.2660945249468
 20
-600.7191091098489
 10
354.02191347136966
 20
-578.7817252665255
 10
363.46113620349144
 20
-574.0137842946825
 10
366.75734992175313
 20
-568.6368387300199
 10
366.92476710555144
 20
-557.7033744021667
 10
357.8088132493035
 20
-562.8447891561303
 10
341.90786131592466
 20
-584.9502966318712
 10
333.26375857625266
 20
-580.0321611418333
 10
327.2287771570189
 20
-580.0919857985156
 10
316.2722575404934
 20
-586.2714830290648
  0
TEXT
  5
16E
330
17
100
AcDbEntity
  8
NEW_CATALOGUE_LABELS
100
AcDbText
 10
316.2722575404934
 20
-614.6846919704914
 30
0.0
 40
2.5
  1
W0160
100
AcDbText
  0
LWPOLYLINE
  5
16F
330
17
100
AcDbEntity
  8
RECOVERED_OUTLINES
100
AcDbPolyline
 90
15
 70
1
 10
431.1946703643388
 20
-574.749513122185
 10
457.59055294472336
 20
-574.749513122185
 10
458.5006436820358
 20
-564.1277295119463
 10
462.6791423883289
 20
-558.5766138392509
 10
473.36161436711285
 20
-553.0892566660389
 10
471.96004816987846
 20
-563.9227373959413
 10
456.7915263317935
 20
-587.7706375593845
 10
465.11724826995925
 20
-592.9538162416641
 10
467.447976339892
 20
-598.7990374369602
 10
465.91028664979814
 20
-610.6846919704914
 10
457.953084330616
 20
-605.0955138521218
 10
446.1142049378268
 20
-581.064848249115
 10
437.0474840327092
 20
-586.4113018187097
 10
431.26015258135925
 20
-586.3462670611442
 10
421.6963433873244
 20
-579.6286003572698
  0
TEXT
  5
170
330
17
100
AcDbEntity
  8
NEW_CATALOGUE_LABELS
100
AcDbText
 10
421.6963433873244
 20
-614.6846919704914
 30
0.0
 40
2.5
  1
W0161
100
AcDbText
  0
LWPOLYLINE
  5
171
330
17
100
AcDbEntity
  8
RECOVERED_OUTLINES
100
AcDbPolyline
 90
15
 70
1
 10
534.0562647714457
 20
-567.9346626588544
 10
561.4517801823222
 20
-567.9346626588544
 10
556.034699762475
 20
-555.2985335165343
 10
557.0467472495982
 20
-548.6946883340245
 10
564.8472650624567
 20
-542.1666929958492
 10
569.8810478638543
 20
-555.0546661072509
 10
568.421152687536
 20
-583.4251505095078
 10
580.1665043623326
 20
-589.5912820746314
 10
586.0863399301691
 20
-596.5450077952338
 10
591.6090158702387
 20
-610.6846919704913
 10
580.0029772933325
 20
-604.035566070857
 10
553.3232171788355
 20
-575.447656066477
 10
547.1152497081293
 20
-581.8080264372023
 10
541.0697966117527
 20
-581.7306583015395
 10
527.1204292341556
 20
-573.7390340018881
  0
TEXT
  5
172
330
17
100
AcDbEntity
  8
NEW_CATALOGUE_LABELS
100
AcDbText
 10
527.1204292341556
 20
-614.6846919704913
 30
0.0
 40
2.5
  1
W0162
100
AcDbText
  0
LWPOLYLINE
  5
173
330
17
100
AcDbEntity
  8
RECOVERED_OUTLINES
100
AcDbPolyline
 90
15
 70
1
 10
640.4537597471905
 20
-592.0405087698297
 10
664.8925542218684
 20
-592.0405087698297
 10
663.8088660012188
 20
-601.1832666105792
 10
666.6708391367088
 20
-605.9614195276205
 10
675.5661198239848
 20
-610.6846919704914
 10
676.2331644784188
 20
-601.3597146860315
 10
666.5142015869843
 20
-580.8325053014834
 10
675.1626132568338
 20
-576.3710561441368
 10
678.3805859848405
 20
-571.339750303685
 10
679.1124156265508
 20
-561.1091087121794
 10
670.7315706062176
 20
-565.9200240857342
 10
655.4124154028401
 20
-586.6045498134599
 10
647.9875346317077
 20
-582.0025609114739
 10
642.6175029785073
 20
-582.0585399317093
 10
632.5445150809866
 20
-587.8408079746383
  0
TEXT
  5
174
330
17
100
AcDbEntity
  8
NEW_CATALOGUE_LABELS
100
AcDbText
 10
632.5445150809866
 20
-614.6846919704914
 30
0.0
 40
2.5
  1
W0163
100
AcDbText
  0
LWPOLYLINE
  5
175
330
17
100
AcDbEntity
  8
RECOVERED_OUTLINES
100
AcDbPolyline
 90
15
 70
1
 10
747.6815518308566
 20
-591.0042764837707
 10
776.2294418130907
 20
-591.0042764837707
 10
775.9951381835718
 20
-600.6551832070021
 10
779.8774460885678
 20
-605.698902937407
 10
790.8012989001323
 20
-610.6846919704914
 10
790.5283451026177
 20
-600.8414381584449
 10
776.8591306600905
 20
-579.173339045555
 10
786.4582774843858
 20
-574.4639252758841
 10
789.6496230393407
 20
-569.1529825375966
 10
789.3501593100225
 20
-558.3537281508767
 10
780.10299822568
 20
-563.4320312550668
 10
764.541980145825
 20
-585.2661902571604
 10
755.3494423239667
 20
-580.4084256298985
 10
749.0828192987595
 20
-580.4675159298014
 10
737.9686009278176
 20
-586.5711588899496
  0
TEXT
  5
176
330
17
100
AcDbEntity
  8
NEW_CATALOGUE_LABELS
100
AcDbText
 10
737.9686009278176
 20
-614.6846919704914
 30
0.0
 40
2.5
  1
W0164
100
AcDbText
  0
LWPOLYLINE
  5
177
330
17
100
AcDbEntity
  8
RECOVERED_OUTLINES
100
AcDbPolyline
 90
15
 70
1
 10
850.2777695682183
 20
-581.1100201578366
 10
871.1550678457181
 20
-581.1100201578366
 10
870.5089695376363
 20
-572.3682864471485
 10
873.1000199625853
 20
-567.799715217628
 10
880.8434577481975
 20
-563.2836172679939
 10
881.1280566721011
 20
-572.1995778237514
 10
872.1975552020632
 20
-591.8264126791462
 10
879.4491542284617
 20
-596.0921715646621
 10
882.0442679719483
 20
-600.9027917998638
 10
882.3565078304453
 20
-610.6846919704914
 10
875.3441722550177
 20
-606.0847953273988
 10
862.8902040719003
 20
-586.3075444154538
 10
856.4065928507282
 20
-590.7076786223777
 10
851.8208549621363
 20
-590.6541549813925
 10
843.3926867746488
 20
-585.1255116162781
  0
TEXT
  5
178
330
17
100
AcDbEntity
  8
NEW_CATALOGUE_LABELS
100
AcDbText
 10
843.3926867746488
 20
-614.6846919704914
 30
0.0
 40
2.5
  1
W0165
100
AcDbText
  0
LWPOLYLINE
  5
179
330
17
100
AcDbEntity
  8
RECOVERED_OUTLINES
100
AcDbPolyline
 90
15
 70
1
 10
955.457615597911
 20
-584.3636702085333
 10
973.8659811510225
 20
-584.3636702085333
 10
974.5371476608105
 20
-576.5836561243937
 10
977.470274818122
 20
-572.517695104944
 10
984.9390237023099
 20
-568.4984345307458
 10
983.9243775628732
 20
-576.4335079375938
 10
973.2640312999371
 20
-593.9011015129233
 10
979.0525528078603
 20
-597.6975640119217
 10
980.6579201724262
 20
-601.9789450768195
 10
979.5447291502795
 20
-610.6846919704915
 10
974.014605643693
 20
-606.5908517949332
 10
965.8407436819192
 20
-588.9893901475289
 10
959.4992959098912
 20
-592.9054447008857
 10
955.4634612332479
 20
-592.8578094497467
 10
948.81677262148
 20
-587.9373983882444
  0
TEXT
  5
17A
330
17
100
AcDbEntity
  8
NEW_CATALOGUE_LABELS
100
AcDbText
 10
948.81677262148
 20
-614.6846919704915
 30
0.0
 40
2.5
  1
W0166
100
AcDbText
  0
LWPOLYLINE
  5
17B
330
17
100
AcDbEntity
  8
RECOVERED_OUTLINES
100
AcDbPolyline
 90
15
 70
1
 10
1067.241693434002
 20
-585.0606990744682
 10
1097.3021795649836
 20
-585.0606990744682
 10
1103.0928285680654
 20
-597.6262247099977
 10
1110.3360642380767
 20
-604.1931713595047
 10
1124.957697664455
 20
-610.6846919704914
 10
1118.5125868923283
 20
-597.8687295268214
 10
1090.5640921056067
 20
-569.6567632645413
 10
1097.7257530161933
 20
-563.5250845375397
 10
1097.7637968505594
 20
-556.6102122835016
 10
1090.692721359891
 20
-542.5495326258808
 10
1084.1324639719105
 20
-549.161506989604
 10
1081.4058594324272
 20
-577.589684003336
 10
1068.6873627660304
 20
-571.2648517667657
 10
1062.1256711707802
 20
-571.3417876132654
 10
1054.2408584683112
 20
-579.2887592590738
  0
TEXT
  5
17C
330
17
100
AcDbEntity
  8
NEW_CATALOGUE_LABELS
100
AcDbText
 10
1054.2408584683112
 20
-614.6846919704914
 30
0.0
 40
2.5
  1
W0167
100
AcDbText
  0
LWPOLYLINE
  5
17D
330
17
100
AcDbEntity
  8
RECOVERED_OUTLINES
100
AcDbPolyline
 90
15
 70
1
 10
1169.270304963672
 20
-577.3190296882041
 10
1196.1941762535762
 20
-577.3190296882041
 10
1196.9418705550481
 20
-567.4567483212236
 10
1201.1095656409288
 20
-562.3025607879731
 10
1211.91241505034
 20
-557.2075727530851
 10
1210.667013913198
 20
-567.26641400448
 10
1195.6005633143322
 20
-589.409088912376
 10
1204.1809509660873
 20
-594.2216484989508
 10
1206.6576853498943
 20
-599.6489117718234
 10
1205.2913278475562
 20
-610.6846919704915
 10
1197.0799280476162
 20
-605.4951636166661
 10
1184.5956491516688
 20
-583.1827917675332
 10
1175.4384744227532
 20
-588.1469513996325
 10
1169.534274985954
 20
-588.0865669010134
 10
1159.664944315142
 20
-581.8492416462092
  0
TEXT
  5
17E
330
17
100
AcDbEntity
  8
NEW_CATALOGUE_LABELS
100
AcDbText
 10
1159.664944315142
 20
-614.6846919704915
 30
0.0
 40
2.5
  1
W0168
100
AcDbText
  0
LWPOLYLINE
  5
17F
330
17
100
AcDbEntity
  8
RECOVERED_OUTLINES
100
AcDbPolyline
 90
15
 70
1
 10
1272.8696407642465
 20
-576.141042671404
 10
1297.3000208589292
 20
-576.141042671404
 10
1295.9425974999715
 20
-565.9305698221734
 10
1298.6603318438079
 20
-560.5944117964759
 10
1307.4109418130954
 20
-555.3195433292719
 10
1308.3573281638476
 20
-565.7335156821551
 10
1299.2571360968607
 20
-588.6579458969904
 10
1308.0363284154541
 20
-593.6404146753144
 10
1311.4040363406993
 20
-599.2592894803697
 10
1312.4423380186856
 20
-610.6846919704915
 10
1303.9201429079367
 20
-605.3119454035102
 10
1287.9861211216542
 20
-582.2118270343196
 10
1280.7017686119418
 20
-587.3512481537067
 10
1275.3319075809698
 20
-587.2887317580856
 10
1265.0890301619731
 20
-580.8311954339625
  0
TEXT
  5
180
330
17
100
AcDbEntity
  8
NEW_CATALOGUE_LABELS
100
AcDbText
 10
1265.0890301619731
 20
-614.6846919704915
 30
0.0
 40
2.5
  1
W0169
100
AcDbText
  0
LWPOLYLINE
  5
181
330
17
100
AcDbEntity
  8
RECOVERED_OUTLINES
100
AcDbPolyline
 90
15
 70
1
 10
1380.9249165227302
 20
-591.4633560504691
 10
1410.3374450979468
 20
-591.4633560504691
 10
1410.9770136619547
 20
-600.8891387624853
 10
1415.4373146317182
 20
-605.8152050485336
 10
1427.1471417947391
 20
-610.6846919704914
 10
1425.9673942273523
 20
-601.0710489965894
 10
1409.9062360526518
 20
-579.9083955923345
 10
1419.3662233367654
 20
-575.3088370050527
 10
1422.1694246588759
 20
-570.1217811477459
 10
1420.875097159494
 20
-559.5744379581175
 10
1411.8114298265014
 20
-564.53428090123
 10
1397.772209099777
 20
-585.8591205619372
 10
1387.8578203049274
 20
-581.1146716561708
 10
1381.4067921394196
 20
-581.1723835731176
 10
1370.5131160088044
 20
-587.1336485551526
  0
TEXT
  5
182
330
17
100
AcDbEntity
  8
NEW_CATALOGUE_LABELS
100
AcDbText
 10
1370.5131160088044
 20
-614.6846919704914
 30
0.0
 40
2.5
  1
W0170
100
AcDbText
  0
LWPOLYLINE
  5
183
330
17
100
AcDbEntity
  8
RECOVERED_OUTLINES
100
AcDbPolyline
 90
15
 70
1
 10
1483.742513198455
 20
-591.5588706373491
 10
1506.316515479548
 20
-591.5588706373491
 10
1506.4031008043937
 20
-600.9378147869728
 10
1509.6150807786437
 20
-605.8394024838005
 10
1518.3934709000969
 20
-610.6846919704914
 10
1517.9003577840463
 20
-601.1188210734567
 10
1506.4811678076142
 20
-580.0613290432916
 10
1513.9389511623403
 20
-575.4846265644574
 10
1516.3128752917323
 20
-570.3233462047224
 10
1515.771869839334
 20
-559.8284148314021
 10
1508.602807569044
 20
-564.7636113424626
 10
1496.9131164631326
 20
-585.9824836937721
 10
1489.5073553635402
 20
-581.2616108848541
 10
1484.553740797711
 20
-581.3190360199702
 10
1475.9372018556353
 20
-587.2506783074948
  0
TEXT
  5
184
330
17
100
AcDbEntity
  8
NEW_CATALOGUE_LABELS
100
AcDbText
 10
1475.9372018556353
 20
-614.6846919704914
 30
0.0
 40
2.5
  1
W0171
100
AcDbText
  0
LWPOLYLINE
  5
185
330
17
100
AcDbEntity
  8
RECOVERED_OUTLINES
100
AcDbPolyline
 90
15
 70
1
 10
1589.9426591758358
 20
-578.4281236884714
 10
1614.0155301902798
 20
-578.4281236884714
 10
1614.6691023546482
 20
-568.8936702842789
 10
1618.3876633049413
 20
-563.9108109393022
 10
1628.0388640401488
 20
-558.9851832669666
 10
1626.940585718937
 20
-568.7096627908112
 10
1613.5031000963759
 20
-590.1163023195066
 10
1621.1821946732973
 20
-594.7688896292465
 10
1623.4048906626467
 20
-600.0157475175987
 10
1622.1999448993188
 20
-610.6846919704914
 10
1614.8501942600246
 20
-605.6676665543494
 10
1603.6540722093314
 20
-584.0969709093405
 10
1595.4740854426059
 20
-588.8961189910094
 10
1590.1949970790013
 20
-588.8377417082089
 10
1581.3612877024666
 20
-582.8077487688641
  0
TEXT
  5
186
330
17
100
AcDbEntity
  8
NEW_CATALOGUE_LABELS
100
AcDbText
 10
1581.3612877024666
 20
-614.6846919704914
 30
0.0
 40
2.5
  1
W0172
100
AcDbText
  0
LWPOLYLINE
  5
187
330
17
100
AcDbEntity
  8
RECOVERED_OUTLINES
100
AcDbPolyline
 90
15
 70
1
 10
1695.2416861326913
 20
-590.5595964536489
 10
1721.4891768103282
 20
-590.5595964536489
 10
1720.2419301258662
 20
-600.4285659253667
 10
1723.2721527193096
 20
-605.5862487701761
 10
1732.782703623121
 20
-610.6846919704914
 10
1733.5841325894794
 20
-600.6190293173007
 10
1723.3330256519025
 20
-578.4613383574954
 10
1732.6621750823165
 20
-573.6455151343063
 10
1736.164178448159
 20
-568.2145713635999
 10
1737.04344413061
 20
-557.1713072521248
 10
1727.9984776273247
 20
-562.3643548838817
 10
1711.3569805207671
 20
-584.691857864881
 10
1703.4245469336336
 20
-579.7243317886177
 10
1697.6565730405216
 20
-579.7847572369761
 10
1686.7853735492974
 20
-586.0263123330344
  0
TEXT
  5
188
330
17
100
AcDbEntity
  8
NEW_CATALOGUE_LABELS
100
AcDbText
 10
1686.7853735492974
 20
-614.6846919704914
 30
0.0
 40
2.5
  1
W0173
100
AcDbText
  0
LWPOLYLINE
  5
189
330
17
100
AcDbEntity
  8
RECOVERED_OUTLINES
100
AcDbPolyline
 90
15
 70
1
 10
1798.4416559752356
 20
-587.1102462956785
 10
1830.507791734766
 20
-587.1102462956785
 10
1820.0610758481903
 20
-598.6707124054016
 10
1819.099759167275
 20
-604.7123987134798
 10
1826.1089161992122
 20
-610.6846919704914
 10
1836.188822838165
 20
-598.8938203594698
 10
1843.6989659585615
 20
-572.938401595168
 10
1859.4504374702694
 20
-567.2971680984346
 10
1868.6391365545337
 20
-560.9353851802699
 10
1879.698028062057
 20
-547.9993556518285
 10
1863.952672861375
 20
-554.082468111052
 10
1823.434734783226
 20
-580.236803907336
 10
1818.2351702069705
 20
-574.4178663760789
 10
1811.1338962511043
 20
-574.4886484724178
 10
1792.2094593961288
 20
-581.7999778231399
  0
TEXT
  5
18A
330
17
100
AcDbEntity
  8
NEW_CATALOGUE_LABELS
100
AcDbText
 10
1792.2094593961288
 20
-614.6846919704914
 30
0.0
 40
2.5
  1
W0174
100
AcDbText
  0
LWPOLYLINE
  5
18B
330
17
100
AcDbEntity
  8
RECOVERED_OUTLINES
100
AcDbPolyline
 90
15
 70
1
 10
1906.6525646311381
 20
-595.4235859692692
 10
1936.3508116278542
 20
-595.4235859692692
 10
1933.744319059417
 20
-602.9073461881792
 10
1936.5482572408046
 20
-606.8184801527086
 10
1946.6916669300558
 20
-610.6846919704914
 10
1948.8175524458059
 20
-603.0517769070907
 10
1939.9023396846942
 20
-586.2493289287983
 10
1951.0412555761657
 20
-582.5974312952826
 10
1955.661430507591
 20
-578.4790802294672
 10
1957.99378715713
 20
-570.1048380270552
 10
1947.1307285492478
 20
-574.0427895419342
 10
1925.5972013102457
 20
-590.9740080522001
 10
1917.2235280470313
 20
-587.2070722903179
 10
1910.6899205394575
 20
-587.2528936466338
 10
1897.6335452429598
 20
-591.9859411918588
  0
TEXT
  5
18C
330
17
100
AcDbEntity
  8
NEW_CATALOGUE_LABELS
100
AcDbText
 10
1897.6335452429598
 20
-614.6846919704914
 30
0.0
 40
2.5
  1
W0175
100
AcDbText
  0
LWPOLYLINE
  5
18D
330
17
100
AcDbEntity
  8
RECOVERED_OUTLINES
100
AcDbPolyline
 90
15
 70
1
 10
2014.9305133820503
 20
-594.4764555871294
 10
2052.0650987468493
 20
-594.4764555871294
 10
2050.1024231198753
 20
-602.4246707856071
 10
2054.28601580678
 20
-606.5785364241141
 10
2067.6390760563786
 20
-610.6846919704914
 10
2068.9749629592125
 20
-602.5780651223575
 10
2054.916584737352
 20
-584.7328284383652
 10
2068.211998229921
 20
-580.8542877816708
 10
2073.275592978841
 20
-576.4803447935898
 10
2074.7412244428933
 20
-567.586382774235
 10
2061.8402974233227
 20
-571.7687303062071
 10
2037.847984407827
 20
-589.7507292419833
 10
2026.7249948787032
 20
-585.7500109936049
 10
2018.563332653255
 20
-585.7986761017901
 10
2003.0576310897911
 20
-590.8254646858255
  0
TEXT
  5
18E
330
17
100
AcDbEntity
  8
NEW_CATALOGUE_LABELS
100
AcDbText
 10
2003.0576310897911
 20
-614.6846919704914
 30
0.0
 40
2.5
  1
W0176
100
AcDbText
  0
LWPOLYLINE
  5
18F
330
17
100
AcDbEntity
  8
RECOVERED_OUTLINES
100
AcDbPolyline
 90
15
 70
1
 10
2117.2618685707384
 20
-582.759808847504
 10
2145.0014372552428
 20
-582.759808847504
 10
2143.3417766801176
 20
-574.5057225905337
 10
2146.365776991631
 20
-570.1920037965751
 10
2156.240539571177
 20
-565.9278311215793
 10
2157.435845750434
 20
-574.3464251815869
 10
2147.368758495689
 20
-592.8783998686756
 10
2157.3948873288427
 20
-596.9061983532528
 10
2161.283903266574
 20
-601.4484637304668
 10
2162.595300467773
 20
-610.6846919704914
 10
2152.8564556464203
 20
-606.3413952147445
 10
2134.4963121261308
 20
-587.6673952559776
 10
2126.2848469691216
 20
-591.8220730908549
 10
2120.186892940154
 20
-591.7715352039666
 10
2108.4817169366224
 20
-586.5513007825168
  0
TEXT
  5
190
330
17
100
AcDbEntity
  8
NEW_CATALOGUE_LABELS
100
AcDbText
 10
2108.4817169366224
 20
-614.6846919704914
 30
0.0
 40
2.5
  1
W0177
100
AcDbText
  0
LWPOLYLINE
  5
191
330
17
100
AcDbEntity
  8
RECOVERED_OUTLINES
100
AcDbPolyline
 90
15
 70
1
 10
2222.468337001588
 20
-578.039525810774
 10
2247.3714287256425
 20
-578.039525810774
 10
2247.362242639565
 20
-568.390209959793
 10
2250.850900551751
 20
-563.3473216449211
 10
2260.480915613767
 20
-558.3623544779726
 10
2260.043716919992
 20
-568.2039857109402
 10
2247.6814257527185
 20
-589.8685130166848
 10
2255.9597649589978
 20
-594.5771504783986
 10
2258.6362401171264
 20
-599.8872177516478
 10
2258.1565796306886
 20
-610.6846919704914
 10
2250.192748355469
 20
-605.6072259826176
 10
2237.0600808579647
 20
-583.7766661612706
 10
2228.94292786975
 20
-588.633630026162
 10
2223.4775793595077
 20
-588.5745494668068
 10
2213.905802783453
 20
-582.4719126417805
  0
TEXT
  5
192
330
17
100
AcDbEntity
  8
NEW_CATALOGUE_LABELS
100
AcDbText
 10
2213.905802783453
 20
-614.6846919704914
 30
0.0
 40
2.5
  1
W0178
100
AcDbText
  0
LWPOLYLINE
  5
193
330
17
100
AcDbEntity
  8
RECOVERED_OUTLINES
100
AcDbPolyline
 90
15
 70
1
 10
2327.495031761856
 20
-576.1846171542595
 10
2351.290707763941
 20
-576.1846171542595
 10
2351.245740330378
 20
-565.9870241276053
 10
2354.5603476980164
 20
-560.6575973052152
 10
2363.7434294046006
 20
-555.3893827286755
 10
2363.3625836260503
 20
-565.790218558089
 10
2351.6312842516268
 20
-588.6857311509697
 10
2359.5591537325354
 20
-593.6619148811078
 10
2362.1365241560384
 20
-599.2737018547142
 10
2361.7186897160036
 20
-610.6846919704914
 10
2354.0899590166337
 20
-605.3187227607935
 10
2341.4594124760656
 20
-582.2477436323104
 10
2333.7214372939507
 20
-587.3806817187233
 10
2328.4989058143224
 20
-587.3182441833171
 10
2319.329888630284
 20
-580.868853605563
  0
TEXT
  5
194
330
17
100
AcDbEntity
  8
NEW_CATALOGUE_LABELS
100
AcDbText
 10
2319.329888630284
 20
-614.6846919704914
 30
0.0
 40
2.5
  1
W0179
100
AcDbText
  0
LWPOLYLINE
  5
195
330
17
100
AcDbEntity
  8
RECOVERED_OUTLINES
100
AcDbPolyline
 90
15
 70
1
 10
2432.675569699632
 20
-589.5242726949164
 10
2456.7229219015244
 20
-589.5242726949164
 10
2455.9592706740664
 20
-599.9009455243512
 10
2458.9335879561368
 20
-605.323962344086
 10
2467.8427589287285
 20
-610.6846919704915
 10
2468.1904075340863
 20
-600.1012071939964
 10
2457.947543818383
 20
-576.8036267926656
 10
2466.3097313995345
 20
-571.7400563626794
 10
2469.3095951130003
 20
-566.029720868667
 10
2469.691008190234
 20
-554.4183424991005
 10
2461.6036709727305
 20
-559.8785434265467
 10
2447.214666482651
 20
-583.3546717291031
 10
2439.7563588652215
 20
-578.1315941815647
 10
2434.4741935859806
 20
-578.1951281817442
 10
2424.753974477115
 20
-584.7577764262537
  0
TEXT
  5
196
330
17
100
AcDbEntity
  8
NEW_CATALOGUE_LABELS
100
AcDbText
 10
2424.753974477115
 20
-614.6846919704915
 30
0.0
 40
2.5
  1
W0180
100
AcDbText
  0
LWPOLYLINE
  5
197
330
17
100
AcDbEntity
  8
RECOVERED_OUTLINES
100
AcDbPolyline
 90
15
 70
1
 10
2538.276177335757
 20
-592.5794258841727
 10
2561.26587013802
 20
-592.5794258841727
 10
2561.6785848094687
 20
-601.4579088773922
 10
2565.119319198777
 20
-606.0979474906733
 10
2574.2270187198533
 20
-610.6846919704915
 10
2573.3938220903824
 20
-601.6292566549859
 10
2561.035710784439
 20
-581.695393963504
 10
2568.4724606572245
 20
-577.362904668855
 10
2570.711506372371
 20
-572.4770306124469
 10
2569.797387674669
 20
-562.5421095566725
 10
2562.6670803503916
 20
-567.2139636153624
 10
2551.4963546528297
 20
-587.3005953620669
 10
2543.7908656534564
 20
-582.8316286768551
 10
2538.748019463961
 20
-582.8859896024964
 10
2530.1780603239467
 20
-588.5011190170118
  0
TEXT
  5
198
330
17
100
AcDbEntity
  8
NEW_CATALOGUE_LABELS
100
AcDbText
 10
2530.1780603239467
 20
-614.6846919704915
 30
0.0
 40
2.5
  1
W0181
100
AcDbText
  0
LWPOLYLINE
  5
199
330
17
100
AcDbEntity
  8
RECOVERED_OUTLINES
100
AcDbPolyline
 90
15
 70
1
 10
2644.732479725344
 20
-574.5520279250164
 10
2666.6691300553857
 20
-574.5520279250164
 10
2670.117602379052
 20
-563.8718712915238
 10
2674.997149710291
 20
-558.2902489340627
 10
2685.265750969191
 20
-552.7727354669898
 10
2681.355176011726
 20
-563.6657526218256
 10
2662.7048374877563
 20
-587.6447111914537
 10
2668.3103444790772
 20
-592.8563745257327
 10
2668.765834787997
 20
-598.7337186906993
 10
2664.4754553494095
 20
-610.6846919704914
 10
2659.2791135213406
 20
-605.0647979915614
 10
2655.530913541638
 20
-580.9020695774931
 10
2646.6408162913954
 20
-586.2779050917779
 10
2641.847660581142
 20
-586.2125129295093
 10
2635.6021461707774
 20
-579.4579286485964
  0
TEXT
  5
19A
330
17
100
AcDbEntity
  8
NEW_CATALOGUE_LABELS
100
AcDbText
 10
2635.6021461707774
 20
-614.6846919704914
 30
0.0
 40
2.5
  1
W0182
100
AcDbText
  0
LWPOLYLINE
  5
19B
330
17
100
AcDbEntity
  8
RECOVERED_OUTLINES
100
AcDbPolyline
 90
15
 70
1
 10
7.318091266728222
 20
-679.5670526041417
 10
33.40921138809437
 20
-679.5670526041417
 10
29.801159786274305
 20
-669.8428791334969
 10
31.575651604868444
 20
-664.7608690175242
 10
39.806080509262756
 20
-659.7372293910997
 10
43.018170412248175
 20
-669.6552101911335
 10
38.14526847517053
 20
-691.487806919653
 10
48.57448186885692
 20
-696.2329731257554
 10
53.3588738304981
 20
-701.5842349253801
 10
56.882929659770944
 20
-712.4654739655732
 10
46.64568442869998
 20
-707.348617929364
 10
24.745446741965313
 20
-685.3487006354882
 10
18.05231755081261
 20
-690.2433439337542
 10
12.30420644533385
 20
-690.1838050382736
 10
1.0408340855860843e-14
 20
-684.0338250778944
  0
TEXT
  5
19C
330
17
100
AcDbEntity
  8
NEW_CATALOGUE_LABELS
100
AcDbText
 10
1.0408340855860843e-14
 20
-716.4654739655732
 30
0.0
 40
2.5
  1
W0183
100
AcDbText
  0
LWPOLYLINE
  5
19D
330
17
100
AcDbEntity
  8
RECOVERED_OUTLINES
100
AcDbPolyline
 90
15
 70
1
 10
116.13957947001389
 20
-695.8338813472752
 10
145.02810436927263
 20
-695.8338813472752
 10
146.72123809328872
 20
-703.9897025049271
 10
151.65864088143627
 20
-708.2520663708509
 10
163.71002220843172
 20
-712.4654739655732
 10
161.46510798641356
 20
-704.1471034743137
 10
143.29905579115714
 20
-685.8357524003663
 10
152.07083213967988
 20
-681.8559049555286
 10
154.23803998071284
 20
-677.3677153590281
 10
151.77509426958335
 20
-668.2414446427172
 10
143.43328341755299
 20
-672.5330343440685
 10
132.05353929448705
 20
-690.9847198753517
 10
121.77973666566297
 20
-686.8795035819909
 10
115.45015834334474
 20
-686.9294398140964
 10
105.42408584683109
 20
-692.087527216734
  0
TEXT
  5
19E
330
17
100
AcDbEntity
  8
NEW_CATALOGUE_LABELS
100
AcDbText
 10
105.42408584683109
 20
-716.4654739655732
 30
0.0
 40
2.5
  1
W0184
100
AcDbText
  0
LWPOLYLINE
  5
19F
330
17
100
AcDbEntity
  8
RECOVERED_OUTLINES
100
AcDbPolyline
 90
15
 70
1
 10
217.55302033475743
 20
-683.8006799344978
 10
236.96598985127474
 20
-683.8006799344978
 10
237.02415229509688
 20
-675.3278895049465
 10
239.7778416087041
 20
-670.8998723779915
 10
247.31857566679827
 20
-666.5227141673964
 10
246.91113626625568
 20
-675.1643712765252
 10
237.12756591938657
 20
-694.1873779281524
 10
243.54899066004748
 20
-698.3218988660052
 10
245.59946376356382
 20
-702.9845182545585
 10
245.15245286476457
 20
-712.4654739655731
 10
238.97869667947876
 20
-708.0070951651679
 10
228.88903723367528
 20
-688.8383000731045
 10
222.52850703949193
 20
-693.1030622165205
 10
218.26844628241165
 20
-693.0511852538832
 10
210.84817169366224
 20
-687.6926330327066
  0
TEXT
  5
1A0
330
17
100
AcDbEntity
  8
NEW_CATALOGUE_LABELS
100
AcDbText
 10
210.84817169366224
 20
-716.4654739655731
 30
0.0
 40
2.5
  1
W0185
100
AcDbText
  0
LWPOLYLINE
  5
1A1
330
17
100
AcDbEntity
  8
RECOVERED_OUTLINES
100
AcDbPolyline
 90
15
 70
1
 10
323.9188716325064
 20
-692.1293992552618
 10
346.524900355753
 20
-692.1293992552618
 10
346.2420169224848
 20
-702.1018289673432
 10
349.2653992937295
 20
-707.3135818048071
 10
357.86530756896354
 20
-712.4654739655733
 10
357.74845259094235
 20
-702.2942890609963
 10
347.14286444432037
 20
-679.9043104201749
 10
354.79158033102044
 20
-675.0380010515329
 10
357.37226054552684
 20
-669.5501225877435
 10
357.2440563299188
 20
-658.3910876490664
 10
349.87034414114436
 20
-663.6385760162759
 10
337.3279064763074
 20
-686.2001468836695
 10
330.09767178564863
 20
-681.1805443020186
 10
325.1347664470678
 20
-681.2416032138232
 10
316.27225754049334
 20
-687.5485909563529
  0
TEXT
  5
1A2
330
17
100
AcDbEntity
  8
NEW_CATALOGUE_LABELS
100
AcDbText
 10
316.27225754049334
 20
-716.4654739655733
 30
0.0
 40
2.5
  1
W0186
100
AcDbText
  0
LWPOLYLINE
  5
1A3
330
17
100
AcDbEntity
  8
RECOVERED_OUTLINES
100
AcDbPolyline
 90
15
 70
1
 10
428.9190908800773
 20
-695.334657260428
 10
450.31303180043676
 20
-695.334657260428
 10
450.01511834076496
 20
-703.7352885492179
 10
452.86061152073705
 20
-708.1255941437308
 10
460.9838102575127
 20
-712.4654739655732
 10
460.9040202934762
 20
-703.8974141626607
 10
450.9348809000754
 20
-685.0364183415967
 10
458.18822443179425
 20
-680.9371093543776
 10
460.6471519059857
 20
-676.314199505624
 10
460.55961254800604
 20
-666.9139890488902
 10
453.56537334023915
 20
-671.334397739436
 10
441.62711587049273
 20
-690.3399403829967
 10
434.7997511082984
 20
-686.1114993989885
 10
430.10276144197996
 20
-686.1629345476708
 10
421.69634338732436
 20
-691.4758502660661
  0
TEXT
  5
1A4
330
17
100
AcDbEntity
  8
NEW_CATALOGUE_LABELS
100
AcDbText
 10
421.69634338732436
 20
-716.4654739655732
 30
0.0
 40
2.5
  1
W0187
100
AcDbText
  0
LWPOLYLINE
  5
1A5
330
17
100
AcDbEntity
  8
RECOVERED_OUTLINES
100
AcDbPolyline
 90
15
 70
1
 10
536.316702431111
 20
-691.9583549943902
 10
560.9316814084324
 20
-691.9583549943902
 10
562.5179131385555
 20
-702.0146616047175
 10
566.7999451006035
 20
-707.2702498639443
 10
577.1427066178112
 20
-712.4654739655732
 10
575.0834591867235
 20
-702.2087404569037
 10
559.282417590302
 20
-679.6304424180614
 10
566.6865075141569
 20
-674.7232031108258
 10
568.4541095754697
 20
-669.1891667660803
 10
566.194863062259
 20
-657.9362745363421
 10
559.1626204587902
 20
-663.2278988925265
 10
549.7911136431285
 20
-685.9792323993715
 10
540.9648740142738
 20
-680.9174105484822
 10
535.5725237980461
 20
-680.9789830193973
 10
527.1204292341556
 20
-687.3390180717994
  0
TEXT
  5
1A6
330
17
100
AcDbEntity
  8
NEW_CATALOGUE_LABELS
100
AcDbText
 10
527.1204292341556
 20
-716.4654739655732
 30
0.0
 40
2.5
  1
W0188
100
AcDbText
  0
LWPOLYLINE
  5
1A7
330
17
100
AcDbEntity
  8
RECOVERED_OUTLINES
100
AcDbPolyline
 90
15
 70
1
 10
639.0369378743111
 20
-687.0459413273426
 10
665.7711552527225
 20
-687.0459413273426
 10
659.8840081951129
 20
-699.5112034863264
 10
660.557622969592
 20
-706.0257508235826
 10
667.8594483049318
 20
-712.4654739655732
 10
673.3845249378428
 20
-699.7517732964724
 10
673.3088442453318
 20
-671.7649173797275
 10
685.0638662226635
 20
-665.682164853194
 10
691.1714426610777
 20
-658.822468096956
 10
697.2331280757021
 20
-644.8739821243397
 10
685.5910906693008
 20
-651.4331978884017
 10
658.1960385702401
 20
-679.6345393568545
 10
652.4403508217989
 20
-673.3601745409875
 10
646.5371496676718
 20
-673.4364964970964
 10
632.5445150809867
 20
-681.3200572655305
  0
TEXT
  5
1A8
330
17
100
AcDbEntity
  8
NEW_CATALOGUE_LABELS
100
AcDbText
 10
632.5445150809867
 20
-716.4654739655732
 30
0.0
 40
2.5
  1
W0189
100
AcDbText
  0
LWPOLYLINE
  5
1A9
330
17
100
AcDbEntity
  8
RECOVERED_OUTLINES
100
AcDbPolyline
 90
15
 70
1
 10
750.7308952182599
 20
-658.9770296569877
 10
779.1397550720305
 20
-658.9770296569877
 10
785.6479978806981
 20
-643.1668208503917
 10
793.0345660143624
 20
-634.9041503691096
 10
807.3879201863722
 20
-626.7363825168981
 10
800.240530963461
 20
-642.8616961861477
 10
771.5021646755378
 20
-678.3585858817212
 10
777.7649169575992
 20
-686.0735931023302
 10
777.2308910090419
 20
-694.7740309016178
 10
769.389330088947
 20
-712.4654739655732
 10
763.7345279947954
 20
-704.1461486666185
 10
763.5010120254437
 20
-668.3772180532329
 10
750.9599695479434
 20
-676.3352550846581
 10
744.7651414817911
 20
-676.2384527834131
 10
737.9686009278176
 20
-666.239405808007
  0
TEXT
  5
1AA
330
17
100
AcDbEntity
  8
NEW_CATALOGUE_LABELS
100
AcDbText
 10
737.9686009278176
 20
-716.4654739655732
 30
0.0
 40
2.5
  1
W0190
100
AcDbText
  0
LWPOLYLINE
  5
1AB
330
17
100
AcDbEntity
  8
RECOVERED_OUTLINES
100
AcDbPolyline
 90
15
 70
1
 10
856.5553114594646
 20
-678.793949046232
 10
895.2122667273837
 20
-678.793949046232
 10
894.9172654035797
 20
-668.8412602609679
 10
900.185972906922
 20
-663.6398243507047
 10
914.9895661821444
 20
-658.4981306199152
 10
914.5972417714789
 20
-668.6491811517621
 10
896.0376318972178
 20
-690.9948377023259
 10
909.0250552933354
 20
-695.8515139665097
 10
913.334229061075
 20
-701.3285288985157
 10
912.9038011564618
 20
-712.4654739655731
 10
900.3938561084854
 20
-707.2283732658451
 10
879.3729277432053
 20
-684.7114641641632
 10
866.9140191495054
 20
-689.7211301897212
 10
858.4284647613779
 20
-689.6601921471074
 10
843.3926867746488
 20
-683.3656894044279
  0
TEXT
  5
1AC
330
17
100
AcDbEntity
  8
NEW_CATALOGUE_LABELS
100
AcDbText
 10
843.3926867746488
 20
-716.4654739655731
 30
0.0
 40
2.5
  1
W0191
100
AcDbText
  0
LWPOLYLINE
  5
1AD
330
17
100
AcDbEntity
  8
RECOVERED_OUTLINES
100
AcDbPolyline
 90
15
 70
1
 10
957.7530988689875
 20
-680.0783623403669
 10
984.0962581070837
 20
-680.0783623403669
 10
983.8223563580177
 20
-670.5053227043112
 10
987.3746853249783
 20
-665.5022975713364
 10
997.425092619156
 20
-660.5567357293762
 10
997.2320618796855
 20
-670.320570526748
 10
984.7480420310388
 20
-691.8138433967845
 10
993.6340073274644
 20
-696.4852598732408
 10
996.6106366743651
 20
-701.7533519599733
 10
996.3988583234454
 20
-712.4654739655732
 10
987.8354899658316
 20
-707.428144490272
 10
973.3457120982534
 20
-685.7701515636758
 10
964.8921463888291
 20
-690.5887219481003
 10
959.1091364128372
 20
-690.5301084106059
 10
948.81677262148
 20
-684.4757119007755
  0
TEXT
  5
1AE
330
17
100
AcDbEntity
  8
NEW_CATALOGUE_LABELS
100
AcDbText
 10
948.81677262148
 20
-716.4654739655732
 30
0.0
 40
2.5
  1
W0192
100
AcDbText
  0
LWPOLYLINE
  5
1AF
330
17
100
AcDbEntity
  8
RECOVERED_OUTLINES
100
AcDbPolyline
 90
15
 70
1
 10
1069.7019644869308
 20
-673.8547229422581
 10
1105.0911757831143
 20
-673.8547229422581
 10
1112.2471758623362
 20
-662.4420889846069
 10
1120.9514909647178
 20
-656.4776621469157
 10
1138.340114477532
 20
-650.5817409804936
 10
1130.4068846405034
 20
-662.2218340754488
 10
1096.743242925177
 20
-687.845341878944
 10
1105.0090719467978
 20
-693.4144367888553
 10
1104.86738251845
 20
-699.6948669267013
 10
1096.1636582465492
 20
-712.4654739655732
 10
1088.618794002216
 20
-706.4601507232902
 10
1086.175491407056
 20
-680.6402695856743
 10
1071.0318627304368
 20
-686.3847960983918
 10
1063.3090760570167
 20
-686.3149191445905
 10
1054.2408584683112
 20
-679.0970851202821
  0
TEXT
  5
1B0
330
17
100
AcDbEntity
  8
NEW_CATALOGUE_LABELS
100
AcDbText
 10
1054.2408584683112
 20
-716.4654739655732
 30
0.0
 40
2.5
  1
W0193
100
AcDbText
  0
LWPOLYLINE
  5
1B1
330
17
100
AcDbEntity
  8
RECOVERED_OUTLINES
100
AcDbPolyline
 90
15
 70
1
 10
1168.1681856021426
 20
-678.8447644619528
 10
1192.3402026923336
 20
-678.8447644619528
 10
1192.7494351060973
 20
-668.9070957869857
 10
1196.354208578787
 20
-663.7135096289614
 10
1205.9175387312484
 20
-658.5795754904407
 10
1205.0666920564388
 20
-668.715306554161
 10
1192.1284952862068
 20
-691.0272401346517
 10
1199.959762375841
 20
-695.8765869409635
 10
1202.3275554244178
 20
-701.3453362303726
 10
1201.3940724663616
 20
-712.4654739655732
 10
1193.8840633877517
 20
-707.236276841637
 10
1182.0829463812759
 20
-684.753349155988
 10
1173.993612506945
 20
-689.7554548390216
 10
1168.691269271107
 20
-689.6946087611161
 10
1159.664944315142
 20
-683.4096053735859
  0
TEXT
  5
1B2
330
17
100
AcDbEntity
  8
NEW_CATALOGUE_LABELS
100
AcDbText
 10
1159.664944315142
 20
-716.4654739655732
 30
0.0
 40
2.5
  1
W0194
100
AcDbText
  0
LWPOLYLINE
  5
1B3
330
17
100
AcDbEntity
  8
RECOVERED_OUTLINES
100
AcDbPolyline
 90
15
 70
1
 10
1270.8740844433275
 20
-674.5459032479848
 10
1291.8677470974028
 20
-674.5459032479848
 10
1288.7397394146724
 20
-663.3375695854309
 10
1290.0500277562217
 20
-657.4799133817187
 10
1296.5562977978682
 20
-651.6895365128393
 10
1299.3701850398274
 20
-663.1212575121777
 10
1295.9541749951738
 20
-688.2860727627434
 10
1304.4555481291497
 20
-693.755473970242
 10
1308.4289518553053
 20
-699.9234766233142
 10
1311.5161306197374
 20
-712.4654739655731
 10
1303.1606254515527
 20
-706.5676534536069
 10
1285.030331220004
 20
-681.2099801950284
 10
1279.7580335979326
 20
-686.8516725621754
 10
1275.13156193921
 20
-686.7830464924675
 10
1265.0890301619734
 20
-679.6944206445191
  0
TEXT
  5
1B4
330
17
100
AcDbEntity
  8
NEW_CATALOGUE_LABELS
100
AcDbText
 10
1265.0890301619734
 20
-716.4654739655731
 30
0.0
 40
2.5
  1
W0195
100
AcDbText
  0
LWPOLYLINE
  5
1B5
330
17
100
AcDbEntity
  8
RECOVERED_OUTLINES
100
AcDbPolyline
 90
15
 70
1
 10
1379.6601262472236
 20
-679.8389418566703
 10
1402.8652717479004
 20
-679.8389418566703
 10
1405.400077470701
 20
-670.1951338913286
 10
1409.9800750815375
 20
-665.1551240864527
 10
1420.26743208641
 20
-660.173002367772
 10
1417.2659865911041
 20
-670.0090159403609
 10
1400.0362495238674
 20
-691.6611770078481
 10
1406.5090517204917
 20
-696.367126751898
 10
1407.603412183036
 20
-701.674163007847
 10
1404.3104590548726
 20
-712.4654739655732
 10
1398.2279367412245
 20
-707.3909062248325
 10
1391.7447789549137
 20
-685.5728074140688
 10
1382.9008729363702
 20
-690.4269988957224
 10
1377.8237360600199
 20
-690.3679520598943
 10
1370.5131160088047
 20
-684.2687986554804
  0
TEXT
  5
1B6
330
17
100
AcDbEntity
  8
NEW_CATALOGUE_LABELS
100
AcDbText
 10
1370.5131160088047
 20
-716.4654739655732
 30
0.0
 40
2.5
  1
W0196
100
AcDbText
  0
LWPOLYLINE
  5
1B7
330
17
100
AcDbEntity
  8
RECOVERED_OUTLINES
100
AcDbPolyline
 90
15
 70
1
 10
1484.672987437728
 20
-681.9734904557515
 10
1508.8311954491755
 20
-681.9734904557515
 10
1509.7570188760549
 20
-672.9606161340321
 10
1513.6298339889743
 20
-668.2503424418527
 10
1523.454699454145
 20
-663.5941695828167
 10
1522.0772134930169
 20
-672.7866747089107
 10
1507.9860393078507
 20
-693.0222711865905
 10
1515.5606342675333
 20
-697.420340264685
 10
1517.642663335007
 20
-702.3801705482799
 10
1516.1313926116868
 20
-712.4654739655732
 10
1508.897626873964
 20
-707.7229032457168
 10
1498.2725132781222
 20
-687.3322252866601
 10
1489.9276579766786
 20
-691.8688375787063
 10
1484.6315082833041
 20
-691.8136538056236
 10
1475.9372018556353
 20
-686.1135296118998
  0
TEXT
  5
1B8
330
17
100
AcDbEntity
  8
NEW_CATALOGUE_LABELS
100
AcDbText
 10
1475.9372018556353
 20
-716.4654739655732
 30
0.0
 40
2.5
  1
W0197
100
AcDbText
  0
LWPOLYLINE
  5
1B9
330
17
100
AcDbEntity
  8
RECOVERED_OUTLINES
100
AcDbPolyline
 90
15
 70
1
 10
1591.9956333001055
 20
-679.2234642067634
 10
1622.4794020232641
 20
-679.2234642067634
 10
1622.801203569169
 20
-669.3977322709904
 10
1627.24571021076
 20
-664.2626460608177
 10
1639.2058268854535
 20
-659.1865399567685
 10
1638.330969861422
 20
-669.2081033296824
 10
1622.4505905016024
 20
-691.2687178964486
 10
1632.4215516846407
 20
-696.063442226758
 10
1635.5145365447597
 20
-701.4705921629436
 10
1634.5547112943975
 20
-712.4654739655732
 10
1624.9814680516897
 20
-707.295177907249
 10
1609.6593074953528
 20
-685.0654952929522
 10
1599.5554968891784
 20
-690.0112578418386
 10
1592.8674261753606
 20
-689.9510971270478
 10
1581.3612877024668
 20
-683.7368872835603
  0
TEXT
  5
1BA
330
17
100
AcDbEntity
  8
NEW_CATALOGUE_LABELS
100
AcDbText
 10
1581.3612877024668
 20
-716.4654739655732
 30
0.0
 40
2.5
  1
W0198
100
AcDbText
  0
LWPOLYLINE
  5
1BB
330
17
100
AcDbEntity
  8
RECOVERED_OUTLINES
100
AcDbPolyline
 90
15
 70
1
 10
1695.349246160747
 20
-692.6594516949791
 10
1720.3203708779397
 20
-692.6594516949791
 10
1720.2631487966944
 20
-702.3719536297436
 10
1723.7362461350249
 20
-707.4478640125525
 10
1733.3677664462405
 20
-712.4654739655732
 10
1732.9783411445123
 20
-702.5593973205935
 10
1720.6900708078629
 20
-680.7530053833442
 10
1729.014453868985
 20
-676.0135346101546
 10
1731.724661555722
 20
-670.6686957157038
 10
1731.2974143285053
 20
-659.8005169908437
 10
1723.286563271471
 20
-664.9112314697267
 10
1710.009398915961
 20
-686.8847431441601
 10
1701.8942367907407
 20
-681.9959746901725
 10
1696.4136634831375
 20
-682.055442123502
 10
1686.7853735492977
 20
-688.1980405092942
  0
TEXT
  5
1BC
330
17
100
AcDbEntity
  8
NEW_CATALOGUE_LABELS
100
AcDbText
 10
1686.7853735492977
 20
-716.4654739655732
 30
0.0
 40
2.5
  1
W0199
100
AcDbText
  0
LWPOLYLINE
  5
1BD
330
17
100
AcDbEntity
  8
RECOVERED_OUTLINES
100
AcDbPolyline
 90
15
 70
1
 10
1800.555598777444
 20
-694.0771785654684
 10
1825.5952237764486
 20
-694.0771785654684
 10
1825.0126963444607
 20
-703.0944538270287
 10
1828.2208699873354
 20
-707.8070275214511
 10
1837.6075125284565
 20
-712.4654739655732
 10
1837.7526337965016
 20
-703.268480186847
 10
1826.6097113217436
 20
-683.0230027722357
 10
1835.2131896256892
 20
-678.6227861397942
 10
1838.2198237064538
 20
-673.6605339967656
 10
1838.3790395024157
 20
-663.5703059780597
 10
1830.0698803822606
 20
-668.3151924706302
 10
1815.5682015333648
 20
-688.7158270921025
 10
1807.6951104488874
 20
-684.1769995957753
 10
1802.1962875802596
 20
-684.2322103148088
 10
1792.209459396129
 20
-689.9351178496473
  0
TEXT
  5
1BE
330
17
100
AcDbEntity
  8
NEW_CATALOGUE_LABELS
100
AcDbText
 10
1792.209459396129
 20
-716.4654739655732
 30
0.0
 40
2.5
  1
W0200
100
AcDbText
  0
LWPOLYLINE
  5
1BF
330
17
100
AcDbEntity
  8
RECOVERED_OUTLINES
100
AcDbPolyline
 90
15
 70
1
 10
1903.6204125992233
 20
-678.696354361272
 10
1922.698016751758
 20
-678.696354361272
 10
1921.4442863601437
 20
-668.7148183667167
 10
1923.4653135218555
 20
-663.4983064389515
 10
1930.1985564317645
 20
-658.3417098494108
 10
1931.1351703524151
 20
-668.5221825289342
 10
1924.4638043928587
 20
-690.9326064850875
 10
1931.4139792395006
 20
-695.8033595037723
 10
1934.1504180769107
 20
-701.2962492008235
 10
1935.1779982027904
 20
-712.4654739655732
 10
1928.4211069119394
 20
-707.2131938763129
 10
1915.540003581144
 20
-684.6310210048637
 10
1909.9491865027653
 20
-689.6552072156134
 10
1905.754693412682
 20
-689.594092548119
 10
1897.63354524296
 20
-683.2813456061162
  0
TEXT
  5
1C0
330
17
100
AcDbEntity
  8
NEW_CATALOGUE_LABELS
100
AcDbText
 10
1897.63354524296
 20
-716.4654739655732
 30
0.0
 40
2.5
  1
W0201
100
AcDbText
  0
LWPOLYLINE
  5
1C1
330
17
100
AcDbEntity
  8
RECOVERED_OUTLINES
100
AcDbPolyline
 90
15
 70
1
 10
2009.999559553462
 20
-697.1434563368526
 10
2032.044641890176
 20
-697.1434563368526
 10
2030.6477471658923
 20
-704.6570864757217
 10
2033.0102384904892
 20
-708.5838309428664
 10
2040.8176088275334
 20
-712.4654739655732
 10
2041.8470269242941
 20
-704.8020936607259
 10
2034.0215307480576
 20
-687.9325820992152
 10
2042.0274877137165
 20
-684.2661086526296
 10
2045.1610397799395
 20
-680.1313200189204
 10
2046.2904374475693
 20
-671.7236537172607
 10
2038.5098107576437
 20
-675.6773227716001
 10
2023.7423874366636
 20
-692.6761188266986
 10
2017.2558325114721
 20
-688.8941481002521
 10
2012.4092129759372
 20
-688.9401523432728
 10
2003.0576310897911
 20
-693.6920908934476
  0
TEXT
  5
1C2
330
17
100
AcDbEntity
  8
NEW_CATALOGUE_LABELS
100
AcDbText
 10
2003.0576310897911
 20
-716.4654739655732
 30
0.0
 40
2.5
  1
W0202
100
AcDbText
  0
LWPOLYLINE
  5
1C3
330
17
100
AcDbEntity
  8
RECOVERED_OUTLINES
100
AcDbPolyline
 90
15
 70
1
 10
2118.3754009270024
 20
-696.476082666719
 10
2146.370526993052
 20
-696.476082666719
 10
2146.943642733619
 20
-704.3169803393627
 10
2151.170378143846
 20
-708.4147601055272
 10
2162.2974958194054
 20
-712.4654739655732
 10
2161.2109426931224
 20
-704.4683035318013
 10
2146.00377864214
 20
-686.8640148595359
 10
2155.025272479153
 20
-683.0378426121924
 10
2157.712994638611
 20
-678.7229570008808
 10
2156.5209128494507
 20
-669.94908206711
 10
2147.875278171269
 20
-674.0749591616191
 10
2134.432000532304
 20
-691.8141635092832
 10
2125.013325597293
 20
-687.8674633232312
 10
2118.872957112096
 20
-687.9154713506913
 10
2108.481716936622
 20
-692.8743877772351
  0
TEXT
  5
1C4
330
17
100
AcDbEntity
  8
NEW_CATALOGUE_LABELS
100
AcDbText
 10
2108.481716936622
 20
-716.4654739655732
 30
0.0
 40
2.5
  1
W0203
100
AcDbText
  0
LWPOLYLINE
  5
1C5
330
17
100
AcDbEntity
  8
RECOVERED_OUTLINES
100
AcDbPolyline
 90
15
 70
1
 10
2222.636473018472
 20
-691.0121374926487
 10
2248.83296075547
 20
-691.0121374926487
 10
2248.2211872113985
 20
-701.5324514231139
 10
2251.576363530805
 20
-707.0305374022699
 10
2261.395475924734
 20
-712.4654739655732
 10
2261.549681069779
 20
-701.7354852536623
 10
2249.8971784309015
 20
-678.1154035886605
 10
2258.8992867021116
 20
-672.9817397054388
 10
2262.046114768287
 20
-667.1923577876742
 10
2262.2152966893145
 20
-655.4202466667815
 10
2253.5210163654756
 20
-660.9560314818531
 10
2238.344064125602
 20
-684.7571326319438
 10
2230.108400260541
 20
-679.4617536230384
 10
2224.3555104522143
 20
-679.5261671049061
 10
2213.905802783453
 20
-686.1796600772983
  0
TEXT
  5
1C6
330
17
100
AcDbEntity
  8
NEW_CATALOGUE_LABELS
100
AcDbText
 10
2213.905802783453
 20
-716.4654739655732
 30
0.0
 40
2.5
  1
W0204
100
AcDbText
  0
LWPOLYLINE
  5
1C7
330
17
100
AcDbEntity
  8
RECOVERED_OUTLINES
100
AcDbPolyline
 90
15
 70
1
 10
2325.750416584748
 20
-684.5673473476197
 10
2356.169210021196
 20
-684.5673473476197
 10
2347.366181091596
 20
-698.248065517642
 10
2347.0327890752674
 20
-705.3978297977329
 10
2354.253756528645
 20
-712.4654739655732
 10
2362.6867572745577
 20
-698.5120926781499
 10
2367.3256455741
 20
-667.7963096180993
 10
2381.7277202564605
 20
-661.1204433625692
 10
2389.8351753678094
 20
-653.5918750214475
 10
2399.0872095058553
 20
-638.2833076559114
 10
2384.733250283641
 20
-645.4820958675036
 10
2348.801333324196
 20
-676.4332784199221
 10
2343.3116786498204
 20
-669.5471162480407
 10
2336.581998313267
 20
-669.6308801639854
 10
2319.329888630284
 20
-678.2831468932059
  0
TEXT
  5
1C8
330
17
100
AcDbEntity
  8
NEW_CATALOGUE_LABELS
100
AcDbText
 10
2319.329888630284
 20
-716.4654739655732
 30
0.0
 40
2.5
  1
W0205
100
AcDbText
  0
LWPOLYLINE
  5
1C9
330
17
100
AcDbEntity
  8
RECOVERED_OUTLINES
100
AcDbPolyline
 90
15
 70
1
 10
2433.362001618748
 20
-697.1522269419102
 10
2468.468943802662
 20
-697.1522269419102
 10
2460.9171665297345
 20
-704.6615561405184
 10
2461.8953623230427
 20
-708.5860528668161
 10
2471.5765418566207
 20
-712.4654739655732
 10
2478.6492839728794
 20
-704.8064803207395
 10
2478.1477228312574
 20
-687.9466251783117
 10
2493.4968169542485
 20
-684.2822504886477
 10
2501.4186119764377
 20
-680.1498286840979
 10
2509.1782758826625
 20
-671.746975085463
 10
2493.984398174186
 20
-675.6983809868258
 10
2458.414919208649
 20
-692.6874466180163
 10
2450.7664788081997
 20
-688.9076407612616
 10
2443.015587226495
 20
-688.9536186706065
 10
2424.753974477115
 20
-693.7028371236446
  0
TEXT
  5
1CA
330
17
100
AcDbEntity
  8
NEW_CATALOGUE_LABELS
100
AcDbText
 10
2424.753974477115
 20
-716.4654739655732
 30
0.0
 40
2.5
  1
W0206
100
AcDbText
  0
LWPOLYLINE
  5
1CB
330
17
100
AcDbEntity
  8
RECOVERED_OUTLINES
100
AcDbPolyline
 90
15
 70
1
 10
2538.110107543923
 20
-694.1465365562011
 10
2561.9261731847405
 20
-694.1465365562011
 10
2561.3584857084215
 20
-703.1297999596519
 10
2564.4027714409085
 20
-707.8245985076828
 10
2573.323697448914
 20
-712.4654739655732
 10
2573.4756241366645
 20
-703.3031699172104
 10
2562.907790855746
 20
-683.1340555152844
 10
2571.097509627189
 20
-678.750435863573
 10
2573.9647227817186
 20
-673.8069006179327
 10
2574.131404956178
 20
-663.754731479954
 10
2566.221102684174
 20
-668.4817209469319
 10
2552.397221677148
 20
-688.8054073251752
 10
2544.9157068042027
 20
-684.2836996297094
 10
2539.6855000699757
 20
-684.3387021018956
 10
2530.1780603239467
 20
-690.0200990943297
  0
TEXT
  5
1CC
330
17
100
AcDbEntity
  8
NEW_CATALOGUE_LABELS
100
AcDbText
 10
2530.1780603239467
 20
-716.4654739655732
 30
0.0
 40
2.5
  1
W0207
100
AcDbText
  0
LWPOLYLINE
  5
1CD
330
17
100
AcDbEntity
  8
RECOVERED_OUTLINES
100
AcDbPolyline
 90
15
 70
1
 10
2641.1919796783873
 20
-697.4516723339539
 10
2663.014413875617
 20
-697.4516723339539
 10
2658.8407459117466
 20
-704.814159127265
 10
2659.7208171373413
 20
-708.6619136408259
 10
2666.0075284661484
 20
-712.4654739655732
 10
2669.8730547697364
 20
-704.9562493639147
 10
2668.392646780572
 20
-688.4260830147992
 10
2677.6796301865384
 20
-684.8333639389868
 10
2682.3173705479767
 20
-680.7817502521041
 10
2686.558326098662
 20
-672.543211627703
 10
2677.387720557062
 20
-676.4173491164665
 10
2656.455368412026
 20
-693.0741992867214
 10
2651.439110165306
 20
-689.3683062614438
 10
2646.6243519757236
 20
-689.4133850882446
 10
2635.602146170778
 20
-694.0697341727305
  0
TEXT
  5
1CE
330
17
100
AcDbEntity
  8
NEW_CATALOGUE_LABELS
100
AcDbText
 10
2635.602146170778
 20
-716.4654739655732
 30
0.0
 40
2.5
  1
W0208
100
AcDbText
  0
LWPOLYLINE
  5
1CF
330
17
100
AcDbEntity
  8
RECOVERED_OUTLINES
100
AcDbPolyline
 90
15
 70
1
 10
11.29162831406641
 20
-797.9330199393415
 10
43.61175256954903
 20
-797.9330199393415
 10
43.989219532295074
 20
-805.9327249914012
 10
48.72042568226026
 20
-810.1135000590297
 10
61.41976771920635
 20
-814.246255960655
 10
60.455205898541465
 20
-806.0871130420538
 10
43.536730247172166
 20
-788.126271961219
 10
54.09064272719609
 20
-784.2226054762049
 10
57.349985304686996
 20
-779.8203273615063
 10
56.29174291126931
 20
-770.8687487841313
 10
46.16089381271062
 20
-775.0781902556449
 10
29.99779918208645
 20
-793.1766795567664
 10
19.26706917423109
 20
-789.1500439934075
 10
12.176328295512443
 20
-789.1990243622181
 10
-2.42861286636753e-14
 20
-794.2583773146957
  0
TEXT
  5
1D0
330
17
100
AcDbEntity
  8
NEW_CATALOGUE_LABELS
100
AcDbText
 10
-2.42861286636753e-14
 20
-818.246255960655
 30
0.0
 40
2.5
  1
W0209
100
AcDbText
  0
LWPOLYLINE
  5
1D1
330
17
100
AcDbEntity
  8
RECOVERED_OUTLINES
100
AcDbPolyline
 90
15
 70
1
 10
114.45645865208337
 20
-775.6349387304804
 10
141.10847416270968
 20
-775.6349387304804
 10
140.8123645540222
 20
-764.2221374124058
 10
144.39641435011342
 20
-758.2576231094545
 10
154.55484221088662
 20
-752.3616154823725
 10
154.37892346367047
 20
-764.0018792733225
 10
141.79118747093727
 20
-789.6257628324171
 10
150.79060474707927
 20
-795.1949394102487
 10
153.8125870143135
 20
-801.4754616473812
 10
153.61958261364921
 20
-814.2462559606552
 10
144.94581840378393
 20
-808.2408446533871
 10
130.24317971796623
 20
-782.4205848804577
 10
121.7000633634886
 20
-788.16519563371
 10
115.84913507515417
 20
-788.095317655199
 10
105.42408584683112
 20
-780.8773777850569
  0
TEXT
  5
1D2
330
17
100
AcDbEntity
  8
NEW_CATALOGUE_LABELS
100
AcDbText
 10
105.42408584683112
 20
-818.2462559606552
 30
0.0
 40
2.5
  1
W0210
100
AcDbText
  0
LWPOLYLINE
  5
1D3
330
17
100
AcDbEntity
  8
RECOVERED_OUTLINES
100
AcDbPolyline
 90
15
 70
1
 10
218.28782048992923
 20
-782.6186866130213
 10
237.09306570891113
 20
-782.6186866130213
 10
239.20601238974436
 20
-773.2701538243994
 10
242.9483122756106
 20
-768.384459596021
 10
251.31545314056908
 20
-763.5548810300253
 10
248.82317454057957
 20
-773.089734453397
 10
234.72841479029032
 20
-794.0789472634592
 10
239.94524189419377
 20
-798.640809718826
 10
240.79976466833727
 20
-803.7853545529252
 10
238.0654299536389
 20
-814.2462559606552
 10
233.16712831918863
 20
-809.3270618951066
 10
228.04617836000992
 20
-788.176992041907
 10
220.84957695711495
 20
-792.8825573529932
 10
216.73546980769663
 20
-792.8253184197018
 10
210.84817169366224
 20
-786.9129095674193
  0
TEXT
  5
1D4
330
17
100
AcDbEntity
  8
NEW_CATALOGUE_LABELS
100
AcDbText
 10
210.84817169366224
 20
-818.2462559606552
 30
0.0
 40
2.5
  1
W0211
100
AcDbText
  0
LWPOLYLINE
  5
1D5
330
17
100
AcDbEntity
  8
RECOVERED_OUTLINES
100
AcDbPolyline
 90
15
 70
1
 10
324.7357181178719
 20
-781.3772409719701
 10
349.9933048266167
 20
-781.3772409719701
 10
349.50295510245303
 20
-771.6617594889007
 10
352.78987843678505
 20
-766.5842919460239
 10
362.3084684663954
 20
-761.5651427180221
 10
362.35566634316297
 20
-771.474258295099
 10
350.89740741689553
 20
-793.2873398781846
 10
359.5283212498821
 20
-798.0282646003365
 10
362.5076107968877
 20
-803.3747431552756
 10
362.55939264539614
 20
-814.2462559606552
 10
354.22907710175554
 20
-809.1339736446934
 10
339.821180195113
 20
-787.1537210563432
 10
331.8306066422888
 20
-792.0439892600203
 10
326.2845137569056
 20
-791.9845035835963
 10
316.27225754049334
 20
-785.8400208050153
  0
TEXT
  5
1D6
330
17
100
AcDbEntity
  8
NEW_CATALOGUE_LABELS
100
AcDbText
 10
316.27225754049334
 20
-818.2462559606552
 30
0.0
 40
2.5
  1
W0212
100
AcDbText
  0
LWPOLYLINE
  5
1D7
330
17
100
AcDbEntity
  8
RECOVERED_OUTLINES
100
AcDbPolyline
 90
15
 70
1
 10
429.6795708778379
 20
-780.3778724063037
 10
452.76139906901795
 20
-780.3778724063037
 10
452.854999116963
 20
-770.3669957981346
 10
456.14188399829317
 20
-765.1351499917993
 10
465.1203708596156
 20
-759.963395644156
 10
464.61099676488556
 20
-770.1737937094575
 10
452.92354397473713
 20
-792.6500928566214
 10
460.5466254805324
 20
-797.5351633994235
 10
462.97116519054276
 20
-803.044199384412
 10
462.4123194539569
 20
-814.2462559606552
 10
455.08464779025
 20
-808.9785368527133
 10
443.14344811144616
 20
-786.3299839362345
 10
435.568536219734
 20
-791.3689386862567
 10
430.5035159106732
 20
-791.3076443728795
 10
421.69634338732436
 20
-784.9763411817214
  0
TEXT
  5
1D8
330
17
100
AcDbEntity
  8
NEW_CATALOGUE_LABELS
100
AcDbText
 10
421.69634338732436
 20
-818.2462559606552
 30
0.0
 40
2.5
  1
W0213
100
AcDbText
  0
LWPOLYLINE
  5
1D9
330
17
100
AcDbEntity
  8
RECOVERED_OUTLINES
100
AcDbPolyline
 90
15
 70
1
 10
533.7117530780082
 20
-779.6945709028806
 10
553.9029985567427
 20
-779.6945709028806
 10
553.1311690106013
 20
-769.4817228299096
 10
555.5602693130295
 20
-764.1443234739219
 10
562.973325573931
 20
-758.8682279339862
 10
563.3984640719952
 20
-769.2846228499308
 10
555.0913885704609
 20
-792.2143858883961
 10
562.1764058078883
 20
-797.1980137196163
 10
564.7671154027306
 20
-802.8181956222986
 10
565.2335443781335
 20
-814.246255960655
 10
558.3743107102711
 20
-808.8722595519295
 10
545.9971068716023
 20
-785.766767489437
 10
539.8005282394901
 20
-790.9073841729509
 10
535.3645833206484
 20
-790.8448532343767
 10
527.1204292341555
 20
-784.3858147179645
  0
TEXT
  5
1DA
330
17
100
AcDbEntity
  8
NEW_CATALOGUE_LABELS
100
AcDbText
 10
527.1204292341555
 20
-818.246255960655
 30
0.0
 40
2.5
  1
W0214
100
AcDbText
  0
LWPOLYLINE
  5
1DB
330
17
100
AcDbEntity
  8
RECOVERED_OUTLINES
100
AcDbPolyline
 90
15
 70
1
 10
641.1651329876255
 20
-786.6172544198948
 10
667.6695096664389
 20
-786.6172544198948
 10
666.5875749664208
 20
-778.4506253634004
 10
669.740228787959
 20
-774.1826131149774
 10
679.435568762075
 20
-769.9636220134339
 10
680.0637844609859
 20
-778.2930158100194
 10
669.3137860034802
 20
-796.6286326478
 10
678.6476154591952
 20
-800.6137540911427
 10
682.0862036401896
 20
-805.1078913289913
 10
682.7754331644722
 20
-814.246255960655
 10
673.7353533078583
 20
-809.9489791474274
 10
657.3326024582963
 20
-791.4728418844494
 10
649.2331798260439
 20
-795.5834983121104
 10
643.4098412822663
 20
-795.5334959057062
 10
632.5445150809867
 20
-790.3685731291938
  0
TEXT
  5
1DC
330
17
100
AcDbEntity
  8
NEW_CATALOGUE_LABELS
100
AcDbText
 10
632.5445150809867
 20
-818.246255960655
 30
0.0
 40
2.5
  1
W0215
100
AcDbText
  0
LWPOLYLINE
  5
1DD
330
17
100
AcDbEntity
  8
RECOVERED_OUTLINES
100
AcDbPolyline
 90
15
 70
1
 10
747.4231072045009
 20
-791.7549959066879
 10
771.1943016577279
 20
-791.7549959066879
 10
773.9746147683635
 20
-802.7842880989812
 10
778.7623250572054
 20
-808.5483743385428
 10
789.3955132616456
 20
-814.2462559606552
 10
786.1335167837304
 20
-802.997144811893
 10
768.071104989985
 20
-778.2343113060668
 10
774.6121707177095
 20
-772.8522780930551
 10
775.632148780878
 20
-766.7828028658095
 10
772.0533393296294
 20
-754.4411508836877
 10
765.9190943506294
 20
-760.2447598484616
 10
759.6933371182204
 20
-785.1973706562522
 10
750.5412469127656
 20
-779.6457984556334
 10
745.3413867607472
 20
-779.7133282952692
 10
737.9686009278176
 20
-786.6887207195747
  0
TEXT
  5
1DE
330
17
100
AcDbEntity
  8
NEW_CATALOGUE_LABELS
100
AcDbText
 10
737.9686009278176
 20
-818.2462559606552
 30
0.0
 40
2.5
  1
W0216
100
AcDbText
  0
LWPOLYLINE
  5
1DF
330
17
100
AcDbEntity
  8
RECOVERED_OUTLINES
100
AcDbPolyline
 90
15
 70
1
 10
853.0259764473784
 20
-793.2337067690559
 10
879.5008005200415
 20
-793.2337067690559
 10
880.6455863231268
 20
-803.5378668820507
 10
884.9578145420263
 20
-808.9229873849833
 10
895.7920748534975
 20
-814.2462559606552
 10
894.1497204113018
 20
-803.7367291129835
 10
878.4150108565904
 20
-780.6019533860551
 10
886.6524348552936
 20
-775.5737674432546
 10
888.8624773056198
 20
-769.9033360635241
 10
887.0606134348816
 20
-758.3730985953841
 10
879.2016779576293
 20
-763.7951433615959
 10
867.8522074217833
 20
-787.1072192879534
 10
858.6416076183021
 20
-781.9206408714344
 10
852.8383884619723
 20
-781.9837308927957
 10
843.3926867746487
 20
-788.5005190182603
  0
TEXT
  5
1E0
330
17
100
AcDbEntity
  8
NEW_CATALOGUE_LABELS
100
AcDbText
 10
843.3926867746487
 20
-818.2462559606552
 30
0.0
 40
2.5
  1
W0217
100
AcDbText
  0
LWPOLYLINE
  5
1E1
330
17
100
AcDbEntity
  8
RECOVERED_OUTLINES
100
AcDbPolyline
 90
15
 70
1
 10
957.0790427655796
 20
-792.86260841212
 10
978.3338080552861
 20
-792.86260841212
 10
980.4031658501268
 20
-803.348748200816
 10
984.4663093690635
 20
-808.8289742215187
 10
993.7586267960249
 20
-814.2462559606552
 10
991.2668804820257
 20
-803.5511224971568
 10
976.0519765465109
 20
-780.007768202152
 10
982.1039077965488
 20
-774.8907804902408
 10
983.2451842017838
 20
-769.1202047753824
 10
980.5114334699763
 20
-757.3863341287789
 10
974.8073317726413
 20
-762.9041365246636
 10
968.2980541886145
 20
-786.6279222818536
 10
960.3245182508994
 20
-781.3497447589655
 10
955.6725666642144
 20
-781.4139490003603
 10
948.81677262148
 20
-788.0458287952748
  0
TEXT
  5
1E2
330
17
100
AcDbEntity
  8
NEW_CATALOGUE_LABELS
100
AcDbText
 10
948.81677262148
 20
-818.2462559606552
 30
0.0
 40
2.5
  1
W0218
100
AcDbText
  0
LWPOLYLINE
  5
1E3
330
17
100
AcDbEntity
  8
RECOVERED_OUTLINES
100
AcDbPolyline
 90
15
 70
1
 10
1065.9033119487322
 20
-792.643747124758
 10
1096.5549211901755
 20
-792.643747124758
 10
1098.9892206503278
 20
-803.2372123848638
 10
1104.561297847089
 20
-808.7735284303953
 10
1117.6776953779342
 20
-814.2462559606552
 10
1114.6452276132482
 20
-803.44165797886
 10
1093.9384357636864
 20
-779.6573378328172
 10
1102.9343117212695
 20
-774.4879778343021
 10
1104.8827829970887
 20
-768.6583403701839
 10
1101.5557946418467
 20
-756.8043737469877
 10
1093.0405052993653
 20
-762.3786507612944
 10
1082.4092777842234
 20
-786.345249082624
 10
1071.1874068569698
 20
-781.0130494980198
 10
1064.4754358030066
 20
-781.0779108687885
 10
1054.2408584683112
 20
-787.7776678463143
  0
TEXT
  5
1E4
330
17
100
AcDbEntity
  8
NEW_CATALOGUE_LABELS
100
AcDbText
 10
1054.2408584683112
 20
-818.2462559606552
 30
0.0
 40
2.5
  1
W0219
100
AcDbText
  0
LWPOLYLINE
  5
1E5
330
17
100
AcDbEntity
  8
RECOVERED_OUTLINES
100
AcDbPolyline
 90
15
 70
1
 10
1169.6680275621106
 20
-778.1448187732333
 10
1196.2289223282403
 20
-778.1448187732333
 10
1198.1142914997556
 20
-767.4738922295772
 10
1202.8256347286126
 20
-761.8970936661447
 10
1214.0757903345186
 20
-756.3843485884058
 10
1211.6765489115692
 20
-767.2679516933938
 10
1194.2362923850926
 20
-791.2261869768957
 10
1202.1409255624872
 20
-796.433346246073
 10
1203.9526542719943
 20
-802.3056110459605
 10
1201.3203927295885
 20
-814.2462559606552
 10
1193.8236438247848
 20
-808.6312188511587
 10
1184.1043474557357
 20
-784.4893725422518
 10
1174.492905802932
 20
-789.8605621092488
 10
1168.6753317886757
 20
-789.7952264607144
 10
1159.664944315142
 20
-783.0464796803046
  0
TEXT
  5
1E6
330
17
100
AcDbEntity
  8
NEW_CATALOGUE_LABELS
100
AcDbText
 10
1159.664944315142
 20
-818.2462559606552
 30
0.0
 40
2.5
  1
W0220
100
AcDbText
  0
LWPOLYLINE
  5
1E7
330
17
100
AcDbEntity
  8
RECOVERED_OUTLINES
100
AcDbPolyline
 90
15
 70
1
 10
1276.7005810007515
 20
-777.5212564152229
 10
1304.9027036048071
 20
-777.5212564152229
 10
1309.0606002285328
 20
-766.66601620884
 10
1315.1898379428796
 20
-760.9928923483199
 10
1328.2489868609623
 20
-755.3849283378295
 10
1323.5024945817465
 20
-766.4565185631241
 10
1300.1438960163357
 20
-790.8285726541596
 10
1307.4848747098345
 20
-796.1256726228046
 10
1308.222078896381
 20
-802.0993661626746
 10
1303.0145958276091
 20
-814.2462559606552
 10
1296.1891155197482
 20
-808.5342330784832
 10
1290.7470396372555
 20
-783.9753965391611
 10
1279.4564635293166
 20
-789.4393600202361
 10
1273.2926158826306
 20
-789.3728958611982
 10
1265.0890301619734
 20
-782.5075812988974
  0
TEXT
  5
1E8
330
17
100
AcDbEntity
  8
NEW_CATALOGUE_LABELS
100
AcDbText
 10
1265.0890301619734
 20
-818.2462559606552
 30
0.0
 40
2.5
  1
W0221
100
AcDbText
  0
LWPOLYLINE
  5
1E9
330
17
100
AcDbEntity
  8
RECOVERED_OUTLINES
100
AcDbPolyline
 90
15
 70
1
 10
1380.8606477141054
 20
-772.8763115953075
 10
1409.8063025877623
 20
-772.8763115953075
 10
1410.6555979634506
 20
-760.6481103980551
 10
1415.1600115158878
 20
-754.2574549482953
 10
1426.797557555201
 20
-747.9402007076288
 10
1425.4122753072154
 20
-760.4121156790569
 10
1409.1123912279168
 20
-787.8667251901628
 10
1418.3149216780294
 20
-793.8337975853423
 10
1420.9526265085713
 20
-800.5630384964097
 10
1419.4328023041912
 20
-814.2462559606552
 10
1410.6287053944798
 20
-807.8117815760684
 10
1397.309786105494
 20
-780.1467655410773
 10
1387.4420957240586
 20
-786.3018061952433
 10
1381.0948128907971
 20
-786.2269357093148
 10
1370.5131160088044
 20
-778.4933023530601
  0
TEXT
  5
1EA
330
17
100
AcDbEntity
  8
NEW_CATALOGUE_LABELS
100
AcDbText
 10
1370.5131160088044
 20
-818.2462559606552
 30
0.0
 40
2.5
  1
W0222
100
AcDbText
  0
LWPOLYLINE
  5
1EB
330
17
100
AcDbEntity
  8
RECOVERED_OUTLINES
100
AcDbPolyline
 90
15
 70
1
 10
1484.33012661962
 20
-796.3993803641072
 10
1508.4499990374868
 20
-796.3993803641072
 10
1508.6581231089156
 20
-805.1511535062756
 10
1512.15047914808
 20
-809.7249715048401
 10
1521.589739749265
 20
-814.2462559606552
 10
1520.9449446702329
 20
-805.3200558828481
 10
1508.4842025503042
 20
-785.6706806172523
 10
1516.396281087259
 20
-781.4000227270925
 10
1518.8691513770184
 20
-776.5838777420153
 10
1518.16173224319
 20
-766.7907435622358
 10
1510.5625654117755
 20
-771.3959229499982
 10
1498.3339170053903
 20
-791.1958870172477
 10
1490.3628168308774
 20
-786.7906994825358
 10
1485.0706860494563
 20
-786.8442845926694
 10
1475.9372018556353
 20
-792.3792773202879
  0
TEXT
  5
1EC
330
17
100
AcDbEntity
  8
NEW_CATALOGUE_LABELS
100
AcDbText
 10
1475.9372018556353
 20
-818.2462559606552
 30
0.0
 40
2.5
  1
W0223
100
AcDbText
  0
LWPOLYLINE
  5
1ED
330
17
100
AcDbEntity
  8
RECOVERED_OUTLINES
100
AcDbPolyline
 90
15
 70
1
 10
1588.3515584478282
 20
-785.1845321023676
 10
1605.5804974793216
 20
-785.1845321023676
 10
1607.8956375740509
 20
-776.5944164536795
 10
1611.522479416864
 20
-772.1050832722227
 10
1619.3842188097221
 20
-767.6673132654875
 10
1616.7139836648626
 20
-776.4286339402931
 10
1602.9490706716226
 20
-795.7150577556753
 10
1607.5435168321474
 20
-799.906830620044
 10
1608.1176770470697
 20
-804.6340146695626
 10
1605.1881022182254
 20
-814.2462559606552
 10
1600.8999801975767
 20
-809.7261406787328
 10
1597.0664225003936
 20
-790.291909647534
 10
1590.2821365058169
 20
-794.6157272057162
 10
1586.5152072788683
 20
-794.5631318875311
 10
1581.3612877024666
 20
-789.130378218929
  0
TEXT
  5
1EE
330
17
100
AcDbEntity
  8
NEW_CATALOGUE_LABELS
100
AcDbText
 10
1581.3612877024666
 20
-818.2462559606552
 30
0.0
 40
2.5
  1
W0224
100
AcDbText
  0
LWPOLYLINE
  5
1EF
330
17
100
AcDbEntity
  8
RECOVERED_OUTLINES
100
AcDbPolyline
 90
15
 70
1
 10
1695.481479618151
 20
-795.8354001646368
 10
1720.347386150369
 20
-795.8354001646368
 10
1720.6568341416482
 20
-804.8637386213187
 10
1724.3067989512326
 20
-809.5820941201989
 10
1734.087038105966
 20
-814.2462559606552
 10
1733.3255216217676
 20
-805.0379784921497
 10
1720.2663271933102
 20
-784.7676621255858
 10
1728.3768260330635
 20
-780.3620469161053
 10
1730.8739662951607
 20
-775.3937066408962
 10
1730.0384894914969
 20
-765.2910990332176
 10
1722.254207676958
 20
-770.0418069744601
 10
1709.8619947985278
 20
-790.4674709085433
 10
1701.5965853866976
 20
-785.9230747750439
 10
1696.1413485516393
 20
-785.9783532314967
 10
1686.7853735492977
 20
-791.6882576004107
  0
TEXT
  5
1F0
330
17
100
AcDbEntity
  8
NEW_CATALOGUE_LABELS
100
AcDbText
 10
1686.7853735492977
 20
-818.2462559606552
 30
0.0
 40
2.5
  1
W0225
100
AcDbText
  0
LWPOLYLINE
  5
1F1
330
17
100
AcDbEntity
  8
RECOVERED_OUTLINES
100
AcDbPolyline
 90
15
 70
1
 10
1802.448138000255
 20
-792.4857161944211
 10
1828.4568003950399
 20
-792.4857161944211
 10
1831.268626146193
 20
-803.1566768594942
 10
1836.3866822148666
 20
-808.7334932553304
 10
1847.9018045677858
 20
-814.2462559606552
 10
1844.5675446074233
 20
-803.3626180541944
 10
1825.3218132610114
 20
-779.4043061616992
 10
1832.5908827154542
 20
-774.1971302420791
 10
1833.833538271732
 20
-768.3248466650033
 10
1830.1754469341558
 20
-756.3841635688327
 10
1823.3426918845958
 20
-761.9992186330047
 10
1816.0101652263493
 20
-786.1411421380203
 10
1806.1124959631447
 20
-780.7699353960762
 10
1800.4217886724675
 20
-780.8352712535282
 10
1792.2094593961288
 20
-787.5840396137702
  0
TEXT
  5
1F2
330
17
100
AcDbEntity
  8
NEW_CATALOGUE_LABELS
100
AcDbText
 10
1792.2094593961288
 20
-818.2462559606552
 30
0.0
 40
2.5
  1
W0226
100
AcDbText
  0
LWPOLYLINE
  5
1F3
330
17
100
AcDbEntity
  8
RECOVERED_OUTLINES
100
AcDbPolyline
 90
15
 70
1
 10
1907.3878612210215
 20
-793.3223248060882
 10
1930.4215848067818
 20
-793.3223248060882
 10
1934.4068737536131
 20
-803.5830282954173
 10
1939.7208698937739
 20
-808.9454376649313
 10
1950.6912447145196
 20
-814.2462559606552
 10
1946.2134811619999
 20
-803.7810518475022
 10
1925.8123752312558
 20
-780.7438444067161
 10
1931.520422403989
 20
-775.736864266411
 10
1931.7981857399695
 20
-770.0903472862814
 10
1926.8855309806193
 20
-758.6087372836444
 10
1921.6210385699196
 20
-764.0079151925556
 10
1918.5097025997939
 20
-787.2216750893391
 10
1908.9916054810797
 20
-782.056970477564
 10
1903.9609702473485
 20
-782.1197944239337
 10
1897.63354524296
 20
-788.6090987364556
  0
TEXT
  5
1F4
330
17
100
AcDbEntity
  8
NEW_CATALOGUE_LABELS
100
AcDbText
 10
1897.63354524296
 20
-818.2462559606552
 30
0.0
 40
2.5
  1
W0227
100
AcDbText
  0
LWPOLYLINE
  5
1F5
330
17
100
AcDbEntity
  8
RECOVERED_OUTLINES
100
AcDbPolyline
 90
15
 70
1
 10
2015.0616614899018
 20
-784.6100355110682
 10
2039.0340519642693
 20
-784.6100355110682
 10
2047.2140096571843
 20
-799.143082304774
 10
2054.851885623268
 20
-806.7382872900077
 10
2068.352444057608
 20
-814.2462559606552
 10
2059.579577660713
 20
-799.4235587410827
 10
2029.293905586553
 20
-766.7941377582581
 10
2033.2669185188333
 20
-759.7023553332144
 10
2031.3370277078277
 20
-751.7047462434457
 10
2021.7121193462417
 20
-735.4424328836513
 10
2018.3548630993564
 20
-743.0897160625634
 10
2024.2392994753118
 20
-775.9692022682278
 10
2012.3036918312653
 20
-768.6540221856286
 10
2007.092737509455
 20
-768.7430047152677
 10
2003.0576310897911
 20
-777.934320235744
  0
TEXT
  5
1F6
330
17
100
AcDbEntity
  8
NEW_CATALOGUE_LABELS
100
AcDbText
 10
2003.0576310897911
 20
-818.2462559606552
 30
0.0
 40
2.5
  1
W0228
100
AcDbText
  0
LWPOLYLINE
  5
1F7
330
17
100
AcDbEntity
  8
RECOVERED_OUTLINES
100
AcDbPolyline
 90
15
 70
1
 10
2118.317156668767
 20
-786.9698927988755
 10
2146.1394951830234
 20
-786.9698927988755
 10
2146.7152130636177
 20
-778.9074972170497
 10
2150.9190693887367
 20
-774.6939590660179
 10
2161.9806815644297
 20
-770.5288163882326
 10
2160.894572901637
 20
-778.7518992882051
 10
2145.767484149564
 20
-796.8534923886551
 10
2154.730300897056
 20
-800.7877503665284
 10
2157.398055711537
 20
-805.2245273965485
 10
2156.2064615532345
 20
-814.2462559606552
 10
2147.617418809608
 20
-810.0038267584499
 10
2134.271003709134
 20
-791.763506742962
 10
2124.9073711086794
 20
-795.8216974592922
 10
2118.804938926521
 20
-795.7723332506713
 10
2108.4817169366224
 20
-790.6733321468181
  0
TEXT
  5
1F8
330
17
100
AcDbEntity
  8
NEW_CATALOGUE_LABELS
100
AcDbText
 10
2108.4817169366224
 20
-818.2462559606552
 30
0.0
 40
2.5
  1
W0229
100
AcDbText
  0
LWPOLYLINE
  5
1F9
330
17
100
AcDbEntity
  8
RECOVERED_OUTLINES
100
AcDbPolyline
 90
15
 70
1
 10
2223.5534345056567
 20
-795.9790679916454
 10
2251.918094722442
 20
-795.9790679916454
 10
2251.6788112497143
 20
-804.9369544399067
 10
2255.5328127467455
 20
-809.618490581279
 10
2266.3832031137513
 20
-814.2462559606552
 10
2266.1186141275716
 20
-805.1098346420785
 10
2252.5516902902905
 20
-784.9976962731822
 10
2262.0923905097393
 20
-780.6264599742093
 10
2265.2668209597414
 20
-775.6968897952461
 10
2264.9765344524303
 20
-765.6731171802586
 10
2255.7853129848886
 20
-770.3867533039695
 10
2240.309502002006
 20
-790.6530269964944
 10
2231.179228465098
 20
-786.1440927407481
 10
2224.952786993441
 20
-786.1989398356277
 10
2213.905802783453
 20
-791.8642873646969
  0
TEXT
  5
1FA
330
17
100
AcDbEntity
  8
NEW_CATALOGUE_LABELS
100
AcDbText
 10
2213.905802783453
 20
-818.2462559606552
 30
0.0
 40
2.5
  1
W0230
100
AcDbText
  0
LWPOLYLINE
  5
1FB
330
17
100
AcDbEntity
  8
RECOVERED_OUTLINES
100
AcDbPolyline
 90
15
 70
1
 10
2328.875131104175
 20
-795.6524799777688
 10
2357.1199667733995
 20
-795.6524799777688
 10
2356.7475178842856
 20
-804.7705190641173
 10
2360.515115741331
 20
-809.5357535608631
 10
2371.2503521155677
 20
-814.2462559606552
 10
2371.1237313156985
 20
-804.946490086943
 10
2357.915370911949
 20
-784.474778950971
 10
2367.481241934067
 20
-780.0253919599766
 10
2370.7161000919236
 20
-775.0076889749819
 10
2370.577181574272
 20
-764.8047073873033
 10
2361.3541842983923
 20
-769.6026157625722
 10
2345.6401901834356
 20
-790.2312179144719
 10
2336.6160242052883
 20
-785.6416711481529
 10
2330.4150643749026
 20
-785.697498821095
 10
2319.329888630284
 20
-791.4641336747693
  0
TEXT
  5
1FC
330
17
100
AcDbEntity
  8
NEW_CATALOGUE_LABELS
100
AcDbText
 10
2319.329888630284
 20
-818.2462559606552
 30
0.0
 40
2.5
  1
W0231
100
AcDbText
  0
LWPOLYLINE
  5
1FD
330
17
100
AcDbEntity
  8
RECOVERED_OUTLINES
100
AcDbPolyline
 90
15
 70
1
 10
2432.972514478351
 20
-780.4469382000814
 10
2457.610067586869
 20
-780.4469382000814
 10
2457.050866314687
 20
-770.4564761811779
 10
2460.214827084889
 20
-765.2352993689194
 10
2469.4579625846636
 20
-760.0740914743914
 10
2469.586502835529
 20
-770.2636680781067
 10
2458.591136627701
 20
-792.694132636227
 10
2467.049647091075
 20
-797.569241343261
 10
2470.0003133612768
 20
-803.0670430766164
 10
2470.141337751639
 20
-814.246255960655
 10
2461.9729545299565
 20
-808.9892790010949
 10
2447.7357460824546
 20
-786.3869119405955
 10
2439.982043650506
 20
-791.4155910478767
 10
2434.57160326451
 20
-791.3544217283716
 10
2424.753974477115
 20
-785.0360295897839
  0
TEXT
  5
1FE
330
17
100
AcDbEntity
  8
NEW_CATALOGUE_LABELS
100
AcDbText
 10
2424.753974477115
 20
-818.246255960655
 30
0.0
 40
2.5
  1
W0232
100
AcDbText
  0
LWPOLYLINE
  5
1FF
330
17
100
AcDbEntity
  8
RECOVERED_OUTLINES
100
AcDbPolyline
 90
15
 70
1
 10
2538.3460236197648
 20
-775.3128952853219
 10
2560.94145646063
 20
-775.3128952853219
 10
2561.801486608096
 20
-763.8049037971355
 10
2565.4206876634953
 20
-757.7906415738174
 10
2574.6069411208114
 20
-751.8454574165077
 10
2573.3245837671216
 20
-763.5828085622206
 10
2560.1582086048993
 20
-789.4204119405722
 10
2567.2456893507583
 20
-795.0360390655616
 10
2569.1962817982408
 20
-801.3689449343268
 10
2567.7893788023807
 20
-814.2462559606552
 10
2561.020453695488
 20
-808.1907556254614
 10
2551.069316419244
 20
-782.1551381281998
 10
2543.2672541510688
 20
-787.9476626634928
 10
2538.313672009347
 20
-787.8772018572889
 10
2530.1780603239463
 20
-780.5990596840533
  0
TEXT
  5
200
330
17
100
AcDbEntity
  8
NEW_CATALOGUE_LABELS
100
AcDbText
 10
2530.1780603239463
 20
-818.2462559606552
 30
0.0
 40
2.5
  1
W0233
100
AcDbText
  0
LWPOLYLINE
  5
201
330
17
100
AcDbEntity
  8
RECOVERED_OUTLINES
100
AcDbPolyline
 90
15
 70
1
 10
2644.753514533671
 20
-784.7012725710468
 10
2669.921546351655
 20
-784.7012725710468
 10
2670.9958407423687
 20
-775.9683142168601
 10
2675.0879094118427
 20
-771.4043291303823
 10
2685.3801678633267
 20
-766.8927646486866
 10
2683.8331434540787
 20
-775.7997749509799
 10
2668.9064951166893
 20
-795.4069074820363
 10
2676.7441457922027
 20
-799.6683842015417
 10
2678.852796988073
 20
-804.474175313717
 10
2677.155521833236
 20
-814.2462559606552
 10
2669.6771430053564
 20
-809.6509769065041
 10
2658.8562405681764
 20
-789.8935793134898
 10
2650.1073135339157
 20
-794.2892964622423
 10
2644.5904545386743
 20
-794.2358265507628
 10
2635.602146170778
 20
-788.7127330934931
  0
TEXT
  5
202
330
17
100
AcDbEntity
  8
NEW_CATALOGUE_LABELS
100
AcDbText
 10
2635.602146170778
 20
-818.2462559606552
 30
0.0
 40
2.5
  1
W0234
100
AcDbText
  0
LWPOLYLINE
  5
203
330
17
100
AcDbEntity
  8
RECOVERED_OUTLINES
100
AcDbPolyline
 90
15
 70
1
 10
8.539588728811623
 20
-883.2896531512544
 10
33.544840464628756
 20
-883.2896531512544
 10
33.409194707858106
 20
-873.6130791504347
 10
36.8460939775037
 20
-868.5559452861966
 10
46.45030296363652
 20
-863.556896190117
 10
46.14025238459644
 20
-873.4263288406096
 10
34.01108847726472
 20
-895.1520558148699
 10
42.38507886739934
 20
-899.8739946077299
 10
45.14210439392839
 20
-905.1990621785776
 10
44.80194095410061
 20
-916.0270379557369
 10
36.73891643833874
 20
-910.9352287407542
 10
23.266358351603287
 20
-889.0430002291225
 10
15.179540602088291
 20
-893.9136844293035
 10
9.690997526816394
 20
-893.8544369745161
 10
1.734723475976807e-14
 20
-887.7345609387979
  0
TEXT
  5
204
330
17
100
AcDbEntity
  8
NEW_CATALOGUE_LABELS
100
AcDbText
 10
1.734723475976807e-14
 20
-920.0270379557369
 30
0.0
 40
2.5
  1
W0235
100
AcDbText
  0
LWPOLYLINE
  5
205
330
17
100
AcDbEntity
  8
RECOVERED_OUTLINES
100
AcDbPolyline
 90
15
 70
1
 10
116.72981455644086
 20
-893.1843269818028
 10
146.04648624620822
 20
-893.1843269818028
 10
148.70392535250122
 20
-904.3859641151205
 10
154.2053510514393
 20
-910.2401206044948
 10
166.9205513632843
 20
-916.027037955737
 10
163.68443507640134
 20
-904.6021469505969
 10
143.1404426241898
 20
-879.4523666665231
 10
151.58390920677317
 20
-873.9862332065946
 10
153.26638335296678
 20
-867.8219156874003
 10
149.7159676393857
 20
-855.287411684866
 10
141.74473868954018
 20
-861.1817084859331
 10
132.3212075455486
 20
-886.5242315531052
 10
121.42238995487442
 20
-880.8859098705769
 10
115.00475373239074
 20
-880.9544949389642
 10
105.42408584683112
 20
-888.0388856176482
  0
TEXT
  5
206
330
17
100
AcDbEntity
  8
NEW_CATALOGUE_LABELS
100
AcDbText
 10
105.42408584683112
 20
-920.027037955737
 30
0.0
 40
2.5
  1
W0236
100
AcDbText
  0
LWPOLYLINE
  5
207
330
17
100
AcDbEntity
  8
RECOVERED_OUTLINES
100
AcDbPolyline
 90
15
 70
1
 10
219.62325841865734
 20
-882.7635985295082
 10
247.72019393915778
 20
-882.7635985295082
 10
245.78187622106162
 20
-872.9315323748037
 10
248.71037798927048
 20
-867.7931357995102
 10
258.57944422356695
 20
-862.7137573522307
 10
260.0525529303188
 20
-872.7417811880246
 10
250.43340477054156
 20
-894.8166172665664
 10
260.71424400990867
 20
-899.6144325456032
 10
264.7949420599646
 20
-905.0250682344753
 10
266.41112264082466
 20
-916.0270379557371
 10
256.41143454440885
 20
-910.8534088340457
 10
237.2326991340084
 20
-888.6093957172093
 10
229.04494556042923
 20
-893.5583465825463
 10
222.86685679400685
 20
-893.498147084778
 10
210.8481716936622
 20
-887.2799312124376
  0
TEXT
  5
208
330
17
100
AcDbEntity
  8
NEW_CATALOGUE_LABELS
100
AcDbText
 10
210.8481716936622
 20
-920.0270379557371
 30
0.0
 40
2.5
  1
W0237
100
AcDbText
  0
LWPOLYLINE
  5
209
330
17
100
AcDbEntity
  8
RECOVERED_OUTLINES
100
AcDbPolyline
 90
15
 70
1
 10
324.8562621636523
 20
-893.5706977460053
 10
351.78698305032344
 20
-893.5706977460053
 10
350.30605340476586
 20
-904.5828659014745
 10
353.30999449626995
 20
-910.3380028428127
 10
362.96415665288487
 20
-916.027037955737
 10
363.9916741527934
 20
-904.795392133869
 10
353.92549717810084
 20
-880.0710053085213
 10
363.595676225857
 20
-874.6973282196672
 10
367.29956840374194
 20
-868.6372764364179
 10
368.4268808839646
 20
-856.3147860559045
 10
359.04059096720493
 20
-862.1093843596232
 10
341.51067892195476
 20
-887.023253839423
 10
333.47304371128405
 20
-881.4803009885444
 10
327.55369568960015
 20
-881.5477259816097
 10
316.2722575404934
 20
-888.5122884383477
  0
TEXT
  5
20A
330
17
100
AcDbEntity
  8
NEW_CATALOGUE_LABELS
100
AcDbText
 10
316.2722575404934
 20
-920.027037955737
 30
0.0
 40
2.5
  1
W0238
100
AcDbText
  0
LWPOLYLINE
  5
20B
330
17
100
AcDbEntity
  8
RECOVERED_OUTLINES
100
AcDbPolyline
 90
15
 70
1
 10
430.9520616790491
 20
-896.2937177994072
 10
457.2537516358705
 20
-896.2937177994072
 10
457.70622327310724
 20
-905.9705679805887
 10
461.6323493047484
 20
-911.0278461811447
 10
472.0419668652029
 20
-916.0270379557371
 10
471.1088294143217
 20
-906.1573236204789
 10
457.0145851751166
 20
-884.4309765694088
 10
465.5323196299636
 20
-879.7089030070774
 10
468.1047735131916
 20
-874.3836834527809
 10
467.08100750021845
 20
-863.5553986329514
 10
458.9131100478116
 20
-868.6473531739257
 10
446.08850964249115
 20
-890.5402065145091
 10
437.28284993521504
 20
-885.6693832994946
 10
431.51338832571315
 20
-885.7286324452713
 10
421.6963433873244
 20
-891.8486831491705
  0
TEXT
  5
20C
330
17
100
AcDbEntity
  8
NEW_CATALOGUE_LABELS
100
AcDbText
 10
421.6963433873244
 20
-920.0270379557371
 30
0.0
 40
2.5
  1
W0239
100
AcDbText
  0
LWPOLYLINE
  5
20D
330
17
100
AcDbEntity
  8
RECOVERED_OUTLINES
100
AcDbPolyline
 90
15
 70
1
 10
537.1395638393909
 20
-884.3717195159772
 10
567.3549074083031
 20
-884.3717195159772
 10
566.5384159722314
 20
-875.0149846017118
 10
570.35037706434
 20
-870.1250038099953
 10
581.6185851320446
 20
-865.2911879148807
 10
581.9095212624475
 20
-874.8344069360996
 10
568.7182963725135
 20
-895.842035059508
 10
579.1555354059628
 20
-900.4078999578113
 10
582.8461339753582
 20
-905.5569584630997
 10
583.1653265251491
 20
-916.0270379557369
 10
573.0789023386703
 20
-911.1035279350857
 10
555.3228041489411
 20
-889.9349016373371
 10
545.8794939549643
 20
-894.644595471987
 10
539.2433629613827
 20
-894.5873063189517
 10
527.1204292341556
 20
-888.6697100943449
  0
TEXT
  5
20E
330
17
100
AcDbEntity
  8
NEW_CATALOGUE_LABELS
100
AcDbText
 10
527.1204292341556
 20
-920.0270379557369
 30
0.0
 40
2.5
  1
W0240
100
AcDbText
  0
LWPOLYLINE
  5
20F
330
17
100
AcDbEntity
  8
RECOVERED_OUTLINES
100
AcDbPolyline
 90
15
 70
1
 10
640.5018101832508
 20
-896.5158497488662
 10
663.3228835352512
 20
-896.5158497488662
 10
663.5553071414818
 20
-906.0837705872742
 10
666.8781642127705
 20
-911.0841205539218
 10
675.8274857261861
 20
-916.027037955737
 10
675.1811971693108
 20
-906.2684239760462
 10
663.311718211913
 20
-884.7866437686115
 10
670.7804233640508
 20
-880.1177251441
 10
673.1005959124641
 20
-874.8524499575796
 10
672.3915382506184
 20
-864.1460558280785
 10
665.2202524122207
 20
-869.1806917941864
 10
653.7304180844294
 20
-890.8271039807603
 10
646.1706709842953
 20
-886.0111101329101
 10
641.1637265429077
 20
-886.0696923291744
 10
632.5445150809868
 20
-892.1208514941496
  0
TEXT
  5
210
330
17
100
AcDbEntity
  8
NEW_CATALOGUE_LABELS
100
AcDbText
 10
632.5445150809868
 20
-920.027037955737
 30
0.0
 40
2.5
  1
W0241
100
AcDbText
  0
LWPOLYLINE
  5
211
330
17
100
AcDbEntity
  8
RECOVERED_OUTLINES
100
AcDbPolyline
 90
15
 70
1
 10
746.4069983844279
 20
-897.262277340915
 10
770.9844068089706
 20
-897.262277340915
 10
770.9488778513467
 20
-906.4641640845972
 10
774.3780810069663
 20
-911.273218721333
 10
783.8684833266826
 20
-916.027037955737
 10
783.463992756668
 20
-906.6417533016293
 10
771.3227903882477
 20
-885.9817884189788
 10
779.5057785735052
 20
-881.4914857582628
 10
782.1618134446533
 20
-876.4276409837336
 10
781.7180377739222
 20
-866.1308348252405
 10
773.844432873583
 20
-870.9728638029283
 10
760.8236449883925
 20
-891.7911624397991
 10
752.8259684459657
 20
-887.1594111225961
 10
747.4319338827352
 20
-887.2157521756134
 10
737.9686009278176
 20
-893.0354158459663
  0
TEXT
  5
212
330
17
100
AcDbEntity
  8
NEW_CATALOGUE_LABELS
100
AcDbText
 10
737.9686009278176
 20
-920.027037955737
 30
0.0
 40
2.5
  1
W0242
100
AcDbText
  0
LWPOLYLINE
  5
213
330
17
100
AcDbEntity
  8
RECOVERED_OUTLINES
100
AcDbPolyline
 90
15
 70
1
 10
855.3067737745603
 20
-883.9494296232241
 10
882.3179301311862
 20
-883.9494296232241
 10
888.0263592687988
 20
-899.6796872557582
 10
894.7988590384019
 20
-907.9005739621422
 10
908.1982609370039
 20
-916.027037955737
 10
901.8916899806759
 20
-899.9832689248752
 10
875.644055508837
 20
-864.6658846388398
 10
881.8327218999485
 20
-856.9898916964562
 10
881.5889021337598
 20
-848.3334514322686
 10
874.669821780276
 20
-830.7314728188537
 10
869.0408623878351
 20
-839.0087278432668
 10
867.7337660521264
 20
-874.5967773542923
 10
856.0511486098671
 20
-866.678983586677
 10
850.158166830434
 20
-866.775296365125
 10
843.3926867746488
 20
-876.7237788252255
  0
TEXT
  5
214
330
17
100
AcDbEntity
  8
NEW_CATALOGUE_LABELS
100
AcDbText
 10
843.3926867746488
 20
-920.027037955737
 30
0.0
 40
2.5
  1
W0243
100
AcDbText
  0
LWPOLYLINE
  5
215
330
17
100
AcDbEntity
  8
RECOVERED_OUTLINES
100
AcDbPolyline
 90
15
 70
1
 10
957.0197358013774
 20
-887.0800557111928
 10
981.8332604101133
 20
-887.0800557111928
 10
981.108363897494
 20
-878.52385559128
 10
984.2104153153896
 20
-874.0522472129485
 10
993.4360320502425
 20
-869.631998427407
 10
993.7304143645841
 20
-878.3587276210724
 10
983.019564315786
 20
-897.5690047012263
 10
991.6173952784865
 20
-901.7442275912973
 10
994.678121401475
 20
-906.452747753947
 10
995.001094836909
 20
-916.027037955737
 10
986.689282573053
 20
-911.5247690109516
 10
971.9845542407804
 20
-892.1672682880186
 10
964.2568636627763
 20
-896.4740145325176
 10
958.8067896349382
 20
-896.421626871377
 10
948.8167726214801
 20
-891.0103228224204
  0
TEXT
  5
216
330
17
100
AcDbEntity
  8
NEW_CATALOGUE_LABELS
100
AcDbText
 10
948.8167726214801
 20
-920.027037955737
 30
0.0
 40
2.5
  1
W0244
100
AcDbText
  0
LWPOLYLINE
  5
217
330
17
100
AcDbEntity
  8
RECOVERED_OUTLINES
100
AcDbPolyline
 90
15
 70
1
 10
1061.6517556619337
 20
-885.815925624815
 10
1082.22348674392
 20
-885.815925624815
 10
1082.9509257855336
 20
-876.886071702054
 10
1086.2169433976185
 20
-872.219185811276
 10
1094.5517482322068
 20
-867.6059024139787
 10
1093.4409140639837
 20
-876.7137325056992
 10
1081.578504627891
 20
-896.7629325872052
 10
1088.0583276777977
 20
-901.1204896780606
 10
1089.8647978818742
 20
-906.0346334165855
 10
1088.6460768173597
 20
-916.0270379557371
 10
1082.4541549248972
 20
-911.3281525352864
 10
1073.2685563128434
 20
-891.1252994763407
 10
1066.1932340523101
 20
-895.6201236163548
 10
1061.682966529473
 20
-895.5654481582328
 10
1054.2408584683112
 20
-889.9178295878854
  0
TEXT
  5
218
330
17
100
AcDbEntity
  8
NEW_CATALOGUE_LABELS
100
AcDbText
 10
1054.2408584683112
 20
-920.0270379557371
 30
0.0
 40
2.5
  1
W0245
100
AcDbText
  0
LWPOLYLINE
  5
219
330
17
100
AcDbEntity
  8
RECOVERED_OUTLINES
100
AcDbPolyline
 90
15
 70
1
 10
1168.164295871311
 20
-896.2624933581073
 10
1192.1858351927372
 20
-896.2624933581073
 10
1192.6992919502084
 20
-905.9546554198065
 10
1196.337425406632
 20
-911.0199358564312
 10
1205.8963809001973
 20
-916.027037955737
 10
1204.9419310430412
 20
-906.1417065670146
 10
1191.8445552202622
 20
-884.3809814668996
 10
1199.574968243436
 20
-879.6514360697429
 10
1201.8692639638073
 20
-874.3177903102228
 10
1200.8221156322077
 20
-863.4723716709926
 10
1193.4150418701824
 20
-868.5723833171274
 10
1181.9289504588528
 20
-890.4998781731074
 10
1173.836231578456
 20
-885.6213477536105
 10
1168.5675506967061
 20
-885.680690650538
 10
1159.6649443151418
 20
-891.8104252374553
  0
TEXT
  5
21A
330
17
100
AcDbEntity
  8
NEW_CATALOGUE_LABELS
100
AcDbText
 10
1159.6649443151418
 20
-920.027037955737
 30
0.0
 40
2.5
  1
W0246
100
AcDbText
  0
LWPOLYLINE
  5
21B
330
17
100
AcDbEntity
  8
RECOVERED_OUTLINES
100
AcDbPolyline
 90
15
 70
1
 10
1270.6673985659936
 20
-897.3940734896564
 10
1287.528470685174
 20
-897.3940734896564
 10
1287.0453905832496
 20
-906.5313298733321
 10
1289.158232202371
 20
-911.3066076400498
 10
1295.4320490869113
 20
-916.027037955737
 10
1295.6224006496586
 20
-906.7076717749657
 10
1288.322937471553
 20
-886.192814195337
 10
1294.1606278825823
 20
-881.7340496186664
 10
1296.235200762676
 20
-876.7057712578427
 10
1296.4440397287608
 20
-866.4812857339626
 10
1290.8010652181708
 20
-871.289306243093
 10
1280.8305172757905
 20
-891.9613855041877
 10
1275.5746842078001
 20
-887.3621657496338
 10
1271.8713550723235
 20
-887.4181110857029
 10
1265.0890301619734
 20
-893.1968997737172
  0
TEXT
  5
21C
330
17
100
AcDbEntity
  8
NEW_CATALOGUE_LABELS
100
AcDbText
 10
1265.0890301619734
 20
-920.027037955737
 30
0.0
 40
2.5
  1
W0247
100
AcDbText
  0
LWPOLYLINE
  5
21D
330
17
100
AcDbEntity
  8
RECOVERED_OUTLINES
100
AcDbPolyline
 90
15
 70
1
 10
1378.33833780675
 20
-897.3160885972753
 10
1402.0017671852745
 20
-897.3160885972753
 10
1401.3158293157555
 20
-906.4915873098641
 10
1404.2769033430961
 20
-911.2868511353437
 10
1413.077686132172
 20
-916.0270379557369
 10
1413.3529571067293
 20
-906.668667258535
 10
1403.126515661441
 20
-886.0679484643116
 10
1411.323225623215
 20
-881.5905225374144
 10
1414.2391388742149
 20
-876.5411992297414
 10
1414.5411448304046
 20
-866.273920976627
 10
1406.6174016128298
 20
-871.1020645833275
 10
1392.6063570455135
 20
-891.8606630818415
 10
1385.2341433419563
 20
-887.2421941273954
 10
1380.0367105079324
 20
-887.2983736125188
 10
1370.5131160088044
 20
-893.1013483721991
  0
TEXT
  5
21E
330
17
100
AcDbEntity
  8
NEW_CATALOGUE_LABELS
100
AcDbText
 10
1370.5131160088044
 20
-920.0270379557369
 30
0.0
 40
2.5
  1
W0248
100
AcDbText
  0
LWPOLYLINE
  5
21F
330
17
100
AcDbEntity
  8
RECOVERED_OUTLINES
100
AcDbPolyline
 90
15
 70
1
 10
1487.4525490016265
 20
-878.8760494199005
 10
1517.473944949763
 20
-878.8760494199005
 10
1520.0599582186062
 20
-867.8948946356185
 10
1525.6229158401095
 20
-862.155965782976
 10
1538.5738674667177
 20
-856.4829525973563
 10
1535.3979632931637
 20
-867.6829669370313
 10
1514.6639152818123
 20
-892.3377229162854
 10
1523.3763750796945
 20
-897.6962662149683
 10
1525.1737528459462
 20
-903.7392511833349
 10
1521.6893971915097
 20
-916.0270379557371
 10
1513.4553549873779
 20
-910.2487588750395
 10
1503.4991815723847
 20
-885.4050538779261
 10
1492.4064805912042
 20
-890.9323962103481
 10
1485.8337465678526
 20
-890.8651611050784
 10
1475.9372018556353
 20
-883.9202128203707
  0
TEXT
  5
220
330
17
100
AcDbEntity
  8
NEW_CATALOGUE_LABELS
100
AcDbText
 10
1475.9372018556353
 20
-920.0270379557371
 30
0.0
 40
2.5
  1
W0249
100
AcDbText
  0
LWPOLYLINE
  5
221
330
17
100
AcDbEntity
  8
RECOVERED_OUTLINES
100
AcDbPolyline
 90
15
 70
1
 10
1593.815058283845
 20
-872.7913721843202
 10
1622.2084650309416
 20
-872.7913721843202
 10
1628.0566238281606
 20
-860.0116977597906
 10
1635.096053601386
 20
-853.3328334943232
 10
1649.1024207845464
 20
-846.7306807205499
 10
1642.6285484650305
 20
-859.7650600388325
 10
1615.3798787866426
 20
-888.4578305735016
 10
1621.9596022500314
 20
-894.6940088345466
 10
1621.7871661732365
 20
-901.7267282493198
 10
1614.6845357442583
 20
-916.027037955737
 10
1608.6873365117285
 20
-909.3023785883012
 10
1606.9685863699926
 20
-880.3897125163678
 10
1594.764835664803
 20
-886.8223361182479
 10
1588.5693574307254
 20
-886.7440890875737
 10
1581.3612877024666
 20
-878.6616806599283
  0
TEXT
  5
222
330
17
100
AcDbEntity
  8
NEW_CATALOGUE_LABELS
100
AcDbText
 10
1581.3612877024666
 20
-920.027037955737
 30
0.0
 40
2.5
  1
W0250
100
AcDbText
  0
LWPOLYLINE
  5
223
330
17
100
AcDbEntity
  8
RECOVERED_OUTLINES
100
AcDbPolyline
 90
15
 70
1
 10
1696.803983396729
 20
-896.36191670435
 10
1723.403332040666
 20
-896.36191670435
 10
1725.2937046753386
 20
-906.0053234213591
 10
1730.0130571866769
 20
-911.0451235273755
 10
1741.2806750756533
 20
-916.027037955737
 10
1738.8756409045654
 20
-906.1914336285478
 10
1721.4050296988814
 20
-884.5401734389667
 10
1729.3199973036794
 20
-879.834419494594
 10
1731.133097630524
 20
-874.5276040476302
 10
1728.4944807342952
 20
-863.7367420822048
 10
1720.988074837557
 20
-868.8110986862398
 10
1711.2598516810372
 20
-890.6282897149531
 10
1701.6333503788478
 20
-885.7743002008466
 10
1695.8073678193593
 20
-885.8333445799227
 10
1686.7853735492977
 20
-891.9322442178635
  0
TEXT
  5
224
330
17
100
AcDbEntity
  8
NEW_CATALOGUE_LABELS
100
AcDbText
 10
1686.7853735492977
 20
-920.027037955737
 30
0.0
 40
2.5
  1
W0251
100
AcDbText
  0
LWPOLYLINE
  5
225
330
17
100
AcDbEntity
  8
RECOVERED_OUTLINES
100
AcDbPolyline
 90
15
 70
1
 10
1800.2953601720965
 20
-881.2736304453784
 10
1824.998324245193
 20
-881.2736304453784
 10
1824.101381036781
 20
-871.0011568937164
 10
1827.09800840539
 20
-865.6325962995226
 10
1836.1919687071918
 20
-860.325697430296
 10
1836.6638092849973
 20
-870.8029061886342
 10
1826.3942119728972
 20
-893.8665396310915
 10
1835.0392647763854
 20
-898.8792632828831
 10
1838.1828089466353
 20
-904.5322573877918
 10
1838.7004758205164
 20
-916.027037955737
 10
1830.333467668424
 20
-910.6216666449211
 10
1815.297713754789
 20
-887.3812782229829
 10
1807.6926802287735
 20
-892.5519072721297
 10
1802.2658166787185
 20
-892.4890112603539
 10
1792.2094593961288
 20
-885.9922630609353
  0
TEXT
  5
226
330
17
100
AcDbEntity
  8
NEW_CATALOGUE_LABELS
100
AcDbText
 10
1792.2094593961288
 20
-920.027037955737
 30
0.0
 40
2.5
  1
W0252
100
AcDbText
  0
LWPOLYLINE
  5
227
330
17
100
AcDbEntity
  8
RECOVERED_OUTLINES
100
AcDbPolyline
 90
15
 70
1
 10
1906.4054533259928
 20
-893.1327486945755
 10
1930.6294470513544
 20
-893.1327486945755
 10
1931.58464254152
 20
-904.3596788527947
 10
1935.4820365290777
 20
-910.2270538855032
 10
1945.3475278439412
 20
-916.027037955737
 10
1943.9389047362822
 20
-904.5763498238691
 10
1929.7490731909786
 20
-879.3697819460339
 10
1937.3311920665562
 20
-873.8913060893584
 10
1939.4041145453684
 20
-867.7130696907487
 10
1937.8586825606724
 20
-855.1502630822571
 10
1930.6193473569838
 20
-861.0578690625085
 10
1920.0260477037996
 20
-886.4576149319703
 10
1911.6449529907422
 20
-880.8065620558655
 10
1906.3345456451784
 20
-880.8753019876733
 10
1897.63354524296
 20
-887.9756890486462
  0
TEXT
  5
228
330
17
100
AcDbEntity
  8
NEW_CATALOGUE_LABELS
100
AcDbText
 10
1897.63354524296
 20
-920.027037955737
 30
0.0
 40
2.5
  1
W0253
100
AcDbText
  0
LWPOLYLINE
  5
229
330
17
100
AcDbEntity
  8
RECOVERED_OUTLINES
100
AcDbPolyline
 90
15
 70
1
 10
2011.4146737947544
 20
-896.6684676109062
 10
2037.5017470694847
 20
-896.6684676109062
 10
2036.158525696913
 20
-906.1615475115382
 10
2039.1160866735115
 20
-911.122784395309
 10
2048.5149918425286
 20
-916.027037955737
 10
2049.4171849585423
 20
-906.3447565287469
 10
2039.461325839131
 20
-885.0310082901144
 10
2048.784011220841
 20
-880.3986102696252
 10
2052.3216215467023
 20
-875.1745204293534
 10
2053.3114378362975
 20
-864.55187245436
 10
2044.2672386971897
 20
-869.5471271501347
 10
2027.4930713624158
 20
-891.0242196051925
 10
2019.661264217466
 20
-886.2458967939219
 10
2013.9279082814073
 20
-886.3040207562001
 10
2003.0576310897911
 20
-892.3078473361564
  0
TEXT
  5
22A
330
17
100
AcDbEntity
  8
NEW_CATALOGUE_LABELS
100
AcDbText
 10
2003.0576310897911
 20
-920.027037955737
 30
0.0
 40
2.5
  1
W0254
100
AcDbText
  0
LWPOLYLINE
  5
22B
330
17
100
AcDbEntity
  8
RECOVERED_OUTLINES
100
AcDbPolyline
 90
15
 70
1
 10
2116.5969862091656
 20
-892.5505530381954
 10
2138.6136824193745
 20
-892.5505530381954
 10
2139.792411483972
 20
-885.6113321767718
 10
2143.4969833346445
 20
-881.9847832756049
 10
2152.623973468173
 20
-878.3998878599486
 10
2151.0269434146576
 20
-885.4774106415564
 10
2137.432802676468
 20
-901.057265436922
 10
2144.1724852038124
 20
-904.4434407687082
 10
2145.885613429439
 20
-908.2621290744027
 10
2144.1334759614356
 20
-916.0270379557369
 10
2137.7172136092845
 20
-912.3756228243067
 10
2128.7918133319126
 20
-896.6763672015936
 10
2121.0180810331553
 20
-900.1692101652748
 10
2116.1934611418583
 20
-900.1267228992018
 10
2108.4817169366224
 20
-895.7380651518642
  0
TEXT
  5
22C
330
17
100
AcDbEntity
  8
NEW_CATALOGUE_LABELS
100
AcDbText
 10
2108.4817169366224
 20
-920.0270379557369
 30
0.0
 40
2.5
  1
W0255
100
AcDbText
  0
LWPOLYLINE
  5
22D
330
17
100
AcDbEntity
  8
RECOVERED_OUTLINES
100
AcDbPolyline
 90
15
 70
1
 10
2225.1015435818454
 20
-896.4483571365191
 10
2255.2328095652656
 20
-896.4483571365191
 10
2257.0407578136437
 20
-906.0493750864546
 10
2262.2124988909063
 20
-911.0670221381553
 10
2274.803999230911
 20
-916.0270379557371
 10
2272.4196970636335
 20
-906.2346672235926
 10
2253.377919003019
 20
-884.6785777814409
 10
2262.506559548179
 20
-879.9935085508534
 10
2264.743896473997
 20
-874.7100198566113
 10
2262.1280251238427
 20
-863.9665904373596
 10
2253.449451101047
 20
-869.018642089789
 10
2241.675139235855
 20
-890.7399330018884
 10
2230.938243234315
 20
-885.9072797890424
 10
2224.336632954786
 20
-885.966064631369
 10
2213.905802783453
 20
-892.038155814192
  0
TEXT
  5
22E
330
17
100
AcDbEntity
  8
NEW_CATALOGUE_LABELS
100
AcDbText
 10
2213.905802783453
 20
-920.0270379557371
 30
0.0
 40
2.5
  1
W0256
100
AcDbText
  0
LWPOLYLINE
  5
22F
330
17
100
AcDbEntity
  8
RECOVERED_OUTLINES
100
AcDbPolyline
 90
15
 70
1
 10
2325.280550732361
 20
-895.3449922882415
 10
2344.2068241449397
 20
-895.3449922882415
 10
2342.987605919087
 20
-905.4870796703544
 10
2345.005440697766
 20
-910.7874983464066
 10
2351.6979646879877
 20
-916.027037955737
 10
2352.6020922962507
 20
-905.682814024344
 10
2345.928488358278
 20
-882.9119220336239
 10
2352.81154363625
 20
-877.9628237426257
 10
2355.5127566087936
 20
-872.3815818056946
 10
2356.504695273195
 20
-861.0327018721509
 10
2349.814329388432
 20
-866.3694640347746
 10
2337.090984302952
 20
-889.3148674942371
 10
2331.532149888067
 20
-884.2098680631648
 10
2327.371079515416
 20
-884.2719657501738
 10
2319.329888630284
 20
-890.6862522028682
  0
TEXT
  5
230
330
17
100
AcDbEntity
  8
NEW_CATALOGUE_LABELS
100
AcDbText
 10
2319.329888630284
 20
-920.027037955737
 30
0.0
 40
2.5
  1
W0257
100
AcDbText
  0
LWPOLYLINE
  5
231
330
17
100
AcDbEntity
  8
RECOVERED_OUTLINES
100
AcDbPolyline
 90
15
 70
1
 10
2432.305810012871
 20
-892.7035303413193
 10
2452.765243019673
 20
-892.7035303413193
 10
2453.8836047929844
 20
-885.8095267812458
 10
2457.3381715256573
 20
-882.2066091720928
 10
2465.8314853160036
 20
-878.6450736263062
 10
2464.3239508974757
 20
-885.6764779045803
 10
2451.6396860260706
 20
-901.1548113615503
 10
2457.891437893772
 20
-904.5189217218564
 10
2459.4707348339066
 20
-908.3127267181231
 10
2457.81678503303
 20
-916.0270379557369
 10
2451.8664568464574
 20
-912.3994161494724
 10
2443.6244064739426
 20
-896.8024599039724
 10
2436.3889384012086
 20
-900.2725428293131
 10
2431.905709614109
 20
-900.2303324184595
 10
2424.753974477115
 20
-895.8702720113489
  0
TEXT
  5
232
330
17
100
AcDbEntity
  8
NEW_CATALOGUE_LABELS
100
AcDbText
 10
2424.753974477115
 20
-920.0270379557369
 30
0.0
 40
2.5
  1
W0258
100
AcDbText
  0
LWPOLYLINE
  5
233
330
17
100
AcDbEntity
  8
RECOVERED_OUTLINES
100
AcDbPolyline
 90
15
 70
1
 10
2538.1181162373177
 20
-885.7488869301322
 10
2560.6940489855656
 20
-885.7488869301322
 10
2561.07252781561
 20
-876.7992175916349
 10
2564.437326860243
 20
-872.1219758445441
 10
2573.367259995818
 20
-867.4984555352863
 10
2572.5764011827946
 20
-876.6264959732548
 10
2560.500895523537
 20
-896.720185386639
 10
2567.816883147691
 20
-901.0874119307795
 10
2570.030383892438
 20
-906.0124601927163
 10
2569.162714962133
 20
-916.027037955737
 10
2562.146629957954
 20
-911.3177256717668
 10
2551.1163007117884
 20
-891.0700423237836
 10
2543.56298600579
 20
-895.574840513739
 10
2538.6107349723397
 20
-895.5200437303475
 10
2530.1780603239467
 20
-889.8598930501965
  0
TEXT
  5
234
330
17
100
AcDbEntity
  8
NEW_CATALOGUE_LABELS
100
AcDbText
 10
2530.1780603239467
 20
-920.027037955737
 30
0.0
 40
2.5
  1
W0259
100
AcDbText
  0
LWPOLYLINE
  5
235
330
17
100
AcDbEntity
  8
RECOVERED_OUTLINES
100
AcDbPolyline
 90
15
 70
1
 10
2644.4803078478817
 20
-893.9823606751933
 10
2670.5728361093975
 20
-893.9823606751933
 10
2670.360006660644
 20
-904.7926570493637
 10
2673.9090939513376
 20
-910.4422925372583
 10
2683.894085368067
 20
-916.027037955737
 10
2683.643259500003
 20
-905.0012873142701
 10
2671.1467456375967
 20
-880.7301405720276
 10
2679.9196389255003
 20
-875.4549721284045
 10
2682.8357740342753
 20
-869.5060114065135
 10
2682.560587352339
 20
-857.409413243412
 10
2674.109456566358
 20
-863.0977866997648
 10
2659.889809646476
 20
-887.5549425569674
 10
2651.487242920308
 20
-882.1136014640883
 10
2645.7596109515976
 20
-882.179790442296
 10
2635.602146170778
 20
-889.0166806178576
  0
TEXT
  5
236
330
17
100
AcDbEntity
  8
NEW_CATALOGUE_LABELS
100
AcDbText
 10
2635.602146170778
 20
-920.027037955737
 30
0.0
 40
2.5
  1
W0260
100
AcDbText
  0
LWPOLYLINE
  5
237
330
17
100
AcDbEntity
  8
RECOVERED_OUTLINES
100
AcDbPolyline
 90
15
 70
1
 10
8.639009206461004
 20
-1001.3430844874609
 10
35.479666160832075
 20
-1001.3430844874609
 10
34.1859301905284
 20
-1009.4170820251027
 10
37.27506736007406
 20
-1013.636683545633
 10
46.99109145524423
 20
-1017.8078199508192
 10
47.829299469087694
 20
-1009.57290386262
 10
37.38762127732314
 20
-991.4452621912192
 10
46.93653121368683
 20
-987.5053427338559
 10
50.52774837174745
 20
-983.0621810889227
 10
51.447365171570745
 20
-974.0274700687803
 10
42.18836081114111
 20
-978.2760042153109
 10
25.129374853877515
 20
-996.5425724326809
 10
17.02688910633135
 20
-992.4785418950589
 10
11.128452875505964
 20
-992.5279771398082
 10
-4.336808689942018e-14
 20
-997.6343158128628
  0
TEXT
  5
238
330
17
100
AcDbEntity
  8
NEW_CATALOGUE_LABELS
100
AcDbText
 10
-4.336808689942018e-14
 20
-1021.8078199508192
 30
0.0
 40
2.5
  1
W0261
100
AcDbText
  0
LWPOLYLINE
  5
239
330
17
100
AcDbEntity
  8
RECOVERED_OUTLINES
100
AcDbPolyline
 90
15
 70
1
 10
112.00543607091404
 20
-981.78697401716
 10
132.3519015514297
 20
-981.78697401716
 10
131.44211567452228
 20
-999.4509214288493
 10
133.82089236249698
 20
-1008.6823856458551
 10
141.22273160444612
 20
-1017.807819950819
 10
141.7857925274153
 20
-999.7918217982968
 10
133.71127268058197
 20
-960.1329405949347
 10
140.91517996442957
 20
-951.513352865721
 10
143.59845848219405
 20
-941.7927933446366
 10
144.2162052413931
 20
-922.027037955737
 10
137.23477088752978
 20
-931.3217997377676
 10
124.46372952601614
 20
-971.2846185124071
 10
118.28596821880508
 20
-962.3935058558352
 10
113.81511367077756
 20
-962.5016581756079
 10
105.42408584683109
 20
-973.6730881106063
  0
TEXT
  5
23A
330
17
100
AcDbEntity
  8
NEW_CATALOGUE_LABELS
100
AcDbText
 10
105.42408584683109
 20
-1021.807819950819
 30
0.0
 40
2.5
  1
W0262
100
AcDbText
  0
LWPOLYLINE
  5
23B
330
17
100
AcDbEntity
  8
RECOVERED_OUTLINES
100
AcDbPolyline
 90
15
 70
1
 10
215.764271050515
 20
-986.3395976306105
 10
244.97465471698797
 20
-986.3395976306105
 10
233.8014554544749
 20
-1001.7710237894311
 10
232.0598558458739
 20
-1009.8357363410688
 10
237.588839397565
 20
-1017.807819950819
 10
248.46091855746116
 20
-1002.0688382448321
 10
259.0221592767887
 20
-967.422386771243
 10
274.1793362581789
 20
-959.8922165061973
 10
283.46147879325343
 20
-951.4002247120659
 10
295.3894805294869
 20
-934.132635104362
 10
280.1745449436336
 20
-942.2526451315836
 10
239.51661498502654
 20
-977.1646199380235
 10
235.6140858731285
 20
-969.3972423959658
 10
229.13509403216446
 20
-969.491725497482
 10
210.8481716936623
 20
-979.2512142523163
  0
TEXT
  5
23C
330
17
100
AcDbEntity
  8
NEW_CATALOGUE_LABELS
100
AcDbText
 10
210.8481716936623
 20
-1021.807819950819
 30
0.0
 40
2.5
  1
W0263
100
AcDbText
  0
LWPOLYLINE
  5
23D
330
17
100
AcDbEntity
  8
RECOVERED_OUTLINES
100
AcDbPolyline
 90
15
 70
1
 10
324.91906140477846
 20
-990.5060088890458
 10
362.2955283999087
 20
-990.5060088890458
 10
353.12852861912074
 20
-982.4360913720097
 10
353.58095681234096
 20
-978.2186221361465
 10
363.3057473159525
 20
-974.0495935248262
 10
371.9852064495011
 20
-982.2803482756989
 10
373.9816155146918
 20
-1000.3988295341561
 10
390.8729317349246
 20
-1004.3367580381539
 10
399.92704974829144
 20
-1008.7776744271306
 10
409.4494789076026
 20
-1017.807819950819
 10
392.6803344421148
 20
-1013.5614327094343
 10
352.26164292071024
 20
-995.3040951085429
 10
344.6860494349315
 20
-999.3660719759405
 10
336.42719285343827
 20
-999.3166617122265
 10
316.27225754049334
 20
-994.2129034173436
  0
TEXT
  5
23E
330
17
100
AcDbEntity
  8
NEW_CATALOGUE_LABELS
100
AcDbText
 10
316.27225754049334
 20
-1021.807819950819
 30
0.0
 40
2.5
  1
W0264
100
AcDbText
  0
LWPOLYLINE
  5
23F
330
17
100
AcDbEntity
  8
RECOVERED_OUTLINES
100
AcDbPolyline
 90
15
 70
1
 10
429.0144228223064
 20
-996.867238823649
 10
449.8086042565179
 20
-996.867238823649
 10
450.1673865114464
 20
-1007.1361071473355
 10
453.2719439412995
 20
-1012.5027835911593
 10
461.5023595388981
 20
-1017.807819950819
 10
460.76354062975986
 20
-1007.3342882743377
 10
449.61822282753747
 20
-984.2787492461503
 10
456.3518490349633
 20
-979.2677848601724
 10
458.3850557647841
 20
-973.616774730437
 10
457.57448097946894
 20
-962.1260283714159
 10
451.11747717952846
 20
-967.5295026127706
 10
440.9807077063114
 20
-990.7617345864998
 10
434.01839919533063
 20
-985.5929202216552
 10
429.457054983022
 20
-985.6557941594427
 10
421.6963433873244
 20
-992.1502622596971
  0
TEXT
  5
240
330
17
100
AcDbEntity
  8
NEW_CATALOGUE_LABELS
100
AcDbText
 10
421.6963433873244
 20
-1021.807819950819
 30
0.0
 40
2.5
  1
W0265
100
AcDbText
  0
LWPOLYLINE
  5
241
330
17
100
AcDbEntity
  8
RECOVERED_OUTLINES
100
AcDbPolyline
 90
15
 70
1
 10
534.1797611515985
 20
-999.6008496249498
 10
553.9963369981094
 20
-999.6008496249498
 10
554.5239508852404
 20
-1008.5292064701681
 10
557.579601860457
 20
-1013.1953099640423
 10
565.5190121986683
 20
-1017.807819950819
 10
564.6255274079639
 20
-1008.7015167740972
 10
553.5872594854409
 20
-988.655677912993
 10
559.913698079878
 20
-984.2988513605002
 10
561.7491255921852
 20
-979.385531471312
 10
560.7688634014781
 20
-969.3948021448304
 10
554.7131402825607
 20
-974.0928998037007
 10
545.4730599032131
 20
-994.2923658825374
 10
538.7446019991418
 20
-989.7982952935151
 10
534.3988391724848
 20
-989.8529615853728
 10
527.1204292341556
 20
-995.4996333403518
  0
TEXT
  5
242
330
17
100
AcDbEntity
  8
NEW_CATALOGUE_LABELS
100
AcDbText
 10
527.1204292341556
 20
-1021.807819950819
 30
0.0
 40
2.5
  1
W0266
100
AcDbText
  0
LWPOLYLINE
  5
243
330
17
100
AcDbEntity
  8
RECOVERED_OUTLINES
100
AcDbPolyline
 90
15
 70
1
 10
640.869505880371
 20
-997.9002904000305
 10
664.4000165161166
 20
-997.9002904000305
 10
664.9016192592817
 20
-1007.6625696016188
 10
668.4646750672686
 20
-1012.7644943880483
 10
677.8275324581824
 20
-1017.807819950819
 10
676.8939781086314
 20
-1007.8509739547857
 10
664.0673778968035
 20
-985.9328226997815
 10
671.6404349742019
 20
-981.1690618000245
 10
673.8885800827071
 20
-975.7968302241036
 10
672.8643566808589
 20
-964.8729513062437
 10
665.6079775069193
 20
-970.0098585622283
 10
654.3536022690389
 20
-992.0959860550182
 10
646.426991860846
 20
-987.1821623131748
 10
641.266000733278
 20
-987.2419345213519
 10
632.5445150809868
 20
-993.4160141630443
  0
TEXT
  5
244
330
17
100
AcDbEntity
  8
NEW_CATALOGUE_LABELS
100
AcDbText
 10
632.5445150809868
 20
-1021.807819950819
 30
0.0
 40
2.5
  1
W0267
100
AcDbText
  0
LWPOLYLINE
  5
245
330
17
100
AcDbEntity
  8
RECOVERED_OUTLINES
100
AcDbPolyline
 90
15
 70
1
 10
744.8042457364157
 20
-979.7940409337441
 10
768.7671399639845
 20
-979.7940409337441
 10
765.7026225976814
 20
-968.5578610156962
 10
767.4626221287059
 20
-962.6856519091034
 10
775.1504585552132
 20
-956.8808892877515
 10
777.8463451581163
 20
-968.3410115314915
 10
772.8113545142064
 20
-993.5683468582813
 10
782.2682497456565
 20
-999.0513363785485
 10
786.5252316936219
 20
-1005.2346629667335
 10
789.4829493120452
 20
-1017.807819950819
 10
780.2118899541244
 20
-1011.8953467507923
 10
760.6618869010006
 20
-986.4746742748857
 10
754.3892603850475
 20
-992.1303829991294
 10
749.111542777113
 20
-992.0615864331528
 10
737.9686009278176
 20
-984.9553494315388
  0
TEXT
  5
246
330
17
100
AcDbEntity
  8
NEW_CATALOGUE_LABELS
100
AcDbText
 10
737.9686009278176
 20
-1021.807819950819
 30
0.0
 40
2.5
  1
W0268
100
AcDbText
  0
LWPOLYLINE
  5
247
330
17
100
AcDbEntity
  8
RECOVERED_OUTLINES
100
AcDbPolyline
 90
15
 70
1
 10
854.515230612495
 20
-999.3423425934474
 10
888.6932117517223
 20
-999.3423425934474
 10
887.3112386508022
 20
-1008.3974664395969
 10
891.3835571236494
 20
-1013.1298204156378
 10
903.8927351260618
 20
-1017.807819950819
 10
904.6893643241042
 20
-1008.572223247495
 10
890.7973538443282
 20
-988.2417686482854
 10
902.8270897358072
 20
-983.8230828035161
 10
907.2539582551826
 20
-978.8400023931296
 10
908.1279580042311
 20
-968.7074222405903
 10
896.4775234953029
 20
-973.4722246426313
 10
875.3556891875068
 20
-993.9584876965009
 10
864.9046571477422
 20
-989.4006091907006
 10
857.3954138892259
 20
-989.4560516479818
 10
843.3926867746488
 20
-995.1828962338669
  0
TEXT
  5
248
330
17
100
AcDbEntity
  8
NEW_CATALOGUE_LABELS
100
AcDbText
 10
843.3926867746488
 20
-1021.807819950819
 30
0.0
 40
2.5
  1
W0269
100
AcDbText
  0
LWPOLYLINE
  5
249
330
17
100
AcDbEntity
  8
RECOVERED_OUTLINES
100
AcDbPolyline
 90
15
 70
1
 10
956.606570067667
 20
-999.609469882864
 10
981.8247873375003
 20
-999.609469882864
 10
979.8973551401797
 20
-1008.5335995152413
 10
982.427713134287
 20
-1013.197493799409
 10
991.188655260271
 20
-1017.807819950819
 10
992.7022833182848
 20
-1008.705828237269
 10
984.4901208105815
 20
-988.6694802633359
 10
993.8092166470457
 20
-984.3147164905312
 10
997.5751166779351
 20
-979.4037228579306
 10
999.235751947277
 20
-969.417723734333
 10
990.1618266282807
 20
-974.1135970355645
 10
972.5234107856411
 20
-994.3034994910079
 10
965.2690295889466
 20
-989.8115566611276
 10
959.7227778869993
 20
-989.8661970707257
 10
948.81677262148
 20
-995.5101953569169
  0
TEXT
  5
24A
330
17
100
AcDbEntity
  8
NEW_CATALOGUE_LABELS
100
AcDbText
 10
948.81677262148
 20
-1021.807819950819
 30
0.0
 40
2.5
  1
W0270
100
AcDbText
  0
LWPOLYLINE
  5
24B
330
17
100
AcDbEntity
  8
RECOVERED_OUTLINES
100
AcDbPolyline
 90
15
 70
1
 10
1059.7040572951946
 20
-964.963069017195
 10
1076.3287648336864
 20
-964.963069017195
 10
1075.7719729513815
 20
-949.3431242348593
 10
1077.8131338770763
 20
-941.1798888057094
 10
1083.9574231317986
 20
-933.1104139235524
 10
1084.2271941282377
 20
-949.0416715174713
 10
1077.210758643733
 20
-984.1113827257258
 10
1083.0058883814222
 20
-991.7335456114531
 10
1085.0956697778238
 20
-1000.3292801567376
 10
1085.391641584742
 20
-1017.807819950819
 10
1079.7854217959546
 20
-1009.5886115023038
 10
1069.7725585378012
 20
-974.250133184978
 10
1064.6309149759186
 20
-982.1124011997298
 10
1060.9790076580753
 20
-982.0167638416943
 10
1054.2408584683112
 20
-972.1380479093239
  0
TEXT
  5
24C
330
17
100
AcDbEntity
  8
NEW_CATALOGUE_LABELS
100
AcDbText
 10
1054.2408584683112
 20
-1021.807819950819
 30
0.0
 40
2.5
  1
W0271
100
AcDbText
  0
LWPOLYLINE
  5
24D
330
17
100
AcDbEntity
  8
RECOVERED_OUTLINES
100
AcDbPolyline
 90
15
 70
1
 10
1167.8221882092018
 20
-999.1607324263875
 10
1192.3628622340436
 20
-999.1607324263875
 10
1191.7427716229117
 20
-1008.3049144930541
 10
1194.8613202370734
 20
-1013.0838117335633
 10
1204.0355179177045
 20
-1017.807819950819
 10
1204.2278983181482
 20
-1008.4813900549525
 10
1193.4174126717357
 20
-987.9509830155918
 10
1201.8734483749606
 20
-983.4888388697495
 10
1204.8472298825066
 20
-978.4567492705786
 10
1205.0582947319033
 20
-968.2245139865397
 10
1196.8888340016665
 20
-973.0361787871799
 10
1182.5648782656078
 20
-993.7239266758922
 10
1174.8734200478875
 20
-989.1212208926348
 10
1169.4838681665312
 20
-989.1772086330807
 10
1159.6649443151423
 20
-994.9603774169185
  0
TEXT
  5
24E
330
17
100
AcDbEntity
  8
NEW_CATALOGUE_LABELS
100
AcDbText
 10
1159.6649443151423
 20
-1021.807819950819
 30
0.0
 40
2.5
  1
W0272
100
AcDbText
  0
LWPOLYLINE
  5
24F
330
17
100
AcDbEntity
  8
RECOVERED_OUTLINES
100
AcDbPolyline
 90
15
 70
1
 10
1273.4856110253556
 20
-999.3939777411587
 10
1297.4843918749905
 20
-999.3939777411587
 10
1297.7911603520793
 20
-1008.4237806790917
 10
1301.3180825679842
 20
-1013.1429015395272
 10
1310.7614550700823
 20
-1017.807819950819
 10
1310.0182209975465
 20
-1008.5980488132656
 10
1297.3962157194212
 20
-988.3244444110994
 10
1305.2199264017481
 20
-983.9181145694743
 10
1307.6255223662627
 20
-978.9489683828324
 10
1306.8101036062212
 20
-968.8447220373616
 10
1299.301544136677
 20
-973.5962005880295
 10
1287.3598249888473
 20
-994.0251777565484
 10
1279.37856458221
 20
-989.4800444793357
 10
1274.1136128241073
 20
-989.5353319024731
 10
1265.0890301619734
 20
-995.2461624714774
  0
TEXT
  5
250
330
17
100
AcDbEntity
  8
NEW_CATALOGUE_LABELS
100
AcDbText
 10
1265.0890301619734
 20
-1021.807819950819
 30
0.0
 40
2.5
  1
W0273
100
AcDbText
  0
LWPOLYLINE
  5
251
330
17
100
AcDbEntity
  8
RECOVERED_OUTLINES
100
AcDbPolyline
 90
15
 70
1
 10
1378.5439017785832
 20
-985.1570929229931
 10
1401.4563520800866
 20
-985.1570929229931
 10
1401.7803331396929
 20
-975.5061333807984
 10
1405.1638581678644
 20
-970.4623860463502
 10
1414.195832341936
 20
-965.4765697262744
 10
1413.4545229566916
 20
-975.3198774099908
 10
1401.3340436618978
 20
-996.9880951113789
 10
1408.7884302202708
 20
-1001.6975346554522
 10
1411.0680204846246
 20
-1007.0085064602821
 10
1410.2547133421513
 20
-1017.807819950819
 10
1403.1024010366957
 20
-1012.729489053312
 10
1391.771594336722
 20
-990.8952105538825
 10
1384.1359607282725
 20
-995.753001767464
 10
1379.1095230676808
 20
-995.6939111441626
 10
1370.5131160088044
 20
-989.5902347790606
  0
TEXT
  5
252
330
17
100
AcDbEntity
  8
NEW_CATALOGUE_LABELS
100
AcDbText
 10
1370.5131160088044
 20
-1021.807819950819
 30
0.0
 40
2.5
  1
W0274
100
AcDbText
  0
LWPOLYLINE
  5
253
330
17
100
AcDbEntity
  8
RECOVERED_OUTLINES
100
AcDbPolyline
 90
15
 70
1
 10
1487.9444674721196
 20
-996.2639513784092
 10
1511.6268529015513
 20
-996.2639513784092
 10
1520.031037472951
 20
-1006.8286605528763
 10
1527.7454155024059
 20
-1012.3499482035985
 10
1541.2496124836546
 20
-1017.807819950819
 10
1532.2532506975565
 20
-1007.0325511769107
 10
1501.6083504465082
 20
-983.3127938467347
 10
1505.3755940776925
 20
-978.1574661365377
 10
1503.2912004800796
 20
-972.3436532916583
 10
1493.4210903175094
 20
-960.5218643998281
 10
1490.2745074173765
 20
-966.0810099738306
 10
1496.818925864099
 20
-989.9825506830498
 10
1484.865034944987
 20
-984.6648254167287
 10
1479.7190987162364
 20
-984.7295107205463
 10
1475.9372018556353
 20
-991.4110811292132
  0
TEXT
  5
254
330
17
100
AcDbEntity
  8
NEW_CATALOGUE_LABELS
100
AcDbText
 10
1475.9372018556353
 20
-1021.807819950819
 30
0.0
 40
2.5
  1
W0275
100
AcDbText
  0
LWPOLYLINE
  5
255
330
17
100
AcDbEntity
  8
RECOVERED_OUTLINES
100
AcDbPolyline
 90
15
 70
1
 10
1591.337061392531
 20
-997.566341882077
 10
1615.694478467298
 20
-997.566341882077
 10
1619.1705717251475
 20
-1007.4923831749334
 10
1624.4041445138596
 20
-1012.679892675267
 10
1635.6235859132437
 20
-1017.807819950819
 10
1631.6414297876759
 20
-1007.6839480083777
 10
1611.7253650729892
 20
-985.3981200856475
 10
1618.1216744390506
 20
-980.5544471662549
 10
1618.8216468104333
 20
-975.0920964839776
 10
1614.4527340678792
 20
-963.9849696565459
 10
1608.4972522823982
 20
-969.2080484568511
 10
1603.5369684848495
 20
-991.6646704163066
 10
1593.8434708530197
 20
-986.6684173528397
 10
1588.5192169808997
 20
-986.7291922389375
 10
1581.3612877024666
 20
-993.0068419765983
  0
TEXT
  5
256
330
17
100
AcDbEntity
  8
NEW_CATALOGUE_LABELS
100
AcDbText
 10
1581.3612877024666
 20
-1021.807819950819
 30
0.0
 40
2.5
  1
W0276
100
AcDbText
  0
LWPOLYLINE
  5
257
330
17
100
AcDbEntity
  8
RECOVERED_OUTLINES
100
AcDbPolyline
 90
15
 70
1
 10
1693.939868893396
 20
-986.662450894615
 10
1713.8501250826016
 20
-986.662450894615
 10
1714.5147530638496
 20
-977.4564477194947
 10
1717.6551514954942
 20
-972.6452417692027
 10
1725.7015891703209
 20
-967.8892959306041
 10
1724.66667963341
 20
-977.2787790585555
 10
1713.2742073244917
 20
-997.9479861033104
 10
1719.5649108460282
 20
-1002.4402974850153
 10
1721.334988146205
 20
-1007.5064075525662
 10
1720.1995656964998
 20
-1017.807819950819
 10
1714.1859992143402
 20
-1012.9636249086204
 10
1705.2065745459886
 20
-992.1360132796011
 10
1698.3785984064739
 20
-996.7698365943481
 10
1694.0131151730557
 20
-996.7134703373606
 10
1686.7853735492977
 20
-990.89120326108
  0
TEXT
  5
258
330
17
100
AcDbEntity
  8
NEW_CATALOGUE_LABELS
100
AcDbText
 10
1686.7853735492977
 20
-1021.807819950819
 30
0.0
 40
2.5
  1
W0277
100
AcDbText
  0
LWPOLYLINE
  5
259
330
17
100
AcDbEntity
  8
RECOVERED_OUTLINES
100
AcDbPolyline
 90
15
 70
1
 10
1800.8282989000138
 20
-985.9765489690475
 10
1825.393977330811
 20
-985.9765489690475
 10
1825.7600556587674
 20
-976.5678056917567
 10
1829.3974997599128
 20
-971.6506444895089
 10
1839.090839619942
 20
-966.7899603701501
 10
1838.2769478880396
 20
-976.3862243054159
 10
1825.2398943670335
 20
-997.5106209768009
 10
1833.223010516103
 20
-1002.1018647237443
 10
1835.656780561357
 20
-1007.2795436940172
 10
1834.7638416994835
 20
-1017.807819950819
 10
1827.105311277407
 20
-1012.8569431511729
 10
1814.9992935693656
 20
-991.5706534151279
 10
1806.8032943665023
 20
-996.3065255554513
 10
1801.4142930456244
 20
-996.2489179670755
 10
1792.2094593961288
 20
-990.298429446651
  0
TEXT
  5
25A
330
17
100
AcDbEntity
  8
NEW_CATALOGUE_LABELS
100
AcDbText
 10
1792.2094593961288
 20
-1021.807819950819
 30
0.0
 40
2.5
  1
W0278
100
AcDbText
  0
LWPOLYLINE
  5
25B
330
17
100
AcDbEntity
  8
RECOVERED_OUTLINES
100
AcDbPolyline
 90
15
 70
1
 10
1908.2850832336742
 20
-986.9147842998525
 10
1935.6747969871992
 20
-986.9147842998525
 10
1938.3511537984318
 20
-977.783366278166
 10
1943.5921484350156
 20
-973.0111397337222
 10
1955.571600857754
 20
-968.2937255948577
 10
1952.3507444719535
 20
-977.6071370523524
 10
1932.7224466994583
 20
-998.1088864122185
 10
1940.5164652521003
 20
-1002.564802006598
 10
1941.98181905446
 20
-1007.5898674873165
 10
1938.4481453203962
 20
-1017.807819950819
 10
1931.1027242511943
 20
-1013.002871585339
 10
1922.7365672784667
 20
-992.344001002728
 10
1912.4566764644087
 20
-996.9402820294333
 10
1906.4620508832327
 20
-996.8843724403226
 10
1897.63354524296
 20
-991.1092761801885
  0
TEXT
  5
25C
330
17
100
AcDbEntity
  8
NEW_CATALOGUE_LABELS
100
AcDbText
 10
1897.63354524296
 20
-1021.807819950819
 30
0.0
 40
2.5
  1
W0279
100
AcDbText
  0
LWPOLYLINE
  5
25D
330
17
100
AcDbEntity
  8
RECOVERED_OUTLINES
100
AcDbPolyline
 90
15
 70
1
 10
2011.3018382147945
 20
-999.5517125967586
 10
2036.5945721177209
 20
-999.5517125967586
 10
2035.6005855311073
 20
-1008.5041653192235
 10
2038.6292306298253
 20
-1013.1828617077318
 10
2047.9012331428214
 20
-1017.807819950819
 10
2048.461475333051
 20
-1008.6769406547373
 10
2038.1164990670356
 20
-988.577002021315
 10
2047.004853132688
 20
-984.2084172517602
 10
2050.26506692187
 20
-979.2818372795606
 10
2050.879721186201
 20
-969.2641449416731
 10
2042.2731591348527
 20
-973.9749218411298
 10
2026.707331351103
 20
-994.2289023018978
 10
2018.9587996672742
 20
-989.7227031011805
 10
2013.4019096407205
 20
-989.7775169265968
 10
2003.0576310897911
 20
-995.4394279368854
  0
TEXT
  5
25E
330
17
100
AcDbEntity
  8
NEW_CATALOGUE_LABELS
100
AcDbText
 10
2003.0576310897911
 20
-1021.807819950819
 30
0.0
 40
2.5
  1
W0280
100
AcDbText
  0
LWPOLYLINE
  5
25F
330
17
100
AcDbEntity
  8
RECOVERED_OUTLINES
100
AcDbPolyline
 90
15
 70
1
 10
2118.9223115381883
 20
-981.1141074758945
 10
2146.571426104143
 20
-981.1141074758945
 10
2148.594294296336
 20
-970.268115157052
 10
2153.5301545238326
 20
-964.5998243919279
 10
2165.2723654987735
 20
-958.996637965306
 10
2162.713370432173
 20
-970.0587959883325
 10
2144.4232918817816
 20
-994.4100868340529
 10
2152.622381276227
 20
-999.7026740527383
 10
2154.4751797738477
 20
-1005.671278433363
 10
2151.667648928228
 20
-1017.807819950819
 10
2143.8954582380734
 20
-1012.1006633032248
 10
2133.9142733908225
 20
-987.5627491344925
 10
2123.8787150116764
 20
-993.0220577098411
 10
2117.823159544046
 20
-992.9556501735085
 10
2108.4817169366224
 20
-986.096184367734
  0
TEXT
  5
260
330
17
100
AcDbEntity
  8
NEW_CATALOGUE_LABELS
100
AcDbText
 10
2108.4817169366224
 20
-1021.807819950819
 30
0.0
 40
2.5
  1
W0281
100
AcDbText
  0
LWPOLYLINE
  5
261
330
17
100
AcDbEntity
  8
RECOVERED_OUTLINES
100
AcDbPolyline
 90
15
 70
1
 10
2223.2199706583738
 20
-980.8199861762183
 10
2250.5744356739274
 20
-980.8199861762183
 10
2250.365732471956
 20
-969.8870569643243
 10
2254.0940033795414
 20
-964.1733315747284
 10
2264.569357362439
 20
-958.5252323725117
 10
2264.2916936747984
 20
-969.6760599815653
 10
2251.1584249960697
 20
-994.2225404886541
 10
2260.3485733474686
 20
-999.5575508508816
 10
2263.397809029404
 20
-1005.5739970430668
 10
2263.0931779740604
 20
-1017.807819950819
 10
2254.2409049791436
 20
-1012.0549171462559
 10
2239.3661629245344
 20
-987.3203174224279
 10
2230.5499571639716
 20
-992.8233855092899
 10
2224.5454027912097
 20
-992.7564456781969
 10
2213.905802783453
 20
-985.8419972919802
  0
TEXT
  5
262
330
17
100
AcDbEntity
  8
NEW_CATALOGUE_LABELS
100
AcDbText
 10
2213.905802783453
 20
-1021.807819950819
 30
0.0
 40
2.5
  1
W0282
100
AcDbText
  0
LWPOLYLINE
  5
263
330
17
100
AcDbEntity
  8
RECOVERED_OUTLINES
100
AcDbPolyline
 90
15
 70
1
 10
2328.0120852498
 20
-982.1410012955427
 10
2353.7922195309466
 20
-982.1410012955427
 10
2353.3867245260753
 20
-971.5985400649698
 10
2356.791298392855
 20
-966.088879549065
 10
2366.555894023929
 20
-960.6425013907743
 10
2366.507175546089
 20
-971.3950788088515
 10
2354.5985681277366
 20
-995.0648853243338
 10
2363.361687195002
 20
-1000.2093565651518
 10
2366.35033581073
 20
-1006.0109262540815
 10
2366.296885676702
 20
-1017.807819950819
 10
2357.844215088056
 20
-1012.2603812356413
 10
2343.3531631976252
 20
-988.409174153965
 10
2335.1494569925785
 20
-993.7157009621535
 10
2329.4892041091634
 20
-993.6511518774205
 10
2319.329888630284
 20
-986.9836520125916
  0
TEXT
  5
264
330
17
100
AcDbEntity
  8
NEW_CATALOGUE_LABELS
100
AcDbText
 10
2319.329888630284
 20
-1021.807819950819
 30
0.0
 40
2.5
  1
W0283
100
AcDbText
  0
LWPOLYLINE
  5
265
330
17
100
AcDbEntity
  8
RECOVERED_OUTLINES
100
AcDbPolyline
 90
15
 70
1
 10
2435.417519608487
 20
-994.6152939473378
 10
2463.952536264853
 20
-994.6152939473378
 10
2465.7973191455535
 20
-1005.9884738116929
 10
2470.764385343653
 20
-1011.9322813029836
 10
2482.7573418228353
 20
-1017.807819950819
 10
2480.3640951950674
 20
-1006.2079672877087
 10
2462.0333420376646
 20
-980.6730413375532
 10
2470.613666854643
 20
-975.1231990901707
 10
2472.659499641417
 20
-968.8644807392374
 10
2470.033815123174
 20
-956.1380223801033
 10
2461.8847827950212
 20
-962.1225848949018
 10
2451.034256770719
 20
-987.8532053059331
 10
2440.799413351399
 20
-982.1285379322906
 10
2434.548345309512
 20
-982.1981733176806
 10
2424.753974477115
 20
-989.3910548991042
  0
TEXT
  5
266
330
17
100
AcDbEntity
  8
NEW_CATALOGUE_LABELS
100
AcDbText
 10
2424.753974477115
 20
-1021.807819950819
 30
0.0
 40
2.5
  1
W0284
100
AcDbText
  0
LWPOLYLINE
  5
267
330
17
100
AcDbEntity
  8
RECOVERED_OUTLINES
100
AcDbPolyline
 90
15
 70
1
 10
2538.4178199416588
 20
-993.6933076516157
 10
2572.386447033697
 20
-993.6933076516157
 10
2564.885430907496
 20
-1005.5186123070412
 10
2565.7304700321506
 20
-1011.6987075166493
 10
2574.997470572471
 20
-1017.807819950819
 10
2582.0388523717966
 20
-1005.7468314379018
 10
2581.9893433908223
 20
-979.1968003722108
 10
2596.9354710292478
 20
-973.4263319414304
 10
2604.707221888419
 20
-966.918807033269
 10
2612.4324796880173
 20
-953.6864261972801
 10
2597.6291165805633
 20
-959.9088965891121
 10
2562.7738208647097
 20
-986.6624016741046
 10
2555.471074653364
 20
-980.7101581897239
 10
2547.970311232084
 20
-980.7825618320521
 10
2530.1780603239467
 20
-988.2613863178334
  0
TEXT
  5
268
330
17
100
AcDbEntity
  8
NEW_CATALOGUE_LABELS
100
AcDbText
 10
2530.1780603239467
 20
-1021.807819950819
 30
0.0
 40
2.5
  1
W0285
100
AcDbText
  0
LWPOLYLINE
  5
269
330
17
100
AcDbEntity
  8
RECOVERED_OUTLINES
100
AcDbPolyline
 90
15
 70
1
 10
2643.533843779861
 20
-999.2154303005401
 10
2666.491962699751
 20
-999.2154303005401
 10
2666.566027541113
 20
-1008.3327895553731
 10
2669.825348808088
 20
-1013.0976687611887
 10
2678.7458816196304
 20
-1017.807819950819
 10
2678.258650459877
 20
-1008.5087474579824
 10
2666.6765715857864
 20
-988.0385626715105
 10
2674.2680843757794
 20
-983.5895074221846
 10
2676.6901037904768
 20
-978.5721785519081
 10
2676.155551564172
 20
-968.3699576879299
 10
2668.8571378142065
 20
-973.1675083361381
 10
2656.936876743952
 20
-993.7945724409068
 10
2649.412143817265
 20
-989.2053678664232
 10
2644.3741534321152
 20
-989.261191376912
 10
2635.602146170778
 20
-995.0273962762867
  0
TEXT
  5
26A
330
17
100
AcDbEntity
  8
NEW_CATALOGUE_LABELS
100
AcDbText
 10
2635.602146170778
 20
-1021.807819950819
 30
0.0
 40
2.5
  1
W0286
100
AcDbText
  0
LWPOLYLINE
  5
26B
330
17
100
AcDbEntity
  8
RECOVERED_OUTLINES
100
AcDbPolyline
 90
15
 70
1
 10
8.458045712373352
 20
-1100.284403132854
 10
33.196530637981496
 20
-1100.284403132854
 10
33.0831463249163
 20
-1109.7508202538309
 10
36.494257168693686
 20
-1114.6981227383092
 10
46.00675726859045
 20
-1119.588601945901
 10
45.67878528751596
 20
-1109.933514700246
 10
33.632288480741586
 20
-1088.6796294121903
 10
41.90678463664429
 20
-1084.0602421963072
 10
44.62294280233672
 20
-1078.8508250184134
 10
44.26311739064151
 20
-1068.258012389301
 10
36.29706518253684
 20
-1073.2392371415096
 10
23.015328352326996
 20
-1094.656007868555
 10
15.004307417854672
 20
-1089.891105714181
 10
9.574445928611727
 20
-1089.9490664263428
 10
6.938893903907228e-15
 20
-1095.9360303329768
  0
TEXT
  5
26C
330
17
100
AcDbEntity
  8
NEW_CATALOGUE_LABELS
100
AcDbText
 10
6.938893903907228e-15
 20
-1123.588601945901
 30
0.0
 40
2.5
  1
W0287
100
AcDbText
  0
LWPOLYLINE
  5
26D
330
17
100
AcDbEntity
  8
RECOVERED_OUTLINES
100
AcDbPolyline
 90
15
 70
1
 10
113.6680202601544
 20
-1083.395578655319
 10
139.24259336890694
 20
-1083.395578655319
 10
138.0369446525409
 20
-1072.6975809295889
 10
140.99450870722552
 20
-1067.1066345291636
 10
150.26620450990464
 20
-1061.5799041123712
 10
151.0372733509509
 20
-1072.4911179407648
 10
141.02737545524784
 20
-1096.5101331150179
 10
150.11265448647686
 20
-1101.7305024795028
 10
153.51958064655386
 20
-1107.6176646876834
 10
154.36553755502464
 20
-1119.588601945901
 10
145.5575235146414
 20
-1113.959319991655
 10
129.36443952727606
 20
-1089.7562279873196
 10
121.63052984555131
 20
-1095.1410437797554
 10
116.01049075167253
 20
-1095.07554238055
 10
105.42408584683112
 20
-1088.3096746357965
  0
TEXT
  5
26E
330
17
100
AcDbEntity
  8
NEW_CATALOGUE_LABELS
100
AcDbText
 10
105.42408584683112
 20
-1123.588601945901
 30
0.0
 40
2.5
  1
W0288
100
AcDbText
  0
LWPOLYLINE
  5
26F
330
17
100
AcDbEntity
  8
RECOVERED_OUTLINES
100
AcDbPolyline
 90
15
 70
1
 10
219.94289110153503
 20
-1085.166243842484
 10
248.5365950288938
 20
-1085.166243842484
 10
246.92209016884138
 20
-1074.9916224590181
 10
250.08950949613785
 20
-1069.6742009883853
 10
260.31805663550386
 20
-1064.4178538736257
 10
261.4519905791458
 20
-1074.7952602242485
 10
250.858806540936
 20
-1097.6391971615283
 10
261.1466801805432
 20
-1102.6041712741821
 10
265.10247202930384
 20
-1108.2033168364603
 10
266.3465363751951
 20
-1119.588601945901
 10
256.3584718966865
 20
-1114.2347204052955
 10
237.65077225109036
 20
-1091.2157121977114
 10
229.13801441868978
 20
-1096.3370875533974
 10
222.85288629792674
 20
-1096.274790668121
 10
210.84817169366218
 20
-1089.83992833235
  0
TEXT
  5
270
330
17
100
AcDbEntity
  8
NEW_CATALOGUE_LABELS
100
AcDbText
 10
210.84817169366218
 20
-1123.588601945901
 30
0.0
 40
2.5
  1
W0289
100
AcDbText
  0
LWPOLYLINE
  5
271
330
17
100
AcDbEntity
  8
RECOVERED_OUTLINES
100
AcDbPolyline
 90
15
 70
1
 10
324.01642109457663
 20
-1081.9793101068315
 10
349.30156224152563
 20
-1081.9793101068315
 10
347.2246658939447
 20
-1070.862689223011
 10
349.6862997329705
 20
-1065.052963598766
 10
358.3959188444004
 20
-1059.3099667926635
 10
360.060789849084
 20
-1070.6481471346556
 10
352.1509249411422
 20
-1095.6070499630518
 10
361.56519067336
 20
-1101.0316975079766
 10
365.42052068136104
 20
-1107.149230155464
 10
367.24708797749724
 20
-1119.588601945901
 10
358.0731258957775
 20
-1113.739040659963
 10
340.0613266551494
 20
-1088.5888578943316
 10
332.86035170263807
 20
-1094.184386817444
 10
327.2984975911417
 20
-1094.116322284155
 10
316.27225754049334
 20
-1087.0856994894248
  0
TEXT
  5
272
330
17
100
AcDbEntity
  8
NEW_CATALOGUE_LABELS
100
AcDbText
 10
316.27225754049334
 20
-1123.588601945901
 30
0.0
 40
2.5
  1
W0290
100
AcDbText
  0
LWPOLYLINE
  5
273
330
17
100
AcDbEntity
  8
RECOVERED_OUTLINES
100
AcDbPolyline
 90
15
 70
1
 10
429.2616521954321
 20
-1100.8708478976394
 10
451.6350707188522
 20
-1100.8708478976394
 10
451.34938650259585
 20
-1110.0496835025099
 10
454.3386740855104
 20
-1114.8466912417919
 10
462.8471408448701
 20
-1119.588601945901
 10
462.73731368936984
 20
-1110.226827850592
 10
452.25367787842276
 20
-1089.6186171061547
 10
459.8264775690849
 20
-1085.1395628549033
 10
462.3837463619913
 20
-1080.0884032385454
 10
462.26325252799455
 20
-1069.817391041083
 10
454.9624085028437
 20
-1074.6472905191144
 10
442.5361074350449
 20
-1095.4134383846197
 10
435.3831449055057
 20
-1090.7932898121069
 10
430.4712716109829
 20
-1090.8494897282606
 10
421.6963433873244
 20
-1096.654574880225
  0
TEXT
  5
274
330
17
100
AcDbEntity
  8
NEW_CATALOGUE_LABELS
100
AcDbText
 10
421.6963433873244
 20
-1123.588601945901
 30
0.0
 40
2.5
  1
W0291
100
AcDbText
  0
LWPOLYLINE
  5
275
330
17
100
AcDbEntity
  8
RECOVERED_OUTLINES
100
AcDbPolyline
 90
15
 70
1
 10
543.7439173400485
 20
-1099.311666903851
 10
592.3449741667058
 20
-1099.311666903851
 10
592.137175799659
 20
-1109.2550956315567
 10
598.846436707689
 20
-1114.4516920861759
 10
617.5423550847448
 20
-1119.5886019459008
 10
616.8827698474685
 20
-1109.446996028894
 10
593.1827270290362
 20
-1087.122130047623
 10
609.4314470817754
 20
-1082.2699724720787
 10
614.759362494707
 20
-1076.7980533965408
 10
614.0357167467579
 20
-1065.671470228119
 10
598.39353520095
 20
-1070.9036982894108
 10
572.3341622799269
 20
-1093.3996574871205
 10
556.5882379082636
 20
-1088.394652493043
 10
545.9208610545111
 20
-1088.455533838437
 10
527.1204292341556
 20
-1094.7441801277544
  0
TEXT
  5
276
330
17
100
AcDbEntity
  8
NEW_CATALOGUE_LABELS
100
AcDbText
 10
527.1204292341556
 20
-1123.5886019459008
 30
0.0
 40
2.5
  1
W0292
100
AcDbText
  0
LWPOLYLINE
  5
277
330
17
100
AcDbEntity
  8
RECOVERED_OUTLINES
100
AcDbPolyline
 90
15
 70
1
 10
639.0873145686361
 20
-1088.2495912428885
 10
664.2762183442544
 20
-1088.2495912428885
 10
659.6560216341148
 20
-1103.617654447509
 10
660.774985242217
 20
-1111.649252495874
 10
668.1334676737816
 20
-1119.588601945901
 10
672.3940539580987
 20
-1103.9142460474527
 10
670.2422297462093
 20
-1069.4100563126888
 10
680.8655916724596
 20
-1061.9108056676903
 10
686.11018908652
 20
-1053.4536828274443
 10
690.7845737970515
 20
-1036.2569956417324
 10
680.3030854680495
 20
-1044.3436641088053
 10
656.5880078372744
 20
-1079.112286911489
 10
650.6985844455677
 20
-1071.3768029858984
 10
645.1422787706726
 20
-1071.470898130503
 10
632.5445150809867
 20
-1081.1903134642146
  0
TEXT
  5
278
330
17
100
AcDbEntity
  8
NEW_CATALOGUE_LABELS
100
AcDbText
 10
632.5445150809867
 20
-1123.588601945901
 30
0.0
 40
2.5
  1
W0293
100
AcDbText
  0
LWPOLYLINE
  5
279
330
17
100
AcDbEntity
  8
RECOVERED_OUTLINES
100
AcDbPolyline
 90
15
 70
1
 10
747.0712734329198
 20
-1085.2859502248718
 10
771.8263702464417
 20
-1085.2859502248718
 10
773.1038992876287
 20
-1075.1467118652631
 10
777.2442542666997
 20
-1069.8477821343874
 10
787.4817460063624
 20
-1064.609714368643
 10
785.7348412286412
 20
-1074.9510324951793
 10
770.5572224091361
 20
-1097.7155278950129
 10
778.158504979891
 20
-1102.663235930546
 10
780.1110184989135
 20
-1108.2429100359968
 10
778.1944501116491
 20
-1119.5886019459008
 10
770.9549867931099
 20
-1114.2533389377338
 10
760.8112983574886
 20
-1091.3143810913252
 10
752.0947462409537
 20
-1096.4179464726092
 10
746.6697553120435
 20
-1096.3558662295152
 10
737.9686009278176
 20
-1089.943381619554
  0
TEXT
  5
27A
330
17
100
AcDbEntity
  8
NEW_CATALOGUE_LABELS
100
AcDbText
 10
737.9686009278176
 20
-1123.5886019459008
 30
0.0
 40
2.5
  1
W0294
100
AcDbText
  0
LWPOLYLINE
  5
27B
330
17
100
AcDbEntity
  8
RECOVERED_OUTLINES
100
AcDbPolyline
 90
15
 70
1
 10
850.636635085352
 20
-1087.738717882014
 10
872.3772567332229
 20
-1087.738717882014
 10
871.8658694668112
 20
-1078.324472917049
 10
874.6484308977615
 20
-1073.4044364439617
 10
882.7954735329658
 20
-1068.5409100782879
 10
882.9271952514983
 20
-1078.142785352439
 10
873.2649597190023
 20
-1099.2795343464852
 10
880.7376553579902
 20
-1103.8734627866324
 10
883.3512478982877
 20
-1109.0541693634339
 10
883.4957627481382
 20
-1119.588601945901
 10
876.2783949768852
 20
-1114.6348301604887
 10
863.6746424540429
 20
-1093.3360934361028
 10
856.8416644901314
 20
-1098.0747348399307
 10
852.067284388064
 20
-1098.0170935659764
 10
843.3926867746487
 20
-1092.0631255447954
  0
TEXT
  5
27C
330
17
100
AcDbEntity
  8
NEW_CATALOGUE_LABELS
100
AcDbText
 10
843.3926867746487
 20
-1123.588601945901
 30
0.0
 40
2.5
  1
W0295
100
AcDbText
  0
LWPOLYLINE
  5
27D
330
17
100
AcDbEntity
  8
RECOVERED_OUTLINES
100
AcDbPolyline
 90
15
 70
1
 10
956.8620789432931
 20
-1082.1764941653921
 10
983.4443485081063
 20
-1082.1764941653921
 10
981.0516255052718
 20
-1071.1181572937442
 10
983.5301671683608
 20
-1065.338891835636
 10
992.5784721542265
 20
-1059.626005339065
 10
994.5422039876235
 20
-1070.9047400412378
 10
986.6964398038281
 20
-1095.7327843100531
 10
996.6957821872345
 20
-1101.128990638277
 10
1000.8640595693312
 20
-1107.2144492993414
 10
1003.0185137794017
 20
-1119.588601945901
 10
993.2638031921744
 20
-1113.7697096829295
 10
973.854520121038
 20
-1088.7513883501715
 10
966.389476545331
 20
-1094.3175801321443
 10
960.5410177841771
 20
-1094.2498724585637
 10
948.8167726214799
 20
-1087.2561109464866
  0
TEXT
  5
27E
330
17
100
AcDbEntity
  8
NEW_CATALOGUE_LABELS
100
AcDbText
 10
948.8167726214799
 20
-1123.588601945901
 30
0.0
 40
2.5
  1
W0296
100
AcDbText
  0
LWPOLYLINE
  5
27F
330
17
100
AcDbEntity
  8
RECOVERED_OUTLINES
100
AcDbPolyline
 90
15
 70
1
 10
1067.7819052364803
 20
-1088.9510851410764
 10
1110.8924132503025
 20
-1088.9510851410764
 10
1108.085986919629
 20
-1079.8951938310702
 10
1112.6669370088835
 20
-1075.1624387660222
 10
1127.89612979351
 20
-1070.4840427486251
 10
1129.985422152498
 20
-1079.7204222117198
 10
1114.849930477844
 20
-1100.0525999115034
 10
1130.542527678108
 20
-1104.471660260447
 10
1136.7114956096045
 20
-1109.4551630100723
 10
1139.0037050866504
 20
-1119.588601945901
 10
1123.748899251126
 20
-1114.8233957046975
 10
1094.7012682438567
 20
-1094.3353963447628
 10
1082.0540197415964
 20
-1098.8936611519628
 10
1072.5757010990312
 20
-1098.8382139956757
 10
1054.2408584683112
 20
-1093.1108840330792
  0
TEXT
  5
280
330
17
100
AcDbEntity
  8
NEW_CATALOGUE_LABELS
100
AcDbText
 10
1054.2408584683112
 20
-1123.588601945901
 30
0.0
 40
2.5
  1
W0297
100
AcDbText
  0
LWPOLYLINE
  5
281
330
17
100
AcDbEntity
  8
RECOVERED_OUTLINES
100
AcDbPolyline
 90
15
 70
1
 10
1166.007672911833
 20
-1102.405338464905
 10
1188.7630436937661
 20
-1102.405338464905
 10
1185.529756911072
 20
-1110.8316886691318
 10
1187.0321608602408
 20
-1115.235435384252
 10
1194.1656298034713
 20
-1119.588601945901
 10
1197.0553030592735
 20
-1110.9943106375272
 10
1192.9996653887972
 20
-1092.0755710184194
 10
1202.137725916043
 20
-1087.9637118099647
 10
1206.3580483174696
 20
-1083.3266487120818
 10
1209.5283736163783
 20
-1073.897659082746
 10
1200.5544308734127
 20
-1078.331601055899
 10
1181.2583856449871
 20
-1097.3953300341864
 10
1175.4645248745176
 20
-1093.1539434854508
 10
1170.4507799228431
 20
-1093.2055361051841
 10
1159.664944315142
 20
-1098.5347175571164
  0
TEXT
  5
282
330
17
100
AcDbEntity
  8
NEW_CATALOGUE_LABELS
100
AcDbText
 10
1159.664944315142
 20
-1123.588601945901
 30
0.0
 40
2.5
  1
W0298
100
AcDbText
  0
LWPOLYLINE
  5
283
330
17
100
AcDbEntity
  8
RECOVERED_OUTLINES
100
AcDbPolyline
 90
15
 70
1
 10
1273.0441184171948
 20
-1081.5822459930819
 10
1294.1867831091265
 20
-1081.5822459930819
 10
1295.671357019891
 20
-1070.3482601974727
 10
1299.4131573254158
 20
-1064.4771977747048
 10
1308.3599968668218
 20
-1058.673568666701
 10
1306.4666996666867
 20
-1070.1314530581149
 10
1292.6204868005773
 20
-1095.3538621677285
 10
1298.9205341845175
 20
-1100.8357810082427
 10
1300.371594790885
 20
-1107.0179001597621
 10
1298.2944159957083
 20
-1119.588601945901
 10
1292.3184284752788
 20
-1113.6772832921893
 10
1284.5451618026393
 20
-1088.261574786982
 10
1276.9025356250365
 20
-1093.9161791040776
 10
1272.271605406233
 20
-1093.8473959722119
 10
1265.0890301619734
 20
-1086.7425466267387
  0
TEXT
  5
284
330
17
100
AcDbEntity
  8
NEW_CATALOGUE_LABELS
100
AcDbText
 10
1265.0890301619734
 20
-1123.588601945901
 30
0.0
 40
2.5
  1
W0299
100
AcDbText
  0
LWPOLYLINE
  5
285
330
17
100
AcDbEntity
  8
RECOVERED_OUTLINES
100
AcDbPolyline
 90
15
 70
1
 10
1377.8899423570654
 20
-1087.50655906782
 10
1399.4152423018859
 20
-1087.50655906782
 10
1399.3543845157565
 20
-1078.0236921906617
 10
1402.3421941430595
 20
-1073.0677927979139
 10
1410.6386805609677
 20
-1068.16881542364
 10
1410.3147547331619
 20
-1077.840680276818
 10
1399.7480633060177
 20
-1099.1314983586049
 10
1406.9293722909583
 20
-1103.7589126656715
 10
1409.2719380574083
 20
-1108.9773822275172
 10
1408.9165517711556
 20
-1119.588601945901
 10
1402.0050689771724
 20
-1114.5987213388307
 10
1390.5339623028822
 20
-1093.1447347726605
 10
1383.5444352285947
 20
-1097.91791687896
 10
1378.8200686333678
 20
-1097.8598554486944
 10
1370.5131160088044
 20
-1091.862488018185
  0
TEXT
  5
286
330
17
100
AcDbEntity
  8
NEW_CATALOGUE_LABELS
100
AcDbText
 10
1370.5131160088044
 20
-1123.588601945901
 30
0.0
 40
2.5
  1
W0300
100
AcDbText
  0
LWPOLYLINE
  5
287
330
17
100
AcDbEntity
  8
RECOVERED_OUTLINES
100
AcDbPolyline
 90
15
 70
1
 10
1482.0030640189304
 20
-1103.0466855285783
 10
1504.0351466799302
 20
-1103.0466855285783
 10
1500.7407891121186
 20
-1111.1585311588085
 10
1502.1098120855956
 20
-1115.3979127038301
 10
1508.9318979901316
 20
-1119.588601945901
 10
1511.8968293662595
 20
-1111.3150834349105
 10
1508.3379578415665
 20
-1093.1024656835455
 10
1517.265512667846
 20
-1089.1440772539388
 10
1521.4418536158937
 20
-1084.6800876123982
 10
1524.694746285469
 20
-1075.6030250089657
 10
1515.9198301167953
 20
-1079.8714748060763
 10
1496.8664416965892
 20
-1098.223670342744
 10
1491.3392105575238
 20
-1094.1405890432964
 10
1486.4838262299509
 20
-1094.190256023281
 10
1475.9372018556353
 20
-1099.32053143622
  0
TEXT
  5
288
330
17
100
AcDbEntity
  8
NEW_CATALOGUE_LABELS
100
AcDbText
 10
1475.9372018556353
 20
-1123.588601945901
 30
0.0
 40
2.5
  1
W0301
100
AcDbText
  0
LWPOLYLINE
  5
289
330
17
100
AcDbEntity
  8
RECOVERED_OUTLINES
100
AcDbPolyline
 90
15
 70
1
 10
1592.6531918086005
 20
-1087.0683495416306
 10
1622.8741902977365
 20
-1087.0683495416306
 10
1624.8242859054192
 20
-1077.4559559190293
 10
1630.0829033554332
 20
-1072.4323637570587
 10
1642.7825555671118
 20
-1067.466471113014
 10
1640.2516638735667
 20
-1077.270444240306
 10
1620.8461193202902
 20
-1098.852074205216
 10
1629.935208242962
 20
-1103.542694494479
 10
1632.1039466000436
 20
-1108.8324432788734
 10
1629.32724859492
 20
-1119.588601945901
 10
1620.694794054744
 20
-1114.5305644192456
 10
1609.1948299725686
 20
-1092.7835372470342
 10
1598.357119445721
 20
-1097.6219163820008
 10
1591.7366865910185
 20
-1097.5630618890257
 10
1581.3612877024668
 20
-1091.483776248068
  0
TEXT
  5
28A
330
17
100
AcDbEntity
  8
NEW_CATALOGUE_LABELS
100
AcDbText
 10
1581.3612877024668
 20
-1123.588601945901
 30
0.0
 40
2.5
  1
W0302
100
AcDbText
  0
LWPOLYLINE
  5
28B
330
17
100
AcDbEntity
  8
RECOVERED_OUTLINES
100
AcDbPolyline
 90
15
 70
1
 10
1701.5788305282254
 20
-1073.9819377355032
 10
1729.6431440082893
 20
-1073.9819377355032
 10
1740.8312620674767
 20
-1060.5014394062039
 10
1750.6152748955633
 20
-1053.4563132487303
 10
1767.253014365806
 20
-1046.492105360476
 10
1755.338656271227
 20
-1060.2412763320228
 10
1716.2644142967306
 20
-1090.5075282259802
 10
1720.1290255359136
 20
-1097.0856919441317
 10
1716.9826801946067
 20
-1104.5040782951417
 10
1703.911170877193
 20
-1119.5886019459012
 10
1700.829033791921
 20
-1112.4951693312305
 10
1711.3646514939442
 20
-1081.9969630600147
 10
1696.5803718823072
 20
-1088.7823449748867
 10
1690.4898125984769
 20
-1088.6998069593444
 10
1686.7853735492977
 20
-1080.174167753978
  0
TEXT
  5
28C
330
17
100
AcDbEntity
  8
NEW_CATALOGUE_LABELS
100
AcDbText
 10
1686.7853735492977
 20
-1123.5886019459012
 30
0.0
 40
2.5
  1
W0303
100
AcDbText
  0
LWPOLYLINE
  5
28D
330
17
100
AcDbEntity
  8
RECOVERED_OUTLINES
100
AcDbPolyline
 90
15
 70
1
 10
1802.3634282327348
 20
-1090.9975725823654
 10
1829.751594580798
 20
-1090.9975725823654
 10
1831.3459010991664
 20
-1082.5465856434826
 10
1836.0211817026072
 20
-1078.1299633729104
 10
1847.4410336231592
 20
-1073.7640691406934
 10
1845.3238210475174
 20
-1082.3834882053777
 10
1828.1256989507685
 20
-1101.357541923321
 10
1836.447218290133
 20
-1105.481423274436
 10
1838.5078638422867
 20
-1110.1320440918958
 10
1836.1850224697378
 20
-1119.5886019459008
 10
1828.2707215353162
 20
-1115.141696133218
 10
1817.4573545857984
 20
-1096.022229140131
 10
1807.7226162894228
 20
-1100.2760165400582
 10
1801.7217051585012
 20
-1100.2242730752196
 10
1792.2094593961288
 20
-1094.8795103068
  0
TEXT
  5
28E
330
17
100
AcDbEntity
  8
NEW_CATALOGUE_LABELS
100
AcDbText
 10
1792.2094593961288
 20
-1123.5886019459008
 30
0.0
 40
2.5
  1
W0304
100
AcDbText
  0
LWPOLYLINE
  5
28F
330
17
100
AcDbEntity
  8
RECOVERED_OUTLINES
100
AcDbPolyline
 90
15
 70
1
 10
1905.8484392615364
 20
-1101.8263512013232
 10
1927.825270804968
 20
-1101.8263512013232
 10
1929.250737675374
 20
-1110.536625902903
 10
1933.0786663882523
 20
-1115.0887561461532
 10
1942.3177013650948
 20
-1119.588601945901
 10
1940.469730768002
 20
-1110.7047273920296
 10
1926.3414397615427
 20
-1091.1485239236015
 10
1932.9474753645459
 20
-1086.8981162890013
 10
1934.5205461413755
 20
-1082.104808105482
 10
1932.49309617836
 20
-1072.358110206709
 10
1926.219407855603
 20
-1076.9414531322918
 10
1917.8732152500488
 20
-1096.6475313527365
 10
1909.9882892437
 20
-1092.2632319752265
 10
1905.1739288671201
 20
-1092.3165629998769
 10
1897.63354524296
 20
-1097.8253103526285
  0
TEXT
  5
290
330
17
100
AcDbEntity
  8
NEW_CATALOGUE_LABELS
100
AcDbText
 10
1897.63354524296
 20
-1123.588601945901
 30
0.0
 40
2.5
  1
W0305
100
AcDbText
  0
LWPOLYLINE
  5
291
330
17
100
AcDbEntity
  8
RECOVERED_OUTLINES
100
AcDbPolyline
 90
15
 70
1
 10
2009.6720041088124
 20
-1095.4294071460968
 10
2028.7768822495123
 20
-1095.4294071460968
 10
2028.8688076635456
 20
-1107.2766232619663
 10
2031.5969223367874
 20
-1113.4681697547062
 10
2039.0359012858075
 20
-1119.588601945901
 10
2038.5995507673572
 20
-1107.5052652668758
 10
2028.8933728295758
 20
-1080.906038855066
 10
2035.1959611013149
 20
-1075.1248781508557
 10
2037.1948045012273
 20
-1068.605295255288
 10
2036.7160745669491
 20
-1055.3483957453436
 10
2030.6585500682509
 20
-1061.582395938549
 10
2020.8074909295583
 20
-1088.3854733927524
 10
2014.5304456787837
 20
-1082.422200818512
 10
2010.338206117284
 20
-1082.4947386197132
 10
2003.0576310897911
 20
-1089.9874208429198
  0
TEXT
  5
292
330
17
100
AcDbEntity
  8
NEW_CATALOGUE_LABELS
100
AcDbText
 10
2003.0576310897911
 20
-1123.588601945901
 30
0.0
 40
2.5
  1
W0306
100
AcDbText
  0
LWPOLYLINE
  5
293
330
17
100
AcDbEntity
  8
RECOVERED_OUTLINES
100
AcDbPolyline
 90
15
 70
1
 10
2117.039464265216
 20
-1101.023886047185
 10
2141.6750666298526
 20
-1101.023886047185
 10
2141.855781358733
 20
-1110.1276746131678
 10
2145.4061605273578
 20
-1114.885461557803
 10
2155.03079192407
 20
-1119.588601945901
 10
2154.4047042827783
 20
-1110.3033706120964
 10
2141.7490576095215
 20
-1089.863654572186
 10
2149.8458584798873
 20
-1085.4212214974152
 10
2152.389135974304
 20
-1080.4113606457893
 10
2151.702241189734
 20
-1070.2243252276244
 10
2143.923824915449
 20
-1075.0147349850035
 10
2131.3616255123056
 20
-1095.6110968369555
 10
2123.23612404516
 20
-1091.0287230416054
 10
2117.8306421109514
 20
-1091.0844634618627
 10
2108.4817169366224
 20
-1096.842085681719
  0
TEXT
  5
294
330
17
100
AcDbEntity
  8
NEW_CATALOGUE_LABELS
100
AcDbText
 10
2108.4817169366224
 20
-1123.588601945901
 30
0.0
 40
2.5
  1
W0307
100
AcDbText
  0
LWPOLYLINE
  5
295
330
17
100
AcDbEntity
  8
RECOVERED_OUTLINES
100
AcDbPolyline
 90
15
 70
1
 10
2223.2035319683832
 20
-1099.0861857569444
 10
2247.2574850750248
 20
-1099.0861857569444
 10
2249.484737106072
 20
-1109.1401862110506
 10
2254.0230747276482
 20
-1114.3945692357884
 10
2264.479940628843
 20
-1119.5886019459012
 10
2261.776957504725
 20
-1109.3342205562255
 10
2244.815671686666
 20
-1086.7611002714532
 10
2251.72056245611
 20
-1081.8549863138012
 10
2253.0752250889996
 20
-1076.3222190584777
 10
2250.109721718088
 20
-1065.0719073912087
 10
2243.5940869103088
 20
-1070.3623182489487
 10
2235.9682102385154
 20
-1093.1084343204734
 10
2227.002284650529
 20
-1088.0477732687127
 10
2221.7369833391363
 20
-1088.1093316195593
 10
2213.905802783453
 20
-1094.4679081609029
  0
TEXT
  5
296
330
17
100
AcDbEntity
  8
NEW_CATALOGUE_LABELS
100
AcDbText
 10
2213.905802783453
 20
-1123.5886019459012
 30
0.0
 40
2.5
  1
W0308
100
AcDbText
  0
LWPOLYLINE
  5
297
330
17
100
AcDbEntity
  8
RECOVERED_OUTLINES
100
AcDbPolyline
 90
15
 70
1
 10
2326.310649472998
 20
-1094.3052950933036
 10
2348.693033231447
 20
-1094.3052950933036
 10
2347.1280727782214
 20
-1086.8320106142364
 10
2349.4500475996865
 20
-1082.9263514405482
 10
2357.3010915017703
 20
-1079.0655515317515
 10
2358.4958763908835
 20
-1086.6877820689106
 10
2350.8799982127266
 20
-1103.4667100427407
 10
2359.080033019118
 20
-1107.1134957634715
 10
2362.342255714029
 20
-1111.226081976715
 10
2363.6530809961273
 20
-1119.588601945901
 10
2355.6762170689876
 20
-1115.6561627609703
 10
2340.3509680415636
 20
-1098.7486445076806
 10
2333.8390027718847
 20
-1102.5103073268322
 10
2328.9173292288524
 20
-1102.464550111081
 10
2319.329888630284
 20
-1097.7381278682835
  0
TEXT
  5
298
330
17
100
AcDbEntity
  8
NEW_CATALOGUE_LABELS
100
AcDbText
 10
2319.329888630284
 20
-1123.588601945901
 30
0.0
 40
2.5
  1
W0309
100
AcDbText
  0
LWPOLYLINE
  5
299
330
17
100
AcDbEntity
  8
RECOVERED_OUTLINES
100
AcDbPolyline
 90
15
 70
1
 10
2433.27222702974
 20
-1087.126114389462
 10
2456.859571698665
 20
-1087.126114389462
 10
2457.7393428856412
 20
-1077.5307950025706
 10
2461.5080084294964
 20
-1072.5161261119572
 10
2471.0882212840156
 20
-1067.559054249171
 10
2469.7679422558244
 20
-1077.3456128432424
 10
2456.064022437137
 20
-1098.8889079405326
 10
2463.471424937049
 20
-1103.5711964074017
 10
2465.517558775846
 20
-1108.8515491536043
 10
2464.0690510609033
 20
-1119.588601945901
 10
2456.9934998775543
 20
-1114.5395488749757
 10
2446.564766827226
 20
-1092.831150360985
 10
2438.4292705046937
 20
-1097.6609352135022
 10
2433.258121882926
 20
-1097.6021852621768
 10
2424.753974477115
 20
-1091.5336980924487
  0
TEXT
  5
29A
330
17
100
AcDbEntity
  8
NEW_CATALOGUE_LABELS
100
AcDbText
 10
2424.753974477115
 20
-1123.588601945901
 30
0.0
 40
2.5
  1
W0310
100
AcDbText
  0
LWPOLYLINE
  5
29B
330
17
100
AcDbEntity
  8
RECOVERED_OUTLINES
100
AcDbPolyline
 90
15
 70
1
 10
2540.310027335296
 20
-1080.343085515261
 10
2567.226127779098
 20
-1080.343085515261
 10
2569.126064847814
 20
-1068.7428264777866
 10
2573.894850503502
 20
-1062.6803437429492
 10
2585.289957657702
 20
-1056.6874929208852
 10
2582.8694883641388
 20
-1068.5189505513363
 10
2565.2199002402467
 20
-1094.5637119160003
 10
2573.2354389253446
 20
-1100.2243634184467
 10
2575.077254692704
 20
-1106.6080445858368
 10
2572.4217035776405
 20
-1119.588601945901
 10
2564.8190969955153
 20
-1113.4845504646437
 10
2554.945737361308
 20
-1087.2401873645429
 10
2545.211117883479
 20
-1093.079154586521
 10
2539.315678774778
 20
-1093.0081288471647
 10
2530.1780603239467
 20
-1085.6716327602699
  0
TEXT
  5
29C
330
17
100
AcDbEntity
  8
NEW_CATALOGUE_LABELS
100
AcDbText
 10
2530.1780603239467
 20
-1123.588601945901
 30
0.0
 40
2.5
  1
W0311
100
AcDbText
  0
LWPOLYLINE
  5
29D
330
17
100
AcDbEntity
  8
RECOVERED_OUTLINES
100
AcDbPolyline
 90
15
 70
1
 10
2643.9768350654467
 20
-1100.6484937576354
 10
2668.522668167892
 20
-1100.6484937576354
 10
2668.3720921840154
 20
-1109.9363676633564
 10
2671.7367404521437
 20
-1114.7903605797974
 10
2681.155491740116
 20
-1119.5886019459008
 10
2680.868907353248
 20
-1110.115616365362
 10
2669.0017078203628
 20
-1089.262594145932
 10
2677.230345575253
 20
-1084.7303317879014
 10
2679.946304238638
 20
-1079.619167843587
 10
2679.63188608422
 20
-1069.2261430329531
 10
2671.707834920713
 20
-1074.1134184195455
 10
2658.443390190931
 20
-1095.1262539452223
 10
2650.5139201659376
 20
-1090.4512211617148
 10
2645.1261107919686
 20
-1090.5080886945061
 10
2635.602146170778
 20
-1096.3821342951062
  0
TEXT
  5
29E
330
17
100
AcDbEntity
  8
NEW_CATALOGUE_LABELS
100
AcDbText
 10
2635.602146170778
 20
-1123.5886019459008
 30
0.0
 40
2.5
  1
W0312
100
AcDbText
  0
LWPOLYLINE
  5
29F
330
17
100
AcDbEntity
  8
RECOVERED_OUTLINES
100
AcDbPolyline
 90
15
 70
1
 10
8.867159404109316
 20
-1198.3870818815453
 10
36.45282181576451
 20
-1198.3870818815453
 10
35.09783723818143
 20
-1209.657171865693
 10
38.25947584747264
 20
-1215.547102920529
 10
48.232093351064094
 20
-1221.3693839409825
 10
49.119411079551554
 20
-1209.874675787651
 10
38.44479794562729
 20
-1184.571205990366
 10
48.27111796208566
 20
-1179.071669161457
 10
51.97595922894066
 20
-1172.8696816925412
 10
52.9494553974592
 20
-1160.2585797318245
 10
43.42011921527588
 20
-1166.1888963945305
 10
25.830307187516933
 20
-1191.6862868199757
 10
17.51567824090399
 20
-1186.0135095316757
 10
11.45336631349866
 20
-1186.0825137212503
 10
-1.734723475976807e-15
 20
-1193.2101968876818
  0
TEXT
  5
2A0
330
17
100
AcDbEntity
  8
NEW_CATALOGUE_LABELS
100
AcDbText
 10
-1.734723475976807e-15
 20
-1225.3693839409825
 30
0.0
 40
2.5
  1
W0313
100
AcDbText
  0
LWPOLYLINE
  5
2A1
330
17
100
AcDbEntity
  8
RECOVERED_OUTLINES
100
AcDbPolyline
 90
15
 70
1
 10
113.49402207792542
 20
-1197.242812279688
 10
134.24830147433633
 20
-1197.242812279688
 10
136.27376012542422
 20
-1209.0740306201556
 10
140.24375201648527
 20
-1215.2572164170817
 10
149.31975749280286
 20
-1221.3693839409825
 10
146.88176007906858
 20
-1209.3023638805123
 10
132.01428163254485
 20
-1182.7390554806507
 10
137.9213521176139
 20
-1176.9657013117148
 10
139.03309800816757
 20
-1170.4549220727913
 10
136.35831639958406
 20
-1157.2159238907889
 10
130.79106966849685
 20
-1163.441506061231
 10
124.44598890537527
 20
-1190.208390235173
 10
116.65777562083153
 20
-1184.2531701092353
 10
112.11539308478812
 20
-1184.325609959708
 10
105.42408584683122
 20
-1191.8081745108645
  0
TEXT
  5
2A2
330
17
100
AcDbEntity
  8
NEW_CATALOGUE_LABELS
100
AcDbText
 10
105.42408584683122
 20
-1225.3693839409825
 30
0.0
 40
2.5
  1
W0314
100
AcDbText
  0
LWPOLYLINE
  5
2A3
330
17
100
AcDbEntity
  8
RECOVERED_OUTLINES
100
AcDbPolyline
 90
15
 70
1
 10
219.4285818656142
 20
-1202.577724569517
 10
243.7011646201048
 20
-1202.577724569517
 10
244.20308057698193
 20
-1211.7928019590731
 10
247.8703995317081
 20
-1216.6087502403918
 10
257.52051912120675
 20
-1221.3693839409827
 10
256.5733383106864
 20
-1211.9706457452535
 10
243.3770438856891
 20
-1191.2810653839379
 10
251.19649575476788
 20
-1186.7843260006327
 10
253.52407252396458
 20
-1181.7132223470235
 10
252.48489922635946
 20
-1171.4016560064663
 10
244.99151952666793
 20
-1176.250625896527
 10
233.34713979875087
 20
-1197.0987669790475
 10
225.17835583701296
 20
-1192.460376176584
 10
219.85450969936335
 20
-1192.5167979929163
 10
210.8481716936622
 20
-1198.3448039874818
  0
TEXT
  5
2A4
330
17
100
AcDbEntity
  8
NEW_CATALOGUE_LABELS
100
AcDbText
 10
210.8481716936622
 20
-1225.3693839409827
 30
0.0
 40
2.5
  1
W0315
100
AcDbText
  0
LWPOLYLINE
  5
2A5
330
17
100
AcDbEntity
  8
RECOVERED_OUTLINES
100
AcDbPolyline
 90
15
 70
1
 10
323.8885247363878
 20
-1198.4544336907372
 10
347.00925701979025
 20
-1198.4544336907372
 10
346.2748485574709
 20
-1209.6914956105848
 10
349.13446036659604
 20
-1215.5641656655637
 10
357.7002384346668
 20
-1221.3693839409827
 10
358.03467781045674
 20
-1209.9083621167342
 10
348.1869148877447
 20
-1184.679046530166
 10
356.2269705031065
 20
-1179.1956266139225
 10
359.1113408245319
 20
-1173.0118146556904
 10
359.47826175993146
 20
-1160.4376707216659
 10
351.70245866233023
 20
-1166.3506080306724
 10
337.86749338229413
 20
-1191.7732759426644
 10
330.6966699237742
 20
-1186.117123264576
 10
325.61804192209314
 20
-1186.1859252308486
 10
316.2722575404933
 20
-1193.2927200478293
  0
TEXT
  5
2A6
330
17
100
AcDbEntity
  8
NEW_CATALOGUE_LABELS
100
AcDbText
 10
316.2722575404933
 20
-1225.3693839409827
 30
0.0
 40
2.5
  1
W0316
100
AcDbText
  0
LWPOLYLINE
  5
2A7
330
17
100
AcDbEntity
  8
RECOVERED_OUTLINES
100
AcDbPolyline
 90
15
 70
1
 10
430.51376031483136
 20
-1201.8780233484845
 10
454.8601685733621
 20
-1201.8780233484845
 10
455.8227610844882
 20
-1211.4362210965958
 10
459.7411934459249
 20
-1216.4314896192116
 10
469.65786713817505
 20
-1221.3693839409827
 10
468.2395044184208
 20
-1211.62068683733
 10
453.9721952655941
 20
-1190.1607367946945
 10
461.5913758373323
 20
-1185.4965628078257
 10
463.6733594263865
 20
-1180.2366382870289
 10
462.1172418949539
 20
-1169.5411241845086
 10
454.84267546601194
 20
-1174.5706438645461
 10
444.2016575397781
 20
-1196.195058584393
 10
435.77691585296964
 20
-1191.3839588346275
 10
430.4396884104886
 20
-1191.4424814986285
 10
421.6963433873244
 20
-1197.4874913686886
  0
TEXT
  5
2A8
330
17
100
AcDbEntity
  8
NEW_CATALOGUE_LABELS
100
AcDbText
 10
421.6963433873244
 20
-1225.3693839409827
 30
0.0
 40
2.5
  1
W0317
100
AcDbText
  0
LWPOLYLINE
  5
2A9
330
17
100
AcDbEntity
  8
RECOVERED_OUTLINES
100
AcDbPolyline
 90
15
 70
1
 10
535.7397310906314
 20
-1202.7769171032378
 10
563.0994655448882
 20
-1202.7769171032378
 10
561.3740912320056
 20
-1211.8943142093567
 10
564.310464528557
 20
-1216.659213196866
 10
574.0043243821186
 20
-1221.3693839409827
 10
575.2734652778555
 20
-1212.0702728424662
 10
565.5427880461638
 20
-1191.6000030727448
 10
575.4747866865922
 20
-1187.1509293528886
 10
579.359219411508
 20
-1182.133579652858
 10
580.7516223351101
 20
-1171.9313164337232
 10
571.0995935262339
 20
-1176.7288869992622
 10
552.7907685345555
 20
-1197.3560367385746
 10
544.7362575991666
 20
-1192.766813111722
 10
538.7212605515763
 20
-1192.8226368539658
 10
527.1204292341556
 20
-1198.5888656920997
  0
TEXT
  5
2AA
330
17
100
AcDbEntity
  8
NEW_CATALOGUE_LABELS
100
AcDbText
 10
527.1204292341556
 20
-1225.3693839409827
 30
0.0
 40
2.5
  1
W0318
100
AcDbText
  0
LWPOLYLINE
  5
2AB
330
17
100
AcDbEntity
  8
RECOVERED_OUTLINES
100
AcDbPolyline
 90
15
 70
1
 10
640.8607002528315
 20
-1190.4492743777346
 10
664.1287766085026
 20
-1190.4492743777346
 10
664.8077456332294
 20
-1181.3098538012548
 10
668.4266810853394
 20
-1176.5334449924228
 10
677.779635061718
 20
-1171.8118966254417
 10
676.6698854683411
 20
-1181.1334701323929
 10
663.5755585249676
 20
-1201.653186731544
 10
670.9748733321059
 20
-1206.113007383015
 10
673.0972608655962
 20
-1211.1424767100752
 10
671.8797297124556
 20
-1221.3693839409827
 10
664.8005542760338
 20
-1216.5602246344988
 10
654.085627490252
 20
-1195.8832491153478
 10
646.1553291957679
 20
-1200.4835582120277
 10
641.0530184983027
 20
-1200.4275996251001
 10
632.5445150809867
 20
-1194.6474422097162
  0
TEXT
  5
2AC
330
17
100
AcDbEntity
  8
NEW_CATALOGUE_LABELS
100
AcDbText
 10
632.5445150809867
 20
-1225.3693839409827
 30
0.0
 40
2.5
  1
W0319
100
AcDbText
  0
LWPOLYLINE
  5
2AD
330
17
100
AcDbEntity
  8
RECOVERED_OUTLINES
100
AcDbPolyline
 90
15
 70
1
 10
745.4124874744955
 20
-1199.2467923157908
 10
767.9797291403348
 20
-1199.2467923157908
 10
767.2845548934889
 20
-1192.7077576241202
 10
770.0870262954685
 20
-1189.2903524788824
 10
778.4589332260854
 20
-1185.9121986548264
 10
778.7632817488297
 20
-1192.581559368981
 10
769.1026505888004
 20
-1207.2629210135485
 10
776.9396679267295
 20
-1210.4538149782763
 10
779.7430730699119
 20
-1214.052278812513
 10
780.07698065597
 20
-1221.3693839409827
 10
772.4987175085109
 20
-1217.9285466056488
 10
759.0439373641166
 20
-1203.1346700018617
 10
752.0338782589879
 20
-1206.4260800561285
 10
747.0769608585144
 20
-1206.3860430386662
 10
737.9686009278178
 20
-1202.2504800074844
  0
TEXT
  5
2AE
330
17
100
AcDbEntity
  8
NEW_CATALOGUE_LABELS
100
AcDbText
 10
737.9686009278178
 20
-1225.3693839409827
 30
0.0
 40
2.5
  1
W0320
100
AcDbText
  0
LWPOLYLINE
  5
2AF
330
17
100
AcDbEntity
  8
RECOVERED_OUTLINES
100
AcDbPolyline
 90
15
 70
1
 10
856.1330724036036
 20
-1195.2752187497429
 10
893.4129213448138
 20
-1195.2752187497429
 10
893.2300149790987
 20
-1187.5622593313085
 10
898.3641217115902
 20
-1183.5313421631913
 10
912.6928358956318
 20
-1179.5467229368455
 10
912.2108770034304
 20
-1187.4134052471109
 10
894.0843508927733
 20
-1204.7304484975693
 10
906.5595418458033
 20
-1208.4941899087935
 10
910.6593033817176
 20
-1212.7386704523094
 10
910.1305354783182
 20
-1221.3693839409827
 10
898.1196962430676
 20
-1217.3108279026321
 10
878.0774398987436
 20
-1199.8610703670618
 10
866.0112314888513
 20
-1203.7433730883372
 10
857.8285864914692
 20
-1203.696148397617
 10
843.3926867746488
 20
-1198.818145552256
  0
TEXT
  5
2B0
330
17
100
AcDbEntity
  8
NEW_CATALOGUE_LABELS
100
AcDbText
 10
843.3926867746488
 20
-1225.3693839409827
 30
0.0
 40
2.5
  1
W0321
100
AcDbText
  0
LWPOLYLINE
  5
2B1
330
17
100
AcDbEntity
  8
RECOVERED_OUTLINES
100
AcDbPolyline
 90
15
 70
1
 10
956.1275747744824
 20
-1198.517139596368
 10
979.8813824173911
 20
-1198.517139596368
 10
978.0078678737209
 20
-1209.7234517159052
 10
980.3609736052608
 20
-1215.5800514285859
 10
988.5832046708869
 20
-1221.3693839409827
 10
990.068100595204
 20
-1209.9397247749594
 10
982.4630518835031
 20
-1184.7794482683378
 10
991.2692985869978
 20
-1179.3110335259241
 10
994.8484363965337
 20
-1173.1441433381892
 10
996.4775489979864
 20
-1160.604408079475
 10
987.9000186459483
 20
-1166.5011648563466
 10
971.1546214213195
 20
-1191.8542645869736
 10
964.3506965246876
 20
-1186.2135897594674
 10
959.1261577988781
 20
-1186.2822034517285
 10
948.81677262148
 20
-1193.3695507900866
  0
TEXT
  5
2B2
330
17
100
AcDbEntity
  8
NEW_CATALOGUE_LABELS
100
AcDbText
 10
948.81677262148
 20
-1225.3693839409827
 30
0.0
 40
2.5
  1
W0322
100
AcDbText
  0
LWPOLYLINE
  5
2B3
330
17
100
AcDbEntity
  8
RECOVERED_OUTLINES
100
AcDbPolyline
 90
15
 70
1
 10
1061.876551908276
 20
-1186.0297010244105
 10
1083.6402775927427
 20
-1186.0297010244105
 10
1083.9644177962948
 20
-1175.5839351530665
 10
1087.1868804615162
 20
-1170.1248091936723
 10
1095.7745066201442
 20
-1164.728385166679
 10
1095.0536341083057
 20
-1175.3823400417527
 10
1083.5039940541792
 20
-1198.835047305567
 10
1090.5766482231868
 20
-1203.9323335026088
 10
1092.7329242052733
 20
-1209.6806912467289
 10
1091.9420388146914
 20
-1221.3693839409827
 10
1085.1569412289093
 20
-1215.872826283618
 10
1074.4313168672977
 20
-1192.2403822579647
 10
1067.1702427784044
 20
-1197.4982376501764
 10
1062.39590795309
 20
-1197.4342806090656
 10
1054.2408584683112
 20
-1190.8279349928025
  0
TEXT
  5
2B4
330
17
100
AcDbEntity
  8
NEW_CATALOGUE_LABELS
100
AcDbText
 10
1054.2408584683112
 20
-1225.3693839409827
 30
0.0
 40
2.5
  1
W0323
100
AcDbText
  0
LWPOLYLINE
  5
2B5
330
17
100
AcDbEntity
  8
RECOVERED_OUTLINES
100
AcDbPolyline
 90
15
 70
1
 10
1169.6964505178237
 20
-1202.7760519825183
 10
1196.228707965764
 20
-1202.7760519825183
 10
1198.1974003657256
 20
-1211.8938733276161
 10
1202.9482723556205
 20
-1216.6589940292677
 10
1214.2303943729473
 20
-1221.3693839409827
 10
1211.746682581458
 20
-1212.069840148206
 10
1194.1335894874705
 20
-1191.5986178822577
 10
1201.9880483799873
 20
-1187.1493371438335
 10
1203.7508518955449
 20
-1182.1317539829492
 10
1201.0259160184708
 20
-1171.9290160452429
 10
1193.5821642135804
 20
-1176.7268098451561
 10
1184.066455880666
 20
-1197.3549193804322
 10
1174.4224132869908
 20
-1192.765482213737
 10
1168.6116342564176
 20
-1192.8213085534992
 10
1159.664944315142
 20
-1198.5878056983663
  0
TEXT
  5
2B6
330
17
100
AcDbEntity
  8
NEW_CATALOGUE_LABELS
100
AcDbText
 10
1159.664944315142
 20
-1225.3693839409827
 30
0.0
 40
2.5
  1
W0324
100
AcDbText
  0
LWPOLYLINE
  5
2B7
330
17
100
AcDbEntity
  8
RECOVERED_OUTLINES
100
AcDbPolyline
 90
15
 70
1
 10
1272.9098422148925
 20
-1189.4221259227468
 10
1297.4184187826963
 20
-1189.4221259227468
 10
1296.089952993539
 20
-1179.979098992434
 10
1298.8337905987396
 20
-1175.0440205993837
 10
1307.6296138851794
 20
-1170.165625080863
 10
1308.5450632914
 20
-1179.7968559584044
 10
1299.340973303135
 20
-1200.9982258731266
 10
1308.1320151778834
 20
-1205.6061992302762
 10
1311.4921759470392
 20
-1210.8027446680512
 10
1312.4965360097503
 20
-1221.3693839409827
 10
1303.9645868633204
 20
-1216.4004670973743
 10
1288.0549068042492
 20
-1195.036614210765
 10
1280.7304759309657
 20
-1199.789742959376
 10
1275.343631014959
 20
-1199.7319254600152
 10
1265.0890301619734
 20
-1193.7597545025494
  0
TEXT
  5
2B8
330
17
100
AcDbEntity
  8
NEW_CATALOGUE_LABELS
100
AcDbText
 10
1265.0890301619734
 20
-1225.3693839409827
 30
0.0
 40
2.5
  1
W0325
100
AcDbText
  0
LWPOLYLINE
  5
2B9
330
17
100
AcDbEntity
  8
RECOVERED_OUTLINES
100
AcDbPolyline
 90
15
 70
1
 10
1379.925760238401
 20
-1208.163926025195
 10
1406.5664532707058
 20
-1208.163926025195
 10
1407.1066747527561
 20
-1214.6396349688814
 10
1411.126216343531
 20
-1218.0239450554157
 10
1421.7123236098164
 20
-1221.3693839409825
 10
1420.6836083389549
 20
-1214.7646110866137
 10
1406.2237819266813
 20
-1200.225427645926
 10
1414.8113276457857
 20
-1197.0654351454943
 10
1417.3718580956265
 20
-1193.5018197903746
 10
1416.2432315140443
 20
-1186.2555754505668
 10
1408.0131630264952
 20
-1189.663090803647
 10
1395.2085967321475
 20
-1204.3136995788177
 10
1386.2482074528498
 20
-1201.0541644133436
 10
1380.4048846872267
 20
-1201.0938137016997
 10
1370.5131160088044
 20
-1205.1893268425486
  0
TEXT
  5
2BA
330
17
100
AcDbEntity
  8
NEW_CATALOGUE_LABELS
100
AcDbText
 10
1370.5131160088044
 20
-1225.3693839409825
 30
0.0
 40
2.5
  1
W0326
100
AcDbText
  0
LWPOLYLINE
  5
2BB
330
17
100
AcDbEntity
  8
RECOVERED_OUTLINES
100
AcDbPolyline
 90
15
 70
1
 10
1483.9254618692958
 20
-1203.8114213809827
 10
1506.4488299466038
 20
-1203.8114213809827
 10
1506.9716147144275
 20
-1212.421516987495
 10
1510.4044564889896
 20
-1216.9212920176176
 10
1519.3886032720677
 20
-1221.3693839409827
 10
1518.4515050379189
 20
-1212.5876850984403
 10
1506.0781429045282
 20
-1193.256402523273
 10
1513.306248451839
 20
-1189.0548799129795
 10
1515.4346981596016
 20
-1184.3167007917066
 10
1514.4065866825272
 20
-1174.682102156028
 10
1507.4832350071326
 20
-1179.212730883448
 10
1496.8070588902103
 20
-1198.6921644628114
 10
1489.1982512722575
 20
-1194.3582900327567
 10
1484.2584197599556
 20
-1194.4110076836646
 10
1475.9372018556353
 20
-1199.8563975254697
  0
TEXT
  5
2BC
330
17
100
AcDbEntity
  8
NEW_CATALOGUE_LABELS
100
AcDbText
 10
1475.9372018556353
 20
-1225.3693839409827
 30
0.0
 40
2.5
  1
W0327
100
AcDbText
  0
LWPOLYLINE
  5
2BD
330
17
100
AcDbEntity
  8
RECOVERED_OUTLINES
100
AcDbPolyline
 90
15
 70
1
 10
1590.5821142121515
 20
-1186.2378687298465
 10
1613.1873150773731
 20
-1186.2378687298465
 10
1616.3321155095998
 20
-1175.8536334364112
 10
1621.146744697582
 20
-1170.426664350844
 10
1631.5171205594897
 20
-1165.062027853182
 10
1627.9042812172902
 20
-1175.6532258171253
 10
1609.6033103379193
 20
-1198.967785371214
 10
1615.5791226796325
 20
-1204.035046104414
 10
1616.273442335493
 20
-1209.749543260581
 10
1612.309715313945
 20
-1221.3693839409827
 10
1606.739913532114
 20
-1215.9052036481244
 10
1601.9526851257779
 20
-1192.411966068049
 10
1592.9974025998658
 20
-1197.6388501667407
 10
1588.0556658712376
 20
-1197.5752698633198
 10
1581.3612877024666
 20
-1191.0078387956532
  0
TEXT
  5
2BE
330
17
100
AcDbEntity
  8
NEW_CATALOGUE_LABELS
100
AcDbText
 10
1581.3612877024666
 20
-1225.3693839409827
 30
0.0
 40
2.5
  1
W0328
100
AcDbText
  0
LWPOLYLINE
  5
2BF
330
17
100
AcDbEntity
  8
RECOVERED_OUTLINES
100
AcDbPolyline
 90
15
 70
1
 10
1696.4863477268395
 20
-1200.5072112766904
 10
1726.8798660697648
 20
-1200.5072112766904
 10
1725.237304194323
 20
-1210.7376295604347
 10
1728.642542269035
 20
-1216.084211392358
 10
1739.5529252311374
 20
-1221.3693839409827
 10
1740.6832007011983
 20
-1210.9350686317391
 10
1729.258062819274
 20
-1187.9658571684379
 10
1740.15760181969
 20
-1182.9736554907465
 10
1744.3219044018513
 20
-1177.3438046122892
 10
1745.5619549543749
 20
-1165.8960834087716
 10
1734.9839084070761
 20
-1171.2793252550991
 10
1715.2651010062186
 20
-1194.4245680671038
 10
1706.1794826385512
 20
-1189.2751074530831
 10
1699.4991911407028
 20
-1189.3377459700491
 10
1686.785373549298
 20
-1195.8078966333683
  0
TEXT
  5
2C0
330
17
100
AcDbEntity
  8
NEW_CATALOGUE_LABELS
100
AcDbText
 10
1686.785373549298
 20
-1225.3693839409827
 30
0.0
 40
2.5
  1
W0329
100
AcDbText
  0
LWPOLYLINE
  5
2C1
330
17
100
AcDbEntity
  8
RECOVERED_OUTLINES
100
AcDbPolyline
 90
15
 70
1
 10
1799.3310901243187
 20
-1177.591885536093
 10
1826.7114483191563
 20
-1177.591885536093
 10
1821.7101956255792
 20
-1164.6520552651155
 10
1822.9374351121764
 20
-1157.8894909675332
 10
1830.9469109789516
 20
-1151.204599515861
 10
1835.5568502154554
 20
-1164.4023266615843
 10
1833.1708804911095
 20
-1193.4546771667026
 10
1844.708282223977
 20
-1199.7690076853733
 10
1850.3976597384183
 20
-1206.8898616717552
 10
1855.4553274032912
 20
-1221.3693839409827
 10
1844.072941430665
 20
-1214.5604506337506
 10
1818.3419282297407
 20
-1185.285448843864
 10
1811.929598006275
 20
-1191.798686571239
 10
1805.890017367193
 20
-1191.7194589428582
 10
1792.2094593961288
 20
-1183.535761161504
  0
TEXT
  5
2C2
330
17
100
AcDbEntity
  8
NEW_CATALOGUE_LABELS
100
AcDbText
 10
1792.2094593961288
 20
-1225.3693839409827
 30
0.0
 40
2.5
  1
W0330
100
AcDbText
  0
LWPOLYLINE
  5
2C3
330
17
100
AcDbEntity
  8
RECOVERED_OUTLINES
100
AcDbPolyline
 90
15
 70
1
 10
1905.3072845067427
 20
-1199.7351710948826
 10
1927.663070136084
 20
-1199.7351710948826
 10
1927.626644474839
 20
-1210.3441834071036
 10
1930.7437250245976
 20
-1215.8886245931792
 10
1939.3741401341456
 20
-1221.3693839409827
 10
1939.010402780986
 20
-1210.5489290470457
 10
1927.9759025281214
 20
-1186.72970284753
 10
1935.4212115604194
 20
-1181.5527562560235
 10
1937.8394205841098
 20
-1175.714563170563
 10
1937.4403561810445
 20
-1163.8431995736346
 10
1930.2763073551937
 20
-1169.425657440299
 10
1918.4232114967272
 20
-1193.427429327971
 10
1911.1505358801103
 20
-1188.0874041657303
 10
1906.2440584960943
 20
-1188.1523607275521
 10
1897.63354524296
 20
-1194.8619503205941
  0
TEXT
  5
2C4
330
17
100
AcDbEntity
  8
NEW_CATALOGUE_LABELS
100
AcDbText
 10
1897.63354524296
 20
-1225.3693839409827
 30
0.0
 40
2.5
  1
W0331
100
AcDbText
  0
LWPOLYLINE
  5
2C5
330
17
100
AcDbEntity
  8
RECOVERED_OUTLINES
100
AcDbPolyline
 90
15
 70
1
 10
2010.3023390932551
 20
-1201.8858873885329
 10
2031.9866313922764
 20
-1201.8858873885329
 10
2031.5190828390705
 20
-1211.4402287588646
 10
2034.3166530886597
 20
-1216.4334818761665
 10
2042.4645501266077
 20
-1221.3693839409827
 10
2042.552569516459
 20
-1211.6246200745238
 10
2032.8199172718864
 20
-1190.1733283246624
 10
2040.252505674045
 20
-1185.5110361587601
 10
2042.8359309518473
 20
-1180.2532338221426
 10
2042.9324989973447
 20
-1169.5620349623089
 10
2035.7562019295287
 20
-1174.589525417962
 10
2023.2812881966881
 20
-1196.2052154896464
 10
2016.4446150919719
 20
-1191.3960568399355
 10
2011.6828655784068
 20
-1191.4545558922152
 10
2003.0576310897907
 20
-1197.4971268253173
  0
TEXT
  5
2C6
330
17
100
AcDbEntity
  8
NEW_CATALOGUE_LABELS
100
AcDbText
 10
2003.0576310897907
 20
-1225.3693839409827
 30
0.0
 40
2.5
  1
W0332
100
AcDbText
  0
LWPOLYLINE
  5
2C7
330
17
100
AcDbEntity
  8
RECOVERED_OUTLINES
100
AcDbPolyline
 90
15
 70
1
 10
2118.2899465747087
 20
-1202.0932206833286
 10
2148.733447213971
 20
-1202.0932206833286
 10
2147.2869491372753
 20
-1211.5458896936411
 10
2150.8016649428496
 20
-1216.4860071934336
 10
2161.83267477478
 20
-1221.3693839409827
 10
2162.7620825089825
 20
-1211.7283188122733
 10
2150.8718911537635
 20
-1190.505300616091
 10
2161.6923618921464
 20
-1185.8926221524036
 10
2165.754131307207
 20
-1180.6907706292811
 10
2166.773805364413
 20
-1170.1133419789655
 10
2156.2829532258916
 20
-1175.08733248106
 10
2136.9814030032103
 20
-1196.47299955714
 10
2127.7807953237652
 20
-1191.7150174868152
 10
2121.090735045133
 20
-1191.7728940224322
 10
2108.4817169366224
 20
-1197.7511630404636
  0
TEXT
  5
2C8
330
17
100
AcDbEntity
  8
NEW_CATALOGUE_LABELS
100
AcDbText
 10
2108.4817169366224
 20
-1225.3693839409827
 30
0.0
 40
2.5
  1
W0333
100
AcDbText
  0
LWPOLYLINE
  5
2C9
330
17
100
AcDbEntity
  8
RECOVERED_OUTLINES
100
AcDbPolyline
 90
15
 70
1
 10
2221.9545892682695
 20
-1203.0236625867965
 10
2245.7112039239273
 20
-1203.0236625867965
 10
2245.4421807265267
 20
-1212.0200603345527
 10
2248.6342133243293
 20
-1216.7217231030577
 10
2257.686432340935
 20
-1221.3693839409825
 10
2257.534808319364
 20
-1212.1936837746837
 10
2246.3259792618805
 20
-1191.9950803016934
 10
2254.350204820247
 20
-1187.6050514012243
 10
2257.0466840496515
 20
-1182.6542882595413
 10
2256.8803339370415
 20
-1172.5874219403106
 10
2249.1461891463114
 20
-1177.3213226937996
 10
2236.0293064989537
 20
-1197.6747241413293
 10
2228.4168486212943
 20
-1193.146405299885
 10
2223.2015177961616
 20
-1193.2014881906648
 10
2213.905802783453
 20
-1198.89119189981
  0
TEXT
  5
2CA
330
17
100
AcDbEntity
  8
NEW_CATALOGUE_LABELS
100
AcDbText
 10
2213.905802783453
 20
-1225.3693839409825
 30
0.0
 40
2.5
  1
W0334
100
AcDbText
  0
LWPOLYLINE
  5
2CB
330
17
100
AcDbEntity
  8
RECOVERED_OUTLINES
100
AcDbPolyline
 90
15
 70
1
 10
2327.883250811739
 20
-1198.7146966845064
 10
2354.322714559088
 20
-1198.7146966845064
 10
2353.1429770744835
 20
-1209.8241305124536
 10
2356.2354114569507
 20
-1215.6301000652174
 10
2365.8551110155036
 20
-1221.3693839409827
 10
2366.584242787623
 20
-1210.038533896252
 10
2356.086107532583
 20
-1185.0957673588239
 10
2365.4460956178095
 20
-1179.6746269268435
 10
2368.9315417848597
 20
-1173.5610493525212
 10
2369.7314885950213
 20
-1161.129719795513
 10
2360.6606910470837
 20
-1166.975499255639
 10
2344.0708494280893
 20
-1192.109422065062
 10
2336.04182602922
 20
-1186.5175107321716
 10
2330.232134609008
 20
-1186.585531260757
 10
2319.329888630284
 20
-1193.6116086563616
  0
TEXT
  5
2CC
330
17
100
AcDbEntity
  8
NEW_CATALOGUE_LABELS
100
AcDbText
 10
2319.329888630284
 20
-1225.3693839409827
 30
0.0
 40
2.5
  1
W0335
100
AcDbText
  0
LWPOLYLINE
  5
2CD
330
17
100
AcDbEntity
  8
RECOVERED_OUTLINES
100
AcDbPolyline
 90
15
 70
1
 10
2433.7329351524036
 20
-1201.9042835908392
 10
2458.8137428599853
 20
-1201.9042835908392
 10
2459.578027180398
 20
-1211.4496038085108
 10
2463.4958435961485
 20
-1216.4381423257273
 10
2473.5942005009474
 20
-1221.3693839409827
 10
2472.364928930264
 20
-1211.6338210229794
 10
2458.1776831303146
 20
-1190.2027834560208
 10
2466.1376318478415
 20
-1185.5448933988296
 10
2468.4075263927116
 20
-1180.292055448107
 10
2467.0588649992683
 20
-1169.6109511550565
 10
2459.4452357199875
 20
-1174.6336946839317
 10
2447.9688931021587
 20
-1196.2289753487894
 10
2439.4044558773735
 20
-1191.4243574782554
 10
2433.9048411737713
 20
-1191.4828012960756
 10
2424.7539744771148
 20
-1197.5196668694116
  0
TEXT
  5
2CE
330
17
100
AcDbEntity
  8
NEW_CATALOGUE_LABELS
100
AcDbText
 10
2424.7539744771148
 20
-1225.3693839409827
 30
0.0
 40
2.5
  1
W0336
100
AcDbText
  0
LWPOLYLINE
  5
2CF
330
17
100
AcDbEntity
  8
RECOVERED_OUTLINES
100
AcDbPolyline
 90
15
 70
1
 10
2537.6569995853015
 20
-1183.4213239094868
 10
2565.167519058736
 20
-1183.4213239094868
 10
2560.8466504804874
 20
-1172.204569325228
 10
2562.447728996184
 20
-1166.3425122118222
 10
2570.859058621263
 20
-1160.5477849808174
 10
2574.772719287083
 20
-1171.9880947347724
 10
2570.7944374426143
 20
-1197.171816536956
 10
2582.0430729136415
 20
-1202.6453269546837
 10
2587.3719943532324
 20
-1208.8179636835232
 10
2591.6657591916196
 20
-1221.3693839409827
 10
2580.5997916725837
 20
-1215.4671323435175
 10
2556.3395437609674
 20
-1190.0904076373683
 10
2549.5422933667
 20
-1195.7363386586396
 10
2543.4783130577894
 20
-1195.6676610295497
 10
2530.1780603239467
 20
-1188.5737094333626
  0
TEXT
  5
2D0
330
17
100
AcDbEntity
  8
NEW_CATALOGUE_LABELS
100
AcDbText
 10
2530.1780603239467
 20
-1225.3693839409827
 30
0.0
 40
2.5
  1
W0337
100
AcDbText
  0
LWPOLYLINE
  5
2D1
330
17
100
AcDbEntity
  8
RECOVERED_OUTLINES
100
AcDbPolyline
 90
15
 70
1
 10
2641.6069126904304
 20
-1205.5628236400692
 10
2660.517118029194
 20
-1205.5628236400692
 10
2659.427718565632
 20
-1213.314064419624
 10
2661.5111446626624
 20
-1217.3649880453647
 10
2668.264518203135
 20
-1221.3693839409827
 10
2669.0365278367303
 20
-1213.4636573041498
 10
2662.079446137985
 20
-1196.0606652044567
 10
2668.893814445147
 20
-1192.2782433962138
 10
2671.521863832345
 20
-1188.012696426228
 10
2672.368852905408
 20
-1179.3391465317263
 10
2665.7519329360507
 20
-1183.417846206378
 10
2653.3307492175145
 20
-1200.9542112856216
 10
2647.711811153614
 20
-1197.0526397176702
 10
2643.55506196966
 20
-1197.1000987964303
 10
2635.6021461707774
 20
-1202.0023123990816
  0
TEXT
  5
2D2
330
17
100
AcDbEntity
  8
NEW_CATALOGUE_LABELS
100
AcDbText
 10
2635.6021461707774
 20
-1225.3693839409827
 30
0.0
 40
2.5
  1
W0338
100
AcDbText
  0
LWPOLYLINE
  5
2D3
330
17
100
AcDbEntity
  8
RECOVERED_OUTLINES
100
AcDbPolyline
 90
15
 70
1
 10
6.222796222838278
 20
-1291.3620224385093
 10
26.200003890210958
 20
-1291.3620224385093
 10
24.78618110391814
 20
-1281.9660268591476
 10
26.849739690152614
 20
-1277.0555278097327
 10
33.84832443471009
 20
-1272.2014293236575
 10
34.932089573088405
 20
-1281.7846914934066
 10
28.17283857460998
 20
-1302.880467187497
 10
35.50002091742518
 20
-1307.4654903599514
 10
38.42106223870173
 20
-1312.6361542076363
 10
39.610085263840304
 20
-1323.1501659360645
 10
32.4814412419002
 20
-1318.2059969697675
 10
18.76448978744592
 20
-1296.9485475563454
 10
12.960862452256409
 20
-1301.6780031683718
 10
8.56796000695883
 20
-1301.620473631242
 10
6.765421556309548e-14
 20
-1295.6780472959524
  0
TEXT
  5
2D4
330
17
100
AcDbEntity
  8
NEW_CATALOGUE_LABELS
100
AcDbText
 10
6.765421556309548e-14
 20
-1327.1501659360645
 30
0.0
 40
2.5
  1
W0339
100
AcDbText
  0
LWPOLYLINE
  5
2D5
330
17
100
AcDbEntity
  8
RECOVERED_OUTLINES
100
AcDbPolyline
 90
15
 70
1
 10
111.60349716258617
 20
-1294.4422748385384
 10
138.01257224356627
 20
-1294.4422748385384
 10
131.6874964887505
 20
-1285.9567457019948
 10
132.08663099935924
 20
-1281.5220711210159
 10
139.0364220926412
 20
-1277.1383319219767
 10
145.0139860717793
 20
-1285.7929816264916
 10
146.08321268846265
 20
-1304.8445890690707
 10
157.94390751745092
 20
-1308.9853261940484
 10
164.2575994633068
 20
-1313.6549557574317
 10
170.81571888765865
 20
-1323.1501659360645
 10
159.04715866224197
 20
-1318.6850840333375
 10
130.8325317904637
 20
-1299.4874689596977
 10
125.40331495139661
 20
-1303.7586431058407
 10
119.56878896856368
 20
-1303.706688147007
 10
105.4240858468311
 20
-1298.340079426945
  0
TEXT
  5
2D6
330
17
100
AcDbEntity
  8
NEW_CATALOGUE_LABELS
100
AcDbText
 10
105.4240858468311
 20
-1327.1501659360645
 30
0.0
 40
2.5
  1
W0340
100
AcDbText
  0
LWPOLYLINE
  5
2D7
330
17
100
AcDbEntity
  8
RECOVERED_OUTLINES
100
AcDbPolyline
 90
15
 70
1
 10
223.87151255096632
 20
-1291.0002266915287
 10
249.98391662272033
 20
-1291.0002266915287
 10
258.78026641170374
 20
-1281.4972908864975
 10
267.04048450496873
 20
-1276.5309031478996
 10
281.687429605403
 20
-1271.6215578938645
 10
272.2475109224648
 20
-1281.3138916580424
 10
239.51381361071608
 20
-1302.6497682540924
 10
243.8970445157698
 20
-1307.286975722359
 10
241.8575148946664
 20
-1312.5164893166263
 10
231.5007685185608
 20
-1323.1501659360645
 10
227.78391181621595
 20
-1318.1497250674938
 10
233.9361181783889
 20
-1296.6503346678037
 10
220.99231687038596
 20
-1301.4336184288725
 10
215.31548405759477
 20
-1301.3754341211404
 10
210.84817169366218
 20
-1295.3653742489942
  0
TEXT
  5
2D8
330
17
100
AcDbEntity
  8
NEW_CATALOGUE_LABELS
100
AcDbText
 10
210.84817169366218
 20
-1327.1501659360645
 30
0.0
 40
2.5
  1
W0341
100
AcDbText
  0
LWPOLYLINE
  5
2D9
330
17
100
AcDbEntity
  8
RECOVERED_OUTLINES
100
AcDbPolyline
 90
15
 70
1
 10
331.67940822413027
 20
-1305.0906862357635
 10
367.2099097944671
 20
-1305.0906862357635
 10
374.14263717874996
 20
-1313.94671644383
 10
382.75008686493317
 20
-1318.575020868943
 10
400.078028496038
 20
-1323.1501659360645
 10
392.36998763418455
 20
-1314.1176309002312
 10
359.1373793180825
 20
-1294.2341789305617
 10
367.559102707389
 20
-1289.912646062972
 10
367.55543794985147
 20
-1285.0391278876937
 10
359.0987735500658
 20
-1275.129331242041
 10
351.3912671082439
 20
-1279.7893706545208
 10
348.3684419402247
 20
-1299.8252053419292
 10
333.29111738566223
 20
-1295.3675402212884
 10
325.53595576187456
 20
-1295.4217636736491
 10
316.27225754049334
 20
-1301.0226929940213
  0
TEXT
  5
2DA
330
17
100
AcDbEntity
  8
NEW_CATALOGUE_LABELS
100
AcDbText
 10
316.27225754049334
 20
-1327.1501659360645
 30
0.0
 40
2.5
  1
W0342
100
AcDbText
  0
LWPOLYLINE
  5
2DB
330
17
100
AcDbEntity
  8
RECOVERED_OUTLINES
100
AcDbPolyline
 90
15
 70
1
 10
429.7810514649457
 20
-1303.4838753483118
 10
453.1531371469482
 20
-1303.4838753483118
 10
453.25028779434336
 20
-1313.127855485948
 10
456.57974621487114
 20
-1318.167955270846
 10
465.67236512605785
 20
-1323.1501659360645
 10
465.15416470391534
 20
-1313.3139767597065
 10
453.31441132338546
 20
-1291.6614291330643
 10
461.0321959921743
 20
-1286.9553953730149
 10
463.4859184721998
 20
-1281.6482643697823
 10
462.9173891739739
 20
-1270.8567607532245
 10
455.4988198962811
 20
-1275.9314190909552
 10
443.4128277599191
 20
-1297.7499074233842
 10
435.74146547309226
 20
-1292.89562927915
 10
430.6127662981189
 20
-1292.9546771691498
 10
421.6963433873244
 20
-1299.0539394626292
  0
TEXT
  5
2DC
330
17
100
AcDbEntity
  8
NEW_CATALOGUE_LABELS
100
AcDbText
 10
421.6963433873244
 20
-1327.1501659360645
 30
0.0
 40
2.5
  1
W0343
100
AcDbText
  0
LWPOLYLINE
  5
2DD
330
17
100
AcDbEntity
  8
RECOVERED_OUTLINES
100
AcDbPolyline
 90
15
 70
1
 10
534.1348200720536
 20
-1280.5474567813135
 10
567.6578030018203
 20
-1280.5474567813135
 10
557.8228977730578
 20
-1267.9548727910706
 10
557.385692845287
 20
-1261.373785008357
 10
565.2745593536116
 20
-1254.868285685105
 10
574.7043371495874
 20
-1267.7118457691643
 10
580.1164417035798
 20
-1295.9845631223602
 10
596.0533901421417
 20
-1302.1294456852215
 10
605.0616865492892
 20
-1309.059208288591
 10
615.4073071310078
 20
-1323.1501659360645
 10
599.5182798758786
 20
-1316.5239534773439
 10
559.6174450562329
 20
-1288.034559788735
 10
553.6347975476588
 20
-1294.3730117941175
 10
546.2175463931036
 20
-1294.2959102754853
 10
527.1204292341556
 20
-1286.331825777901
  0
TEXT
  5
2DE
330
17
100
AcDbEntity
  8
NEW_CATALOGUE_LABELS
100
AcDbText
 10
527.1204292341556
 20
-1327.1501659360645
 30
0.0
 40
2.5
  1
W0344
100
AcDbText
  0
LWPOLYLINE
  5
2DF
330
17
100
AcDbEntity
  8
RECOVERED_OUTLINES
100
AcDbPolyline
 90
15
 70
1
 10
640.9006538951334
 20
-1292.9824088494938
 10
665.2706309899577
 20
-1292.9824088494938
 10
665.2113694143118
 20
-1284.0653699464053
 10
668.5990706120193
 20
-1279.40518139189
 10
677.9969592032385
 20
-1274.7985184072
 10
677.6203939588664
 20
-1283.893278069907
 10
665.6356197842773
 20
-1303.9137060241553
 10
673.7612714947577
 20
-1308.2650096891061
 10
676.4081148423784
 20
-1313.1721012575479
 10
675.9949766723362
 20
-1323.1501659360645
 10
668.175178476737
 20
-1318.458023773636
 10
655.209914031812
 20
-1298.2841633456592
 10
647.2918339300235
 20
-1302.7725370711114
 10
641.9431774347491
 20
-1302.7179400764308
 10
632.5445150809867
 20
-1297.0784262683458
  0
TEXT
  5
2E0
330
17
100
AcDbEntity
  8
NEW_CATALOGUE_LABELS
100
AcDbText
 10
632.5445150809867
 20
-1327.1501659360645
 30
0.0
 40
2.5
  1
W0345
100
AcDbText
  0
LWPOLYLINE
  5
2E1
330
17
100
AcDbEntity
  8
RECOVERED_OUTLINES
100
AcDbPolyline
 90
15
 70
1
 10
745.7628089047062
 20
-1296.366106488596
 10
774.5150169964786
 20
-1296.366106488596
 10
769.9505926622178
 20
-1288.4492269078453
 10
771.5985717281337
 20
-1284.3117377692809
 10
780.3644742403777
 20
-1280.2217706271322
 10
784.5042786018175
 20
-1288.2964373240084
 10
780.455402845865
 20
-1306.071319657871
 10
792.2354290440393
 20
-1309.9345692757192
 10
797.8315796438704
 20
-1314.291268115018
 10
802.3734517995723
 20
-1323.1501659360645
 10
790.7824831840617
 20
-1318.9843071931084
 10
765.3174466930822
 20
-1301.0732017888424
 10
758.2378311373319
 20
-1305.0581473166121
 10
751.8998556284251
 20
-1305.0096740692645
 10
737.9686009278176
 20
-1300.0027034596462
  0
TEXT
  5
2E2
330
17
100
AcDbEntity
  8
NEW_CATALOGUE_LABELS
100
AcDbText
 10
737.9686009278176
 20
-1327.1501659360645
 30
0.0
 40
2.5
  1
W0346
100
AcDbText
  0
LWPOLYLINE
  5
2E3
330
17
100
AcDbEntity
  8
RECOVERED_OUTLINES
100
AcDbPolyline
 90
15
 70
1
 10
851.6810076248627
 20
-1290.5092193412772
 10
875.8678203549456
 20
-1290.5092193412772
 10
875.7980901014371
 20
-1280.8611507167482
 10
879.1546255120876
 20
-1275.8189142225647
 10
888.4762413553664
 20
-1270.834591389682
 10
888.113637979247
 20
-1280.6749505383902
 10
876.2434453550017
 20
-1302.336677586382
 10
884.3133506107409
 20
-1307.0447064311443
 10
886.9463064025614
 20
-1312.3540873493744
 10
886.5484861111241
 20
-1323.1501659360645
 10
878.7817184078277
 20
-1318.073356238231
 10
865.889208715597
 20
-1296.245618135241
 10
858.0361343632427
 20
-1301.1019542111885
 10
852.7276114616402
 20
-1301.0428812883165
 10
843.3926867746488
 20
-1294.941033262226
  0
TEXT
  5
2E4
330
17
100
AcDbEntity
  8
NEW_CATALOGUE_LABELS
100
AcDbText
 10
843.3926867746488
 20
-1327.1501659360645
 30
0.0
 40
2.5
  1
W0347
100
AcDbText
  0
LWPOLYLINE
  5
2E5
330
17
100
AcDbEntity
  8
RECOVERED_OUTLINES
100
AcDbPolyline
 90
15
 70
1
 10
958.1124975483142
 20
-1304.8405437030783
 10
985.3428405145664
 20
-1304.8405437030783
 10
985.1869415605269
 20
-1313.8192391187004
 10
988.9253967157018
 20
-1318.5116503625118
 10
999.380008490354
 20
-1323.1501659360645
 10
999.0507139260109
 20
-1313.9925209176665
 10
985.86060874595
 20
-1293.8336625067952
 10
994.9837512998213
 20
-1289.4522719248903
 10
997.9906136392943
 20
-1284.5112504660353
 10
997.6293371918504
 20
-1274.4641928542599
 10
988.8445190249025
 20
-1279.188778647942
 10
974.1545933025768
 20
-1299.5021304353083
 10
965.3522892085355
 20
-1294.9827220273942
 10
959.3752982669124
 20
-1295.0376965308333
 10
948.8167726214799
 20
-1300.716204533916
  0
TEXT
  5
2E6
330
17
100
AcDbEntity
  8
NEW_CATALOGUE_LABELS
100
AcDbText
 10
948.8167726214799
 20
-1327.1501659360645
 30
0.0
 40
2.5
  1
W0348
100
AcDbText
  0
LWPOLYLINE
  5
2E7
330
17
100
AcDbEntity
  8
RECOVERED_OUTLINES
100
AcDbPolyline
 90
15
 70
1
 10
1063.371059650745
 20
-1288.6425302600771
 10
1083.7501602042337
 20
-1288.6425302600771
 10
1088.364788156412
 20
-1278.4427023811472
 10
1093.6352908566603
 20
-1273.1121075888616
 10
1103.9037432407526
 20
-1267.842738457389
 10
1098.8317009614152
 20
-1278.24585368073
 10
1078.337606367964
 20
-1301.1463839369248
 10
1082.8565733697615
 20
-1306.123658222011
 10
1082.503239891038
 20
-1311.736675046118
 10
1076.9385886201615
 20
-1323.1501659360645
 10
1072.8536683964146
 20
-1317.7830207480285
 10
1072.5638480053076
 20
-1294.7069855018835
 10
1063.5947405802635
 20
-1299.8410484967267
 10
1059.15054858623
 20
-1299.77859727783
 10
1054.2408584683112
 20
-1293.327793284658
  0
TEXT
  5
2E8
330
17
100
AcDbEntity
  8
NEW_CATALOGUE_LABELS
100
AcDbText
 10
1054.2408584683112
 20
-1327.1501659360645
 30
0.0
 40
2.5
  1
W0349
100
AcDbText
  0
LWPOLYLINE
  5
2E9
330
17
100
AcDbEntity
  8
RECOVERED_OUTLINES
100
AcDbPolyline
 90
15
 70
1
 10
1176.8780174158173
 20
-1293.7224135271986
 10
1229.1953351136756
 20
-1293.7224135271986
 10
1227.4879692727582
 20
-1285.0241065132798
 10
1233.9348569831002
 20
-1280.4782307768978
 10
1253.293863207217
 20
-1275.984567646572
 10
1254.097091696634
 20
-1284.8562359911646
 10
1231.9159708175966
 20
-1304.385569751924
 10
1250.131142743792
 20
-1308.6301374385607
 10
1256.6829307724415
 20
-1313.4168597430842
 10
1257.5641707519749
 20
-1323.1501659360642
 10
1239.9452050102227
 20
-1318.5731204027518
 10
1208.5365466656385
 20
-1298.8941178139316
 10
1192.3334228085766
 20
-1303.2723932797553
 10
1180.8412849171837
 20
-1303.2191355305263
 10
1159.6649443151423
 20
-1297.7179570513154
  0
TEXT
  5
2EA
330
17
100
AcDbEntity
  8
NEW_CATALOGUE_LABELS
100
AcDbText
 10
1159.6649443151423
 20
-1327.1501659360642
 30
0.0
 40
2.5
  1
W0350
100
AcDbText
  0
LWPOLYLINE
  5
2EB
330
17
100
AcDbEntity
  8
RECOVERED_OUTLINES
100
AcDbPolyline
 90
15
 70
1
 10
1273.9329514051208
 20
-1303.704415221659
 10
1302.3299859289318
 20
-1303.704415221659
 10
1300.3167779708901
 20
-1313.2402467407935
 10
1303.2482394170072
 20
-1318.2238263108977
 10
1313.1947216860553
 20
-1323.1501659360645
 10
1314.738831787216
 20
-1313.4242808308018
 10
1305.1386038273506
 20
-1292.0145471750975
 10
1315.5556932656323
 20
-1287.361287377925
 10
1319.7097962008784
 20
-1282.1136711059564
 10
1321.4038740029898
 20
-1271.4431845581848
 10
1311.2688674202036
 20
-1276.4609351378363
 10
1291.7626937056095
 20
-1298.034748622612
 10
1283.5147631123584
 20
-1293.2349068695387
 10
1277.2703553627155
 20
-1293.2932925902228
 10
1265.0890301619734
 20
-1299.3241571079388
  0
TEXT
  5
2EC
330
17
100
AcDbEntity
  8
NEW_CATALOGUE_LABELS
100
AcDbText
 10
1265.0890301619734
 20
-1327.1501659360645
 30
0.0
 40
2.5
  1
W0351
100
AcDbText
  0
LWPOLYLINE
  5
2ED
330
17
100
AcDbEntity
  8
RECOVERED_OUTLINES
100
AcDbPolyline
 90
15
 70
1
 10
1378.2304353006346
 20
-1290.6347699565238
 10
1403.3990767722466
 20
-1290.6347699565238
 10
1401.3509866229397
 20
-1281.0238118045183
 10
1403.811332224041
 20
-1276.0009698426663
 10
1412.4907604313246
 20
-1271.0358187821598
 10
1414.1283402151964
 20
-1280.8383278292547
 10
1406.211728756371
 20
-1302.416734892935
 10
1415.5732316444555
 20
-1307.1066547065657
 10
1419.4002122300492
 20
-1312.3956135442372
 10
1421.1968377161193
 20
-1323.1501659360642
 10
1412.0752665972518
 20
-1318.0928837534395
 10
1394.1899773270668
 20
-1296.349104182115
 10
1387.0124974863852
 20
-1301.1867607758236
 10
1381.4763870469644
 20
-1301.1279150719076
 10
1370.5131160088044
 20
-1295.0495372834707
  0
TEXT
  5
2EE
330
17
100
AcDbEntity
  8
NEW_CATALOGUE_LABELS
100
AcDbText
 10
1370.5131160088044
 20
-1327.1501659360642
 30
0.0
 40
2.5
  1
W0352
100
AcDbText
  0
LWPOLYLINE
  5
2EF
330
17
100
AcDbEntity
  8
RECOVERED_OUTLINES
100
AcDbPolyline
 90
15
 70
1
 10
1483.5318830177548
 20
-1307.4817712611748
 10
1503.287222345537
 20
-1307.4817712611748
 10
1505.0261525357696
 20
-1315.165258208499
 10
1508.7062665864114
 20
-1319.1807725871884
 10
1517.2477675158354
 20
-1323.1501659360645
 10
1515.1199224281404
 20
-1315.3135434970554
 10
1501.3924712827259
 20
-1298.0626714824648
 10
1507.1074708751942
 20
-1294.3133119386914
 10
1508.2697359027322
 20
-1290.0850502449593
 10
1505.9352293628901
 20
-1281.4873161148118
 10
1500.5364714951609
 20
-1285.530363751121
 10
1494.0691085753044
 20
-1302.9134429279777
 10
1486.7509084181092
 20
-1299.0459751161818
 10
1482.426001318141
 20
-1299.093019353686
 10
1475.9372018556353
 20
-1303.9523825576155
  0
TEXT
  5
2F0
330
17
100
AcDbEntity
  8
NEW_CATALOGUE_LABELS
100
AcDbText
 10
1475.9372018556353
 20
-1327.1501659360645
 30
0.0
 40
2.5
  1
W0353
100
AcDbText
  0
LWPOLYLINE
  5
2F1
330
17
100
AcDbEntity
  8
RECOVERED_OUTLINES
100
AcDbPolyline
 90
15
 70
1
 10
1592.5452889627868
 20
-1303.4396948148571
 10
1624.0910123578253
 20
-1303.4396948148571
 10
1624.8141211952448
 20
-1313.1053402576615
 10
1629.6173307706704
 20
-1318.1567626809679
 10
1642.1956280185093
 20
-1323.1501659360645
 10
1640.8924222498617
 20
-1313.2918796548645
 10
1623.5829819055568
 20
-1291.590689346954
 10
1633.710940738868
 20
-1286.8740834314158
 10
1636.6970028333594
 20
-1281.555029901269
 10
1635.2672265741471
 20
-1270.7392830556985
 10
1625.5657516511565
 20
-1275.8253416679984
 10
1610.5923700363453
 20
-1297.6928454692772
 10
1599.9402213223516
 20
-1292.82766213695
 10
1593.0215486010152
 20
-1292.88684267867
 10
1581.3612877024668
 20
-1298.9998070305323
  0
TEXT
  5
2F2
330
17
100
AcDbEntity
  8
NEW_CATALOGUE_LABELS
100
AcDbText
 10
1581.3612877024668
 20
-1327.1501659360645
 30
0.0
 40
2.5
  1
W0354
100
AcDbText
  0
LWPOLYLINE
  5
2F3
330
17
100
AcDbEntity
  8
RECOVERED_OUTLINES
100
AcDbPolyline
 90
15
 70
1
 10
1695.4568621721714
 20
-1303.6628897790815
 10
1721.0517791894974
 20
-1303.6628897790815
 10
1720.761681440028
 20
-1313.2190845966043
 10
1724.2005811043487
 20
-1318.213306355344
 10
1733.9531337857165
 20
-1323.1501659360645
 10
1733.7900394889434
 20
-1313.4035116823445
 10
1721.7144417410364
 20
-1291.948058595255
 10
1730.359712701358
 20
-1287.2848619910474
 10
1733.2649888823053
 20
-1282.0260396930746
 10
1733.0860544736731
 20
-1271.332766847005
 10
1724.7533010830962
 20
-1276.3612325857996
 10
1710.6208432347223
 20
-1297.9811158863513
 10
1702.4194579357581
 20
-1293.171024307698
 10
1696.8005598285647
 20
-1293.2295347082118
 10
1686.785373549298
 20
-1299.2732778399707
  0
TEXT
  5
2F4
330
17
100
AcDbEntity
  8
NEW_CATALOGUE_LABELS
100
AcDbText
 10
1686.785373549298
 20
-1327.1501659360645
 30
0.0
 40
2.5
  1
W0355
100
AcDbText
  0
LWPOLYLINE
  5
2F5
330
17
100
AcDbEntity
  8
RECOVERED_OUTLINES
100
AcDbPolyline
 90
15
 70
1
 10
1800.337151351005
 20
-1289.1357410110545
 10
1824.520257086992
 20
-1289.1357410110545
 10
1824.1036135315305
 20
-1279.081697236699
 10
1827.2783264223806
 20
-1273.8272915720993
 10
1836.4192879591083
 20
-1268.6332364821596
 10
1836.4105785041031
 20
-1278.8876620554772
 10
1825.3211147128213
 20
-1301.460879602349
 10
1833.5590738189449
 20
-1306.367014699256
 10
1836.3825400948856
 20
-1311.8998057939318
 10
1836.3729847565833
 20
-1323.1501659360645
 10
1828.4248561688369
 20
-1317.8597322832275
 10
1814.7494434977166
 20
-1295.1135182042062
 10
1807.0721962447062
 20
-1300.1742010611276
 10
1801.7623628179276
 20
-1300.112642445041
 10
1792.2094593961288
 20
-1293.7540385061336
  0
TEXT
  5
2F6
330
17
100
AcDbEntity
  8
NEW_CATALOGUE_LABELS
100
AcDbText
 10
1792.2094593961288
 20
-1327.1501659360645
 30
0.0
 40
2.5
  1
W0356
100
AcDbText
  0
LWPOLYLINE
  5
2F7
330
17
100
AcDbEntity
  8
RECOVERED_OUTLINES
100
AcDbPolyline
 90
15
 70
1
 10
1905.4868511926747
 20
-1303.9947066947416
 10
1928.6669328229439
 20
-1303.9947066947416
 10
1928.4041117207148
 20
-1313.3881847187906
 10
1931.518508353771
 20
-1318.2973680531375
 10
1940.3508765120441
 20
-1323.1501659360645
 10
1940.203265305009
 20
-1313.5694714976835
 10
1929.26718902896
 20
-1292.4793481883469
 10
1937.0968395427872
 20
-1287.895553523223
 10
1939.7280595171069
 20
-1282.7262750989482
 10
1939.5661119532685
 20
-1272.215080486158
 10
1932.0194899499847
 20
-1277.1579247158966
 10
1919.220192952993
 20
-1298.4096784258413
 10
1911.7926410226396
 20
-1293.6814900202542
 10
1906.7038754926914
 20
-1293.7390041429674
 10
1897.63354524296
 20
-1299.6798382694417
  0
TEXT
  5
2F8
330
17
100
AcDbEntity
  8
NEW_CATALOGUE_LABELS
100
AcDbText
 10
1897.63354524296
 20
-1327.1501659360645
 30
0.0
 40
2.5
  1
W0357
100
AcDbText
  0
LWPOLYLINE
  5
2F9
330
17
100
AcDbEntity
  8
RECOVERED_OUTLINES
100
AcDbPolyline
 90
15
 70
1
 10
2017.8835535853214
 20
-1309.0669891609778
 10
2054.493720826535
 20
-1309.0669891609778
 10
2059.352555171488
 20
-1315.9731149749805
 10
2067.027612656985
 20
-1319.5823678698298
 10
2083.7018650807427
 20
-1323.1501659360645
 10
2078.08969010878
 20
-1316.1063978016657
 10
2048.9765039803665
 20
-1300.60084760671
 10
2058.7689484633534
 20
-1297.2308218737646
 10
2060.022376095417
 20
-1293.4303459399036
 10
2053.865133140771
 20
-1285.7024700386085
 10
2044.7212852204016
 20
-1289.336470569849
 10
2036.4380340660034
 20
-1304.96085213686
 10
2022.0524823658166
 20
-1301.484667499211
 10
2014.0476767492905
 20
-1301.5269521318594
 10
2003.0576310897911
 20
-1305.8946791667781
  0
TEXT
  5
2FA
330
17
100
AcDbEntity
  8
NEW_CATALOGUE_LABELS
100
AcDbText
 10
2003.0576310897911
 20
-1327.1501659360645
 30
0.0
 40
2.5
  1
W0358
100
AcDbText
  0
LWPOLYLINE
  5
2FB
330
17
100
AcDbEntity
  8
RECOVERED_OUTLINES
100
AcDbPolyline
 90
15
 70
1
 10
2116.264317547409
 20
-1297.3563097030676
 10
2137.258411390472
 20
-1297.3563097030676
 10
2138.4787435313933
 20
-1289.7321161367286
 10
2142.0616049852038
 20
-1285.74758943662
 10
2150.814453054973
 20
-1281.8088278508656
 10
2149.193328292854
 20
-1289.5849751640496
 10
2136.0142638335624
 20
-1306.702722396403
 10
2142.393893441545
 20
-1310.4231481754152
 10
2143.974430044249
 20
-1314.6187804219664
 10
2142.1958577313712
 20
-1323.1501659360645
 10
2136.1283093625534
 20
-1319.138318452171
 10
2127.8354485246646
 20
-1301.889384298713
 10
2120.374282109608
 20
-1305.7270069055924
 10
2115.7743397137333
 20
-1305.6803257079316
 10
2108.4817169366224
 20
-1300.8584621543264
  0
TEXT
  5
2FC
330
17
100
AcDbEntity
  8
NEW_CATALOGUE_LABELS
100
AcDbText
 10
2108.4817169366224
 20
-1327.1501659360645
 30
0.0
 40
2.5
  1
W0359
100
AcDbText
  0
LWPOLYLINE
  5
2FD
330
17
100
AcDbEntity
  8
RECOVERED_OUTLINES
100
AcDbPolyline
 90
15
 70
1
 10
2222.3180634365813
 20
-1287.3787299730818
 10
2245.3923558854503
 20
-1287.3787299730818
 10
2246.425605561383
 20
-1276.8053457739877
 10
2250.202509385102
 20
-1271.2795244152803
 10
2259.6635164574773
 20
-1265.8171710329257
 10
2258.195900210434
 20
-1276.6012877287626
 10
2244.402504537674
 20
-1300.3405221193664
 10
2251.564555602035
 20
-1305.5000830359972
 10
2253.471192994619
 20
-1311.3186697907663
 10
2251.8610383144146
 20
-1323.1501659360647
 10
2245.0302183081744
 20
-1317.586455567711
 10
2235.2188445404577
 20
-1293.6652885298483
 10
2227.17341955631
 20
-1298.9873803524922
 10
2222.115806319619
 20
-1298.9226419334782
 10
2213.905802783453
 20
-1292.2355850711015
  0
TEXT
  5
2FE
330
17
100
AcDbEntity
  8
NEW_CATALOGUE_LABELS
100
AcDbText
 10
2213.905802783453
 20
-1327.1501659360647
 30
0.0
 40
2.5
  1
W0360
100
AcDbText
  0
LWPOLYLINE
  5
2FF
330
17
100
AcDbEntity
  8
RECOVERED_OUTLINES
100
AcDbPolyline
 90
15
 70
1
 10
2329.2536595002034
 20
-1288.9888274265456
 10
2354.0764250010834
 20
-1288.9888274265456
 10
2357.0908101301106
 20
-1278.8913586754943
 10
2362.148366861042
 20
-1273.6142584166937
 10
2373.309322311231
 20
-1268.397769396059
 10
2369.7897316405965
 20
-1278.6964854261864
 10
2350.6788966719846
 20
-1301.3672002058063
 10
2357.4551170224668
 20
-1306.294525662238
 10
2358.4590888572666
 20
-1311.8512137410269
 10
2354.597667043395
 20
-1323.1501659360647
 10
2348.2505098465076
 20
-1317.8368820785495
 10
2342.0006465291
 20
-1294.9924235678873
 10
2332.3877822227923
 20
-1300.0749643001134
 10
2326.9585749349226
 20
-1300.0131398028025
 10
2319.329888630284
 20
-1293.627072065839
  0
TEXT
  5
300
330
17
100
AcDbEntity
  8
NEW_CATALOGUE_LABELS
100
AcDbText
 10
2319.329888630284
 20
-1327.1501659360647
 30
0.0
 40
2.5
  1
W0361
100
AcDbText
  0
LWPOLYLINE
  5
301
330
17
100
AcDbEntity
  8
RECOVERED_OUTLINES
100
AcDbPolyline
 90
15
 70
1
 10
2431.487318213874
 20
-1304.802602290072
 10
2455.7517326267657
 20
-1304.802602290072
 10
2452.2386981473774
 20
-1313.799903463185
 10
2453.806593284201
 20
-1318.5020383763729
 10
2461.3793748872677
 20
-1323.1501659360645
 10
2464.527310831248
 20
-1313.9735443387185
 10
2460.3493962519647
 20
-1293.7729125060384
 10
2470.125334918614
 20
-1289.3824427554048
 10
2474.6614829620153
 20
-1284.431182454183
 10
2478.1151540448986
 20
-1274.3633052122975
 10
2468.5117196873152
 20
-1279.097681347834
 10
2447.7882386440456
 20
-1299.4531266999877
 10
2441.6430359513283
 20
-1294.9243531211944
 10
2436.2963998320606
 20
-1294.9794415434415
 10
2424.753974477115
 20
-1300.6697166171205
  0
TEXT
  5
302
330
17
100
AcDbEntity
  8
NEW_CATALOGUE_LABELS
100
AcDbText
 10
2424.753974477115
 20
-1327.1501659360645
 30
0.0
 40
2.5
  1
W0362
100
AcDbText
  0
LWPOLYLINE
  5
303
330
17
100
AcDbEntity
  8
RECOVERED_OUTLINES
100
AcDbPolyline
 90
15
 70
1
 10
2543.38724073269
 20
-1295.8399569511143
 10
2586.11312151131
 20
-1295.8399569511143
 10
2582.872267434639
 20
-1287.7675571611182
 10
2587.1722222399962
 20
-1283.5487906493138
 10
2602.0281752852616
 20
-1279.378479662186
 10
2604.5674509610053
 20
-1287.6117661588808
 10
2590.5985848370956
 20
-1305.7358205865812
 10
2606.375383104468
 20
-1309.6749603809576
 10
2612.7421588468683
 20
-1314.1172427772876
 10
2615.5280551067826
 20
-1323.1501659360645
 10
2600.16757996444
 20
-1318.9024725236807
 10
2570.3396145097568
 20
-1300.6395190419144
 10
2558.0364748568913
 20
-1304.7027453564497
 10
2548.639907528326
 20
-1304.6533198943446
 10
2530.1780603239467
 20
-1299.5479917047035
  0
TEXT
  5
304
330
17
100
AcDbEntity
  8
NEW_CATALOGUE_LABELS
100
AcDbText
 10
2530.1780603239467
 20
-1327.1501659360645
 30
0.0
 40
2.5
  1
W0363
100
AcDbText
  0
LWPOLYLINE
  5
305
330
17
100
AcDbEntity
  8
RECOVERED_OUTLINES
100
AcDbPolyline
 90
15
 70
1
 10
2645.053684883721
 20
-1300.0925637267967
 10
2669.61838058119
 20
-1300.0925637267967
 10
2671.7979828790044
 20
-1311.3995794924529
 10
2676.383066038049
 20
-1317.3088085571128
 10
2687.0129167161467
 20
-1323.1501659360645
 10
2684.349374255309
 20
-1311.6177960531131
 10
2667.24110729778
 20
-1286.2314209375509
 10
2674.3389402217877
 20
-1280.7138652023489
 10
2675.7746134418467
 20
-1274.4915572892735
 10
2672.8523813066545
 20
-1261.83913580083
 10
2666.148440523683
 20
-1267.7888827944093
 10
2658.145847029519
 20
-1293.3698139075698
 10
2649.0373346618594
 20
-1287.6784501008842
 10
2643.659652807487
 20
-1287.747680378594
 10
2635.6021461707783
 20
-1294.8987169762436
  0
TEXT
  5
306
330
17
100
AcDbEntity
  8
NEW_CATALOGUE_LABELS
100
AcDbText
 10
2635.6021461707783
 20
-1327.1501659360645
 30
0.0
 40
2.5
  1
W0364
100
AcDbText
  0
LWPOLYLINE
  5
307
330
17
100
AcDbEntity
  8
RECOVERED_OUTLINES
100
AcDbPolyline
 90
15
 70
1
 10
15.35170629679855
 20
-1395.1335778264636
 10
58.34119418482052
 20
-1395.1335778264636
 10
59.567209184864545
 20
-1386.3260185614272
 10
66.2386012828034
 20
-1381.7230458340214
 10
83.50418634203871
 20
-1377.1729415120972
 10
81.48283908712251
 20
-1386.1560395563158
 10
57.35393542633638
 20
-1405.9306651506204
 10
71.03858883351334
 20
-1410.2285453466966
 10
74.97550177724385
 20
-1415.0753897170896
 10
72.75783639681616
 20
-1424.9309479311464
 10
59.66357739624426
 20
-1420.296413908731
 10
39.802638849278914
 20
-1400.3702396198166
 10
25.165137988160627
 20
-1404.8035069880748
 10
15.738068431017822
 20
-1404.7495803122392
 10
8.673617379884035e-15
 20
-1399.1793060731648
  0
TEXT
  5
308
330
17
100
AcDbEntity
  8
NEW_CATALOGUE_LABELS
100
AcDbText
 10
8.673617379884035e-15
 20
-1428.9309479311464
 30
0.0
 40
2.5
  1
W0365
100
AcDbText
  0
LWPOLYLINE
  5
309
330
17
100
AcDbEntity
  8
RECOVERED_OUTLINES
100
AcDbPolyline
 90
15
 70
1
 10
113.93398972771112
 20
-1392.7665522726543
 10
137.5830976930593
 20
-1392.7665522726543
 10
138.3984394778308
 20
-1383.2593434152616
 10
142.1420974621359
 20
-1378.2907225104834
 10
151.71292082604376
 20
-1373.379169739765
 10
150.45724775482978
 20
-1383.0758617202384
 10
136.86727261583528
 20
-1404.421332121796
 10
144.32663550724024
 20
-1409.06062473835
 10
146.41485068255665
 20
-1414.2924898149247
 10
145.03722361111016
 20
-1424.9309479311464
 10
137.90803022935776
 20
-1419.9282585842004
 10
127.30101306372643
 20
-1398.4192008540354
 10
119.17780396217718
 20
-1403.204635447477
 10
113.99270613264324
 20
-1403.1464249768203
 10
105.42408584683106
 20
-1397.1336626450284
  0
TEXT
  5
30A
330
17
100
AcDbEntity
  8
NEW_CATALOGUE_LABELS
100
AcDbText
 10
105.42408584683106
 20
-1428.9309479311464
 30
0.0
 40
2.5
  1
W0366
100
AcDbText
  0
LWPOLYLINE
  5
30B
330
17
100
AcDbEntity
  8
RECOVERED_OUTLINES
100
AcDbPolyline
 90
15
 70
1
 10
218.07319522118786
 20
-1405.593098921897
 10
239.148718215755
 20
-1405.593098921897
 10
239.09422180528304
 20
-1415.0760174681097
 10
242.02226032239335
 20
-1420.03194386394
 10
250.14801884445976
 20
-1424.9309479311464
 10
249.82567035761397
 20
-1415.2590303791258
 10
239.46834538563738
 20
-1393.9680962906025
 10
246.49711531124396
 20
-1389.340656770262
 10
248.78793162661017
 20
-1384.1221587746747
 10
248.4342758764799
 20
-1373.510881239209
 10
241.66988859717603
 20
-1378.5007890345144
 10
230.44998878259835
 20
-1399.9548924964727
 10
223.60394785407695
 20
-1395.181684382658
 10
218.97832933686607
 20
-1395.2397461292815
 10
210.8481716936622
 20
-1401.2371462374933
  0
TEXT
  5
30C
330
17
100
AcDbEntity
  8
NEW_CATALOGUE_LABELS
100
AcDbText
 10
210.8481716936622
 20
-1428.9309479311464
 30
0.0
 40
2.5
  1
W0367
100
AcDbText
  0
LWPOLYLINE
  5
30D
330
17
100
AcDbEntity
  8
RECOVERED_OUTLINES
100
AcDbPolyline
 90
15
 70
1
 10
322.62626457365684
 20
-1402.0063100930424
 10
343.11369275117266
 20
-1402.0063100930424
 10
341.6034137581568
 20
-1413.248122624322
 10
343.68813759192557
 20
-1419.1232754255648
 10
350.83429104074065
 20
-1424.9309479311464
 10
352.0072854138216
 20
-1413.4650808135566
 10
345.21089258171503
 20
-1388.2250992116274
 10
352.75466002431403
 20
-1382.7393611095872
 10
355.7835143767881
 20
-1376.5529348658781
 10
357.07043279532866
 20
-1363.9734750519247
 10
349.72796770849016
 20
-1369.8889121306909
 10
335.5241548148956
 20
-1395.3223278002085
 10
329.6026776099324
 20
-1389.6637839113423
 10
325.0972103678338
 20
-1389.7326149645248
 10
316.2722575404934
 20
-1396.8424142697734
  0
TEXT
  5
30E
330
17
100
AcDbEntity
  8
NEW_CATALOGUE_LABELS
100
AcDbText
 10
316.2722575404934
 20
-1428.9309479311464
 30
0.0
 40
2.5
  1
W0368
100
AcDbText
  0
LWPOLYLINE
  5
30F
330
17
100
AcDbEntity
  8
RECOVERED_OUTLINES
100
AcDbPolyline
 90
15
 70
1
 10
428.68886437937806
 20
-1381.932540750304
 10
457.74201276117424
 20
-1381.932540750304
 10
451.2069409291817
 20
-1369.2229956388744
 10
451.8672443282101
 20
-1362.580782085128
 10
459.7315145033092
 20
-1356.014859063665
 10
465.8758457603975
 20
-1368.9777113588086
 10
466.10180315837994
 20
-1397.513028407443
 10
478.94344368171386
 20
-1403.7149852256493
 10
485.6563342124734
 20
-1410.7091121250423
 10
492.3974177554342
 20
-1424.9309479311464
 10
479.67331509870337
 20
-1418.2431905790986
 10
449.59144641922035
 20
-1389.489184684581
 10
443.4056051005934
 20
-1395.8865088367534
 10
436.9895186885141
 20
-1395.8086911918624
 10
421.69634338732436
 20
-1387.770635517847
  0
TEXT
  5
310
330
17
100
AcDbEntity
  8
NEW_CATALOGUE_LABELS
100
AcDbText
 10
421.69634338732436
 20
-1428.9309479311464
 30
0.0
 40
2.5
  1
W0369
100
AcDbText
  0
LWPOLYLINE
  5
311
330
17
100
AcDbEntity
  8
RECOVERED_OUTLINES
100
AcDbPolyline
 90
15
 70
1
 10
535.1024671366517
 20
-1405.6698118329975
 10
557.9782874304949
 20
-1405.6698118329975
 10
558.2235763659897
 20
-1415.1151118060661
 10
561.560837083668
 20
-1420.0513781279735
 10
570.5379860524656
 20
-1424.9309479311464
 10
569.8775940197705
 20
-1415.2973987080431
 10
557.9520073863079
 20
-1394.0909253852028
 10
565.432623804048
 20
-1389.4818428370556
 10
567.7515893448926
 20
-1384.2840465323663
 10
567.0270584436058
 20
-1373.7148637505547
 10
559.8450452806746
 20
-1378.6849766683158
 10
548.3554922440339
 20
-1400.0539720745214
 10
540.7714144969115
 20
-1395.2996991943783
 10
535.752533931775
 20
-1395.3575306110615
 10
527.1204292341556
 20
-1401.3311391372254
  0
TEXT
  5
312
330
17
100
AcDbEntity
  8
NEW_CATALOGUE_LABELS
100
AcDbText
 10
527.1204292341556
 20
-1428.9309479311464
 30
0.0
 40
2.5
  1
W0370
100
AcDbText
  0
LWPOLYLINE
  5
313
330
17
100
AcDbEntity
  8
RECOVERED_OUTLINES
100
AcDbPolyline
 90
15
 70
1
 10
641.7350932075146
 20
-1407.6606679443007
 10
665.2248605706853
 20
-1407.6606679443007
 10
667.6413613233684
 20
-1416.1296894113323
 10
672.1994582066569
 20
-1420.5557368175998
 10
682.5358146558555
 20
-1424.9309479311464
 10
679.649928100609
 20
-1416.2931349017247
 10
662.544281377756
 20
-1397.2785902791868
 10
669.1693769742933
 20
-1393.1459085057254
 10
670.359373393911
 20
-1388.4853631962922
 10
667.1932025690584
 20
-1379.0086249112865
 10
660.957463431294
 20
-1383.465020485181
 10
654.0567950585133
 20
-1402.6252886968914
 10
645.1796123796852
 20
-1398.3624236532335
 10
640.0392873520886
 20
-1398.4142775393732
 10
632.5445150809867
 20
-1403.7704461087117
  0
TEXT
  5
314
330
17
100
AcDbEntity
  8
NEW_CATALOGUE_LABELS
100
AcDbText
 10
632.5445150809867
 20
-1428.9309479311464
 30
0.0
 40
2.5
  1
W0371
100
AcDbText
  0
LWPOLYLINE
  5
315
330
17
100
AcDbEntity
  8
RECOVERED_OUTLINES
100
AcDbPolyline
 90
15
 70
1
 10
745.5429825883596
 20
-1403.4820862365884
 10
769.713159358123
 20
-1403.4820862365884
 10
768.1016405379644
 20
-1414.00020581965
 10
770.6500786135292
 20
-1419.497144997411
 10
779.1687493269255
 20
-1424.9309479311462
 10
780.3789614051339
 20
-1414.20319730101
 10
771.978645966547
 20
-1390.5880423582728
 10
780.7953803377122
 20
-1385.4554492645816
 10
784.2750055856858
 20
-1379.6672749072816
 10
785.6027563827299
 20
-1367.8976192360687
 10
777.030017009361
 20
-1373.4322493864493
 10
760.6581323352192
 20
-1397.2283860568812
 10
753.5865397526666
 20
-1391.9341115683594
 10
748.2722277992175
 20
-1391.9985116147388
 10
737.9686009278175
 20
-1398.6506167887133
  0
TEXT
  5
316
330
17
100
AcDbEntity
  8
NEW_CATALOGUE_LABELS
100
AcDbText
 10
737.9686009278175
 20
-1428.9309479311462
 30
0.0
 40
2.5
  1
W0372
100
AcDbText
  0
LWPOLYLINE
  5
317
330
17
100
AcDbEntity
  8
RECOVERED_OUTLINES
100
AcDbPolyline
 90
15
 70
1
 10
852.7863825146045
 20
-1385.1866910249282
 10
876.9595078679745
 20
-1385.1866910249282
 10
879.3064316039417
 20
-1373.4390133971185
 10
883.9240293277987
 20
-1367.2994873259372
 10
894.4888258190268
 20
-1361.2304780648742
 10
891.6616488532567
 20
-1373.2122924071762
 10
874.3724198722803
 20
-1399.588036208835
 10
881.258507728643
 20
-1405.3206244897772
 10
882.5600983372627
 20
-1411.785430852372
 10
879.4583391189581
 20
-1424.9309479311464
 10
872.967588208701
 20
-1418.7493248489627
 10
865.5497100164349
 20
-1392.1714427300221
 10
856.484681640723
 20
-1398.0846128050657
 10
851.1939592246482
 20
-1398.012684455316
 10
843.3926867746488
 20
-1390.5829545959998
  0
TEXT
  5
318
330
17
100
AcDbEntity
  8
NEW_CATALOGUE_LABELS
100
AcDbText
 10
843.3926867746488
 20
-1428.9309479311464
 30
0.0
 40
2.5
  1
W0373
100
AcDbText
  0
LWPOLYLINE
  5
319
330
17
100
AcDbEntity
  8
RECOVERED_OUTLINES
100
AcDbPolyline
 90
15
 70
1
 10
959.382218523767
 20
-1408.0020660520406
 10
999.2002208623371
 20
-1408.0020660520406
 10
992.3816513770223
 20
-1416.3036722886618
 10
994.4039109477629
 20
-1420.6422257915058
 10
1006.2865382849421
 20
-1424.9309479311464
 10
1012.5269796448997
 20
-1416.4638867960487
 10
1008.0366823324529
 20
-1397.8252208250794
 10
1024.5932011624252
 20
-1393.7742337165814
 10
1032.6168760211879
 20
-1389.205817854435
 10
1039.4634041122456
 20
-1379.916415299974
 10
1023.1496909914222
 20
-1384.2847170492507
 10
986.7585671510079
 20
-1403.0662259521223
 10
977.2046251533034
 20
-1398.8876290303801
 10
968.4243222696351
 20
-1398.9384578712618
 10
948.81677262148
 20
-1404.1887459444126
  0
TEXT
  5
31A
330
17
100
AcDbEntity
  8
NEW_CATALOGUE_LABELS
100
AcDbText
 10
948.81677262148
 20
-1428.9309479311464
 30
0.0
 40
2.5
  1
W0374
100
AcDbText
  0
LWPOLYLINE
  5
31B
330
17
100
AcDbEntity
  8
RECOVERED_OUTLINES
100
AcDbPolyline
 90
15
 70
1
 10
1062.8263756568144
 20
-1382.3613470551709
 10
1089.5392015439254
 20
-1382.3613470551709
 10
1088.2247455906916
 20
-1369.7785492684234
 10
1091.2851217483162
 20
-1363.2025759137184
 10
1100.940985039978
 20
-1356.7021322756434
 10
1101.8026182912677
 20
-1369.5357111125902
 10
1091.4710235998582
 20
-1397.7864565999955
 10
1100.987573528864
 20
-1403.9265637274686
 10
1104.576480224151
 20
-1410.8509409336023
 10
1105.5217973770368
 20
-1424.9309479311464
 10
1096.2927448224623
 20
-1418.3098849686353
 10
1079.2541872351385
 20
-1389.842631533712
 10
1071.2038210705073
 20
-1396.1761576731071
 10
1065.3333120887116
 20
-1396.0991160731662
 10
1054.2408584683112
 20
-1388.1412207859623
  0
TEXT
  5
31C
330
17
100
AcDbEntity
  8
NEW_CATALOGUE_LABELS
100
AcDbText
 10
1054.2408584683112
 20
-1428.9309479311464
 30
0.0
 40
2.5
  1
W0375
100
AcDbText
  0
LWPOLYLINE
  5
31D
330
17
100
AcDbEntity
  8
RECOVERED_OUTLINES
100
AcDbPolyline
 90
15
 70
1
 10
1170.2150659411564
 20
-1404.6016468969274
 10
1200.6409861121767
 20
-1404.6016468969274
 10
1200.8227544738045
 20
-1414.5707549252675
 10
1205.1859623935277
 20
-1419.780771797158
 10
1217.0513549953398
 20
-1424.9309479311462
 10
1216.3203594357976
 20
-1414.7631509130226
 10
1200.7831457403354
 20
-1392.3806300763838
 10
1210.803220071682
 20
-1387.5159416106887
 10
1213.9670603347179
 20
-1382.0298910862475
 10
1213.1650687215993
 20
-1370.874573073735
 10
1203.5366284018482
 20
-1376.1203135723415
 10
1187.9281157377588
 20
-1398.6743694804634
 10
1177.9136570089936
 20
-1393.6564388616905
 10
1171.2374244860016
 20
-1393.7174774355833
 10
1159.664944315142
 20
-1400.0223644043551
  0
TEXT
  5
31E
330
17
100
AcDbEntity
  8
NEW_CATALOGUE_LABELS
100
AcDbText
 10
1159.664944315142
 20
-1428.9309479311462
 30
0.0
 40
2.5
  1
W0376
100
AcDbText
  0
LWPOLYLINE
  5
31F
330
17
100
AcDbEntity
  8
RECOVERED_OUTLINES
100
AcDbPolyline
 90
15
 70
1
 10
1278.6472706690422
 20
-1394.7087298488125
 10
1318.7249584485278
 20
-1394.7087298488125
 10
1318.2272318251898
 20
-1385.7755932684413
 10
1323.5892951931885
 20
-1381.106991807776
 10
1338.8378252394666
 20
-1376.4920125451283
 10
1338.6267896423174
 20
-1385.603190719362
 10
1319.8158852880863
 20
-1405.6597609840533
 10
1333.3742610433599
 20
-1410.0189199340284
 10
1337.9474012731484
 20
-1414.9348701356246
 10
1337.7158693893036
 20
-1424.9309479311464
 10
1324.64518600547
 20
-1420.230335177626
 10
1302.4175741269403
 20
-1400.0200554519158
 10
1289.5973559128163
 20
-1404.5165319110827
 10
1280.798762917829
 20
-1404.4618363539971
 10
1265.0890301619734
 20
-1398.8121416916733
  0
TEXT
  5
320
330
17
100
AcDbEntity
  8
NEW_CATALOGUE_LABELS
100
AcDbText
 10
1265.0890301619734
 20
-1428.9309479311464
 30
0.0
 40
2.5
  1
W0377
100
AcDbText
  0
LWPOLYLINE
  5
321
330
17
100
AcDbEntity
  8
RECOVERED_OUTLINES
100
AcDbPolyline
 90
15
 70
1
 10
1378.636078762833
 20
-1395.5831336964982
 10
1402.1575678579316
 20
-1395.5831336964982
 10
1402.2261113048535
 20
-1386.908454949251
 10
1405.5615777691335
 20
-1382.3749277266647
 10
1414.6972205212312
 20
-1377.8934712786977
 10
1414.205518318726
 20
-1386.7410404342024
 10
1402.355703511856
 20
-1406.217324296253
 10
1410.1370859269823
 20
-1410.4503619487066
 10
1412.6225779902263
 20
-1415.2240814986808
 10
1412.0831204827039
 20
-1424.9309479311464
 10
1404.601748960502
 20
-1420.3663355819303
 10
1392.372372709352
 20
-1400.7407894554153
 10
1384.6666840758303
 20
-1405.107171680393
 10
1379.505021313957
 20
-1405.0540586016498
 10
1370.5131160088047
 20
-1399.5678236409774
  0
TEXT
  5
322
330
17
100
AcDbEntity
  8
NEW_CATALOGUE_LABELS
100
AcDbText
 10
1370.5131160088047
 20
-1428.9309479311464
 30
0.0
 40
2.5
  1
W0378
100
AcDbText
  0
LWPOLYLINE
  5
323
330
17
100
AcDbEntity
  8
RECOVERED_OUTLINES
100
AcDbPolyline
 90
15
 70
1
 10
1484.448856753178
 20
-1392.748736544604
 10
1508.1597494340645
 20
-1392.748736544604
 10
1508.9326328197371
 20
-1383.2362616828595
 10
1512.6627686502998
 20
-1378.2648886791528
 10
1522.235561328012
 20
-1373.3506154193137
 10
1521.0220849341988
 20
-1383.0526783580708
 10
1507.4967147937848
 20
-1404.4099719289432
 10
1514.9973238641776
 20
-1409.051834230825
 10
1517.115531919664
 20
-1414.286597216205
 10
1515.7841997688026
 20
-1424.9309479311462
 10
1508.6129184758217
 20
-1419.9254876149
 10
1497.8773129955796
 20
-1398.4045161050637
 10
1489.7553250689446
 20
-1403.1926013312805
 10
1484.556407854393
 20
-1403.1343586180806
 10
1475.9372018556353
 20
-1397.1182658416672
  0
TEXT
  5
324
330
17
100
AcDbEntity
  8
NEW_CATALOGUE_LABELS
100
AcDbText
 10
1475.9372018556353
 20
-1428.9309479311462
 30
0.0
 40
2.5
  1
W0379
100
AcDbText
  0
LWPOLYLINE
  5
325
330
17
100
AcDbEntity
  8
RECOVERED_OUTLINES
100
AcDbPolyline
 90
15
 70
1
 10
1590.0441040518017
 20
-1406.4172414164348
 10
1616.6463541973387
 20
-1406.4172414164348
 10
1615.6265285325492
 20
-1415.4960159369891
 10
1618.8253714372725
 20
-1420.2407301374685
 10
1628.5906640591372
 20
-1424.9309479311464
 10
1629.153777771572
 20
-1415.6712291844053
 10
1618.215665854199
 20
-1395.2876743769161
 10
1627.5517052631412
 20
-1390.857447563521
 10
1630.9666136718456
 20
-1385.8613520674965
 10
1631.5844183475508
 20
-1375.7023070804457
 10
1622.5457399995637
 20
-1380.4795544575227
 10
1606.2319723138667
 20
-1401.019324668831
 10
1598.0693672323068
 20
-1396.449541643297
 10
1592.2249294221215
 20
-1396.5051289082612
 10
1581.3612877024668
 20
-1402.2469311842863
  0
TEXT
  5
326
330
17
100
AcDbEntity
  8
NEW_CATALOGUE_LABELS
100
AcDbText
 10
1581.3612877024668
 20
-1428.9309479311464
 30
0.0
 40
2.5
  1
W0380
100
AcDbText
  0
LWPOLYLINE
  5
327
330
17
100
AcDbEntity
  8
RECOVERED_OUTLINES
100
AcDbPolyline
 90
15
 70
1
 10
1695.3221800495378
 20
-1390.3711455694993
 10
1721.607917233735
 20
-1390.3711455694993
 10
1720.5072633022974
 20
-1380.155898169518
 10
1723.619462937509
 20
-1374.8172448864818
 10
1733.22054283798
 20
-1369.539909821739
 10
1733.8717715441323
 20
-1379.9587518844046
 10
1723.2725184794297
 20
-1402.8939018628698
 10
1732.5428412217668
 20
-1407.8787005088109
 10
1735.9682766579876
 20
-1413.5002027732714
 10
1736.682754268335
 20
-1424.9309479311464
 10
1727.702701274156
 20
-1419.5556889975458
 10
1711.3727174055716
 20
-1396.4447687106447
 10
1703.354023113817
 20
-1401.5865930906177
 10
1697.5785531045808
 20
-1401.5240474615118
 10
1686.7853735492977
 20
-1395.0634915088797
  0
TEXT
  5
328
330
17
100
AcDbEntity
  8
NEW_CATALOGUE_LABELS
100
AcDbText
 10
1686.7853735492977
 20
-1428.9309479311464
 30
0.0
 40
2.5
  1
W0381
100
AcDbText
  0
LWPOLYLINE
  5
329
330
17
100
AcDbEntity
  8
RECOVERED_OUTLINES
100
AcDbPolyline
 90
15
 70
1
 10
1801.7058458142892
 20
-1388.9904109455006
 10
1828.097793206835
 20
-1388.9904109455006
 10
1829.0066063922388
 20
-1378.3670435675667
 10
1833.1838853927447
 20
-1372.8151001922934
 10
1843.864174885536
 20
-1367.3269248232548
 10
1842.4639822690945
 20
-1378.1620208860838
 10
1827.300285524082
 20
-1402.0134769056112
 10
1835.6253234420544
 20
-1407.197428428993
 10
1837.9563324173305
 20
-1413.043521179655
 10
1836.4201497135125
 20
-1424.9309479311464
 10
1828.4635328282523
 20
-1419.3409364348743
 10
1816.623835049693
 20
-1395.3066877244282
 10
1807.5590406013641
 20
-1400.6539384803298
 10
1801.7725649536214
 20
-1400.588894025716
 10
1792.2094593961288
 20
-1393.870225679942
  0
TEXT
  5
32A
330
17
100
AcDbEntity
  8
NEW_CATALOGUE_LABELS
100
AcDbText
 10
1792.2094593961288
 20
-1428.9309479311464
 30
0.0
 40
2.5
  1
W0382
100
AcDbText
  0
LWPOLYLINE
  5
32B
330
17
100
AcDbEntity
  8
RECOVERED_OUTLINES
100
AcDbPolyline
 90
15
 70
1
 10
1910.4988049312083
 20
-1394.2390675804163
 10
1948.6574017144292
 20
-1394.2390675804163
 10
1948.0882551384707
 20
-1385.1671073975285
 10
1953.1437791162668
 20
-1380.4259544799754
 10
1967.6129352584037
 20
-1375.7392570653644
 10
1967.5091566199578
 20
-1384.9920256614996
 10
1949.8128601726175
 20
-1405.3602810004334
 10
1962.7684842629922
 20
-1409.7871825785364
 10
1967.1750613257002
 20
-1414.7795281101082
 10
1967.0612034553367
 20
-1424.9309479311466
 10
1954.5662780499433
 20
-1420.1572862557157
 10
1933.1875188438926
 20
-1399.6329327649676
 10
1921.029132999252
 20
-1404.1992858072447
 10
1912.651271031182
 20
-1404.143740264915
 10
1897.63354524296
 20
-1398.4062476652052
  0
TEXT
  5
32C
330
17
100
AcDbEntity
  8
NEW_CATALOGUE_LABELS
100
AcDbText
 10
1897.63354524296
 20
-1428.9309479311466
 30
0.0
 40
2.5
  1
W0383
100
AcDbText
  0
LWPOLYLINE
  5
32D
330
17
100
AcDbEntity
  8
RECOVERED_OUTLINES
100
AcDbPolyline
 90
15
 70
1
 10
2011.213004945252
 20
-1406.6361238372926
 10
2036.1184841699624
 20
-1406.6361238372926
 10
2035.2211210902396
 20
-1415.6075625229669
 10
2038.2459382838078
 20
-1420.2961812825006
 10
2047.4180327903766
 20
-1424.9309479311464
 10
2047.8866700603069
 20
-1415.7807042727209
 10
2037.5173159720678
 20
-1395.6381385842071
 10
2046.2298577311922
 20
-1391.2602891145436
 10
2049.3953572905707
 20
-1386.3232610708492
 10
2049.909509743582
 20
-1376.2843236569954
 10
2041.477557061397
 20
-1381.0050909623972
 10
2026.3342256948365
 20
-1401.302025163307
 10
2018.6633561745803
 20
-1396.7862694159212
 10
2013.1920455926302
 20
-1396.8411994880585
 10
2003.0576310897911
 20
-1402.5151180271737
  0
TEXT
  5
32E
330
17
100
AcDbEntity
  8
NEW_CATALOGUE_LABELS
100
AcDbText
 10
2003.0576310897911
 20
-1428.9309479311464
 30
0.0
 40
2.5
  1
W0384
100
AcDbText
  0
LWPOLYLINE
  5
32F
330
17
100
AcDbEntity
  8
RECOVERED_OUTLINES
100
AcDbPolyline
 90
15
 70
1
 10
2116.762738403228
 20
-1403.1579629481516
 10
2142.5669327550067
 20
-1403.1579629481516
 10
2141.270060056316
 20
-1413.8350265141614
 10
2144.212160741114
 20
-1419.4150323845984
 10
2153.5255671954087
 20
-1424.9309479311464
 10
2154.3855605354825
 20
-1414.0410854900765
 10
2144.4662998117547
 20
-1390.0690714381715
 10
2153.6723838388366
 20
-1384.8589174475233
 10
2157.1541430907555
 20
-1378.9832754132224
 10
2158.097661060289
 20
-1367.0357632406133
 10
2149.1682583308034
 20
-1372.65402964872
 10
2132.6478903621846
 20
-1396.809760323699
 10
2124.8850105014653
 20
-1391.4354816987552
 10
2119.2140196349746
 20
-1391.5008549228774
 10
2108.4817169366224
 20
-1398.253483016656
  0
TEXT
  5
330
330
17
100
AcDbEntity
  8
NEW_CATALOGUE_LABELS
100
AcDbText
 10
2108.4817169366224
 20
-1428.9309479311464
 30
0.0
 40
2.5
  1
W0385
100
AcDbText
  0
LWPOLYLINE
  5
331
330
17
100
AcDbEntity
  8
RECOVERED_OUTLINES
100
AcDbPolyline
 90
15
 70
1
 10
2221.816624077475
 20
-1397.9331645535678
 10
2244.686621819761
 20
-1397.9331645535678
 10
2244.781232531765
 20
-1389.9531120762094
 10
2248.0389295762398
 20
-1385.782607761539
 10
2256.935983447628
 20
-1381.6600046459916
 10
2256.4293771372636
 20
-1389.7991033048777
 10
2244.844986659215
 20
-1407.715820662557
 10
2252.3971959821633
 20
-1411.6098971568517
 10
2254.7984559104234
 20
-1416.0013603603827
 10
2254.2426467721025
 20
-1424.9309479311462
 10
2246.983207670967
 20
-1420.7318476362675
 10
2235.155826707714
 20
-1402.6778202135104
 10
2227.6494914829773
 20
-1406.6945636926375
 10
2222.630966180594
 20
-1406.6457036520578
 10
2213.905802783453
 20
-1401.5987798218032
  0
TEXT
  5
332
330
17
100
AcDbEntity
  8
NEW_CATALOGUE_LABELS
100
AcDbText
 10
2213.905802783453
 20
-1428.9309479311462
 30
0.0
 40
2.5
  1
W0386
100
AcDbText
  0
LWPOLYLINE
  5
333
330
17
100
AcDbEntity
  8
RECOVERED_OUTLINES
100
AcDbPolyline
 90
15
 70
1
 10
2326.35790455099
 20
-1399.6942711111783
 10
2345.55722282027
 20
-1399.6942711111783
 10
2346.478923842858
 20
-1392.2347696194845
 10
2349.6539409135084
 20
-1388.3363136576136
 10
2357.558131127329
 20
-1384.4826342266397
 10
2356.273773662301
 20
-1392.090807075035
 10
2344.657633761093
 20
-1408.8387896522256
 10
2350.586688191134
 20
-1412.4788496017536
 10
2352.1390327210456
 20
-1416.5838509673965
 10
2350.7299353582057
 20
-1424.9309479311464
 10
2345.0788554904234
 20
-1421.0057613484398
 10
2337.055351914181
 20
-1404.129425650993
 10
2330.3298405100627
 20
-1407.8841508309733
 10
2326.121955418059
 20
-1407.8384780053093
 10
2319.329888630284
 20
-1403.1207727086255
  0
TEXT
  5
334
330
17
100
AcDbEntity
  8
NEW_CATALOGUE_LABELS
100
AcDbText
 10
2319.329888630284
 20
-1428.9309479311464
 30
0.0
 40
2.5
  1
W0387
100
AcDbText
  0
LWPOLYLINE
  5
335
330
17
100
AcDbEntity
  8
RECOVERED_OUTLINES
100
AcDbPolyline
 90
15
 70
1
 10
2437.4710853483252
 20
-1398.7183614055664
 10
2466.856574732198
 20
-1398.7183614055664
 10
2472.535058559076
 20
-1411.5725223201923
 10
2479.6249849160617
 20
-1418.2903144284544
 10
2493.9275227063004
 20
-1424.9309479311464
 10
2487.6089168089006
 20
-1411.8205975721507
 10
2460.2478920760386
 20
-1382.9605908703252
 10
2467.240024567281
 20
-1376.6880649673253
 10
2467.2673847922892
 20
-1369.6143552606527
 10
2460.3351006352013
 20
-1355.2306960226326
 10
2453.9315501103483
 20
-1361.99455015018
 10
2451.3065805080837
 20
-1391.075734053123
 10
2438.8646822121023
 20
-1384.6056178251947
 10
2432.4504402608773
 20
-1384.684320919653
 10
2424.753974477115
 20
-1392.8138377645635
  0
TEXT
  5
336
330
17
100
AcDbEntity
  8
NEW_CATALOGUE_LABELS
100
AcDbText
 10
2424.753974477115
 20
-1428.9309479311464
 30
0.0
 40
2.5
  1
W0388
100
AcDbText
  0
LWPOLYLINE
  5
337
330
17
100
AcDbEntity
  8
RECOVERED_OUTLINES
100
AcDbPolyline
 90
15
 70
1
 10
2538.794672359983
 20
-1388.9301054426287
 10
2563.7477771957165
 20
-1388.9301054426287
 10
2563.818863986229
 20
-1378.2889128576821
 10
2567.3564897460005
 20
-1372.72765374132
 10
2577.047324442444
 20
-1367.2302696290838
 10
2576.5273561496615
 20
-1378.083546163646
 10
2563.9599685650655
 20
-1401.9750231224832
 10
2572.2157529734172
 20
-1407.1676729244582
 10
2574.8534185996705
 20
-1413.0235749766146
 10
2574.2829497309403
 20
-1424.9309479311464
 10
2566.3453738808694
 20
-1419.3315568183573
 10
2553.367982582789
 20
-1395.2569804562902
 10
2545.1941133622704
 20
-1400.6132034945465
 10
2539.718280347038
 20
-1400.5480499002572
 10
2530.1780603239467
 20
-1393.818108137133
  0
TEXT
  5
338
330
17
100
AcDbEntity
  8
NEW_CATALOGUE_LABELS
100
AcDbText
 10
2530.1780603239467
 20
-1428.9309479311464
 30
0.0
 40
2.5
  1
W0389
100
AcDbText
  0
LWPOLYLINE
  5
339
330
17
100
AcDbEntity
  8
RECOVERED_OUTLINES
100
AcDbPolyline
 90
15
 70
1
 10
2644.9268093096553
 20
-1406.354986106376
 10
2672.310432718655
 20
-1406.354986106376
 10
2672.1027411062905
 20
-1415.464289463621
 10
2675.835631088435
 20
-1420.2249585272425
 10
2686.322788767225
 20
-1424.9309479311464
 10
2686.0435704536294
 20
-1415.6400918937077
 10
2672.893531726772
 20
-1395.1879941111188
 10
2682.092874093602
 20
-1390.7428699489037
 10
2685.144680990058
 20
-1385.7299742797784
 10
2684.838344319732
 20
-1375.5367678731834
 10
2675.977284636076
 20
-1380.330079511431
 10
2661.0894788254295
 20
-1400.9389179972104
 10
2652.2632543024542
 20
-1396.353768342691
 10
2646.2523069524323
 20
-1396.409542528757
 10
2635.602146170778
 20
-1402.1706525366349
  0
TEXT
  5
33A
330
17
100
AcDbEntity
  8
NEW_CATALOGUE_LABELS
100
AcDbText
 10
2635.602146170778
 20
-1428.9309479311464
 30
0.0
 40
2.5
  1
W0390
100
AcDbText
  0
LWPOLYLINE
  5
33B
330
17
100
AcDbEntity
  8
RECOVERED_OUTLINES
100
AcDbPolyline
 90
15
 70
1
 10
7.920276358262313
 20
-1503.6913224498219
 10
32.47883782512205
 20
-1503.6913224498219
 10
31.329472523583007
 20
-1514.980098615929
 10
34.17392292438261
 20
-1520.8797953712672
 10
43.08161061149967
 20
-1526.7117299262286
 10
43.8134936330481
 20
-1515.1979631665838
 10
34.182434698388704
 20
-1489.8525393794455
 10
42.90268686966344
 20
-1484.3438841365735
 10
46.169649746751915
 20
-1478.1316135672994
 10
46.972615014329335
 20
-1465.4996019824111
 10
38.51893335759046
 20
-1471.4397513062931
 10
22.988131403275265
 20
-1496.9794172484067
 10
15.557248818156966
 20
-1491.2972343077317
 10
10.160530687684398
 20
-1491.366352908535
 10
-8.500145032286355e-14
 20
-1498.5058540094096
  0
TEXT
  5
33C
330
17
100
AcDbEntity
  8
NEW_CATALOGUE_LABELS
100
AcDbText
 10
-8.500145032286355e-14
 20
-1530.7117299262286
 30
0.0
 40
2.5
  1
W0391
100
AcDbText
  0
LWPOLYLINE
  5
33D
330
17
100
AcDbEntity
  8
RECOVERED_OUTLINES
100
AcDbPolyline
 90
15
 70
1
 10
113.8474773979076
 20
-1508.5731997169164
 10
137.6501962191097
 20
-1508.5731997169164
 10
138.16216181751528
 20
-1517.4679948123098
 10
141.76881936463232
 20
-1522.116558393652
 10
151.24234501061767
 20
-1526.7117299262288
 10
150.2933399706356
 20
-1517.6396574007172
 10
137.30811928483925
 20
-1497.669170974619
 10
144.9665585659129
 20
-1493.3287217606803
 10
147.23820142928983
 20
-1488.4338710720172
 10
146.19702672865344
 20
-1478.4806969602337
 10
138.8591030827415
 20
-1483.1611344403038
 10
127.4848506522106
 20
-1503.2846705984516
 10
119.46424742880933
 20
-1498.807493249184
 10
114.24358028908256
 20
-1498.8619540501054
 10
105.42408584683109
 20
-1504.4873999302597
  0
TEXT
  5
33E
330
17
100
AcDbEntity
  8
NEW_CATALOGUE_LABELS
100
AcDbText
 10
105.42408584683109
 20
-1530.7117299262288
 30
0.0
 40
2.5
  1
W0392
100
AcDbText
  0
LWPOLYLINE
  5
33F
330
17
100
AcDbEntity
  8
RECOVERED_OUTLINES
100
AcDbPolyline
 90
15
 70
1
 10
219.3332469542645
 20
-1494.1934609846846
 10
243.2123842176149
 20
-1494.1934609846846
 10
243.80140587194282
 20
-1484.5816536374975
 10
247.4590543001661
 20
-1479.5583678725282
 10
257.0019536895645
 20
-1474.5927781062976
 10
255.97298647763728
 20
-1484.3961532734315
 10
242.77676184637278
 20
-1505.9764669398676
 10
250.42298902540773
 20
-1510.666801140622
 10
252.66042515867971
 20
-1515.9562272946935
 10
251.53152216690694
 20
-1526.7117299262286
 10
244.20972214522553
 20
-1521.6540008974523
 10
232.96956535828966
 20
-1499.9083001115575
 10
224.88525337300416
 20
-1504.746384145965
 10
219.648287055243
 20
-1504.6875332426207
 10
210.84817169366212
 20
-1498.6086183871143
  0
TEXT
  5
340
330
17
100
AcDbEntity
  8
NEW_CATALOGUE_LABELS
100
AcDbText
 10
210.84817169366212
 20
-1530.7117299262286
 30
0.0
 40
2.5
  1
W0393
100
AcDbText
  0
LWPOLYLINE
  5
341
330
17
100
AcDbEntity
  8
RECOVERED_OUTLINES
100
AcDbPolyline
 90
15
 70
1
 10
325.09869766788853
 20
-1494.1918396777182
 10
352.0470914927844
 20
-1494.1918396777182
 10
351.0807092674378
 20
-1484.579553101756
 10
354.35604034885694
 20
-1479.5560168840877
 10
364.2828621524742
 20
-1474.5901795417856
 10
364.78526014609685
 20
-1484.394043488949
 10
353.55503975907794
 20
-1505.975433114039
 10
362.98000355463927
 20
-1510.6660011670795
 10
366.4026335095096
 20
-1515.9556910431672
 10
366.9538256092062
 20
-1526.7117299262286
 10
357.8326420816009
 20
-1521.6537487274702
 10
341.45753423683726
 20
-1499.9069637369937
 10
333.15513884105
 20
-1504.7452889902484
 10
327.2350627303904
 20
-1504.6864351526954
 10
316.2722575404934
 20
-1498.6072172125746
  0
TEXT
  5
342
330
17
100
AcDbEntity
  8
NEW_CATALOGUE_LABELS
100
AcDbText
 10
316.2722575404934
 20
-1530.7117299262286
 30
0.0
 40
2.5
  1
W0394
100
AcDbText
  0
LWPOLYLINE
  5
343
330
17
100
AcDbEntity
  8
RECOVERED_OUTLINES
100
AcDbPolyline
 90
15
 70
1
 10
436.40952192842104
 20
-1510.4645260313325
 10
482.9369970776498
 20
-1510.4645260313325
 10
480.123348961378
 20
-1518.4318501667788
 10
485.17986425103703
 20
-1522.595702444384
 10
501.7273170671449
 20
-1526.7117299262286
 10
503.76270131922183
 20
-1518.585613291067
 10
486.9443571314277
 20
-1500.6974734527855
 10
503.7757388827154
 20
-1496.8096080877021
 10
510.3152280319213
 20
-1492.425149355045
 10
512.5482937165633
 20
-1483.5098046534924
 10
496.1976292763795
 20
-1487.7022073001506
 10
465.3345706780095
 20
-1505.727438191234
 10
451.5765637144746
 20
-1501.7171014975909
 10
441.34830504784964
 20
-1501.7658836054372
 10
421.6963433873244
 20
-1506.8047574921236
  0
TEXT
  5
344
330
17
100
AcDbEntity
  8
NEW_CATALOGUE_LABELS
100
AcDbText
 10
421.6963433873244
 20
-1530.7117299262286
 30
0.0
 40
2.5
  1
W0395
100
AcDbText
  0
LWPOLYLINE
  5
345
330
17
100
AcDbEntity
  8
RECOVERED_OUTLINES
100
AcDbPolyline
 90
15
 70
1
 10
533.7497282004813
 20
-1508.9394117711204
 10
559.2516403040016
 20
-1508.9394117711204
 10
554.5853422618326
 20
-1517.6546233420484
 10
555.7241220436337
 20
-1522.2093336729574
 10
563.1798877398592
 20
-1526.7117299262286
 10
567.4818812413343
 20
-1517.822820108892
 10
565.2779216357051
 20
-1498.2555324410816
 10
576.0277744777526
 20
-1494.0027157312356
 10
581.3313189126295
 20
-1489.2066907635667
 10
586.0511324092182
 20
-1479.4544685643841
 10
575.4453485009182
 20
-1484.040409268565
 10
551.4611674645435
 20
-1503.7576566354337
 10
545.4928660276668
 20
-1499.370872294596
 10
539.8675845261141
 20
-1499.4242335465706
 10
527.1204292341555
 20
-1504.9361031850003
  0
TEXT
  5
346
330
17
100
AcDbEntity
  8
NEW_CATALOGUE_LABELS
100
AcDbText
 10
527.1204292341555
 20
-1530.7117299262286
 30
0.0
 40
2.5
  1
W0396
100
AcDbText
  0
LWPOLYLINE
  5
347
330
17
100
AcDbEntity
  8
RECOVERED_OUTLINES
100
AcDbPolyline
 90
15
 70
1
 10
638.8725527123485
 20
-1490.3006705529892
 10
666.2969595141451
 20
-1490.3006705529892
 10
659.5350650544929
 20
-1479.5382253369883
 10
659.8483439494273
 20
-1473.9135976372222
 10
666.9652904223484
 20
-1468.3535727746935
 10
673.3701719499597
 20
-1479.3305185620084
 10
674.9152709254911
 20
-1503.4942304623635
 10
687.3264589194355
 20
-1508.746048674797
 10
693.9894517043957
 20
-1514.6686766625432
 10
701.0163907891961
 20
-1526.7117299262286
 10
688.6934779707291
 20
-1521.0485357294044
 10
658.9560060802379
 20
-1496.69963807279
 10
653.4155255691508
 20
-1502.1168933807587
 10
647.3554979092652
 20
-1502.0509973842745
 10
632.5445150809867
 20
-1495.2443703117635
  0
TEXT
  5
348
330
17
100
AcDbEntity
  8
NEW_CATALOGUE_LABELS
100
AcDbText
 10
632.5445150809867
 20
-1530.7117299262286
 30
0.0
 40
2.5
  1
W0397
100
AcDbText
  0
LWPOLYLINE
  5
349
330
17
100
AcDbEntity
  8
RECOVERED_OUTLINES
100
AcDbPolyline
 90
15
 70
1
 10
745.1120231528207
 20
-1507.8556534079767
 10
769.873897754485
 20
-1507.8556534079767
 10
766.8810587766088
 20
-1517.1023197584177
 10
768.7906012585154
 20
-1521.9347769409046
 10
776.8245853418055
 20
-1526.7117299262286
 10
779.4330374760019
 20
-1517.2807731868365
 10
773.8398270966006
 20
-1496.5202696723957
 10
783.5271999265435
 20
-1492.008115624787
 10
787.8304456168381
 20
-1486.9196284063758
 10
790.692236919862
 20
-1476.5727143794104
 10
781.203541552858
 20
-1481.4383063675518
 10
761.3950270668606
 20
-1502.3579141437674
 10
754.8257456893996
 20
-1497.7036231009226
 10
749.3731208017921
 20
-1497.760238329255
 10
737.9686009278175
 20
-1503.6082225232017
  0
TEXT
  5
34A
330
17
100
AcDbEntity
  8
NEW_CATALOGUE_LABELS
100
AcDbText
 10
737.9686009278175
 20
-1530.7117299262286
 30
0.0
 40
2.5
  1
W0398
100
AcDbText
  0
LWPOLYLINE
  5
34B
330
17
100
AcDbEntity
  8
RECOVERED_OUTLINES
100
AcDbPolyline
 90
15
 70
1
 10
851.937159849808
 20
-1494.020004823782
 10
876.8047850569463
 20
-1494.020004823782
 10
876.7828405785514
 20
-1484.3569269983059
 10
880.2598554303667
 20
-1479.3068464532862
 10
889.8695576884325
 20
-1474.3147696640526
 10
889.4460076612949
 20
-1484.170437154109
 10
877.1299969988313
 20
-1505.8658626786328
 10
885.402778526549
 20
-1510.581215657763
 10
888.0824701060878
 20
-1515.8988562151196
 10
887.6177838777429
 20
-1526.7117299262284
 10
879.6585741970838
 20
-1521.6270223930985
 10
866.5157158830468
 20
-1499.76532755533
 10
858.4165516885441
 20
-1504.6292184826025
 10
852.9589086284827
 20
-1504.5700536618174
 10
843.3926867746488
 20
-1498.4587131801136
  0
TEXT
  5
34C
330
17
100
AcDbEntity
  8
NEW_CATALOGUE_LABELS
100
AcDbText
 10
843.3926867746488
 20
-1530.7117299262284
 30
0.0
 40
2.5
  1
W0399
100
AcDbText
  0
LWPOLYLINE
  5
34D
330
17
100
AcDbEntity
  8
RECOVERED_OUTLINES
100
AcDbPolyline
 90
15
 70
1
 10
958.0328617454902
 20
-1494.9958829097554
 10
983.9174803069409
 20
-1494.9958829097554
 10
984.5960225281068
 20
-1485.6212568519172
 10
988.5817890352841
 20
-1480.7219258596003
 10
998.9468369073422
 20
-1475.878867157569
 10
997.7906021983837
 20
-1485.4403339012274
 10
983.3961733113249
 20
-1506.4881310039136
 10
991.6650219836737
 20
-1511.0627263562883
 10
994.0683277389688
 20
-1516.2216304482934
 10
992.7997967235927
 20
-1526.7117299262286
 10
984.8841530246734
 20
-1521.77880559327
 10
972.79060839029
 20
-1500.5697024693848
 10
964.0071782022418
 20
-1505.2884017754254
 10
958.3306322605558
 20
-1505.231003079
 10
948.81677262148
 20
-1499.3020917359643
  0
TEXT
  5
34E
330
17
100
AcDbEntity
  8
NEW_CATALOGUE_LABELS
100
AcDbText
 10
948.81677262148
 20
-1530.7117299262286
 30
0.0
 40
2.5
  1
W0400
100
AcDbText
  0
LWPOLYLINE
  5
34F
330
17
100
AcDbEntity
  8
RECOVERED_OUTLINES
100
AcDbPolyline
 90
15
 70
1
 10
1063.6804078092318
 20
-1507.870142884862
 10
1090.6872652433904
 20
-1507.870142884862
 10
1091.0118399195264
 20
-1517.1097038675337
 10
1094.9700473281182
 20
-1521.9384476700618
 10
1105.5864139336009
 20
-1526.7117299262286
 10
1104.771077267727
 20
-1517.2880201679118
 10
1090.6133453655477
 20
-1496.543469539296
 10
1099.4277768617792
 20
-1492.0347827427731
 10
1102.1462582550355
 20
-1486.9502056441506
 10
1101.251734123714
 20
-1476.6112424425587
 10
1092.7911666830023
 20
-1481.4730955891348
 10
1079.3059306809278
 20
-1502.3766282198642
 10
1070.3346676611259
 20
-1497.7259136496978
 10
1064.4096652210526
 20
-1497.7824853734844
 10
1054.2408584683112
 20
-1503.625975831328
  0
TEXT
  5
350
330
17
100
AcDbEntity
  8
NEW_CATALOGUE_LABELS
100
AcDbText
 10
1054.2408584683112
 20
-1530.7117299262286
 30
0.0
 40
2.5
  1
W0401
100
AcDbText
  0
LWPOLYLINE
  5
351
330
17
100
AcDbEntity
  8
RECOVERED_OUTLINES
100
AcDbPolyline
 90
15
 70
1
 10
1167.515312299267
 20
-1508.2095417515948
 10
1190.0118138751377
 20
-1508.2095417515948
 10
1190.2545276250794
 20
-1517.2826678941576
 10
1193.5372308721203
 20
-1522.0244301610685
 10
1202.366294792166
 20
-1526.7117299262286
 10
1201.7153312985624
 20
-1517.4577721322964
 10
1189.9841404385354
 20
-1497.0868989947949
 10
1197.3399878212626
 20
-1492.659428456002
 10
1199.6196799853142
 20
-1487.666441290929
 10
1198.9054933455986
 20
-1477.5137167743326
 10
1191.843354917965
 20
-1482.2879919772595
 10
1180.547693302192
 20
-1502.8149833288494
 10
1173.0886209857797
 20
-1498.2480434030983
 10
1168.1529708494093
 20
-1498.3035960843326
 10
1159.6649443151423
 20
-1504.0418260864199
  0
TEXT
  5
352
330
17
100
AcDbEntity
  8
NEW_CATALOGUE_LABELS
100
AcDbText
 10
1159.6649443151423
 20
-1530.7117299262286
 30
0.0
 40
2.5
  1
W0402
100
AcDbText
  0
LWPOLYLINE
  5
353
330
17
100
AcDbEntity
  8
RECOVERED_OUTLINES
100
AcDbPolyline
 90
15
 70
1
 10
1275.5492832357054
 20
-1494.994462269592
 10
1300.5397592514603
 20
-1494.994462269592
 10
1304.5964694726395
 20
-1485.619416296426
 10
1310.222288919839
 20
-1480.7198658495768
 10
1321.9866091650297
 20
-1475.8765902136038
 10
1317.4009119524046
 20
-1485.438485241699
 10
1295.866468221183
 20
-1506.4872251332029
 10
1302.1897791293727
 20
-1511.0620253943064
 10
1302.6381449459213
 20
-1516.221160567838
 10
1297.607073748813
 20
-1526.7117299262286
 10
1291.754787507154
 20
-1521.7785846339991
 10
1287.7747724942137
 20
-1500.568531495955
 10
1277.5825596185014
 20
-1505.2874421655372
 10
1272.1229280973287
 20
-1505.2300408980661
 10
1265.0890301619734
 20
-1499.3008639827576
  0
TEXT
  5
354
330
17
100
AcDbEntity
  8
NEW_CATALOGUE_LABELS
100
AcDbText
 10
1265.0890301619734
 20
-1530.7117299262286
 30
0.0
 40
2.5
  1
W0403
100
AcDbText
  0
LWPOLYLINE
  5
355
330
17
100
AcDbEntity
  8
RECOVERED_OUTLINES
100
AcDbPolyline
 90
15
 70
1
 10
1379.9261138788818
 20
-1497.9777742450403
 10
1409.798668603618
 20
-1497.9777742450403
 10
1407.919329581432
 20
-1489.4845408928388
 10
1411.1277422097999
 20
-1485.0458399643226
 10
1421.7142472045
 20
-1480.6581206632022
 10
1423.0953609378932
 20
-1489.3206281319995
 10
1412.4608783337983
 20
-1508.389532986443
 10
1423.3028729005553
 20
-1512.5340295860842
 10
1427.5415900084495
 20
-1517.2078988182752
 10
1429.0568408420359
 20
-1526.7117299262286
 10
1418.5207015917752
 20
-1522.2425940684263
 10
1398.540506721423
 20
-1503.0275490190877
 10
1389.7439742731124
 20
-1507.3026010667973
 10
1383.1765649685428
 20
-1507.250598936809
 10
1370.5131160088044
 20
-1501.8791177438268
  0
TEXT
  5
356
330
17
100
AcDbEntity
  8
NEW_CATALOGUE_LABELS
100
AcDbText
 10
1370.5131160088044
 20
-1530.7117299262286
 30
0.0
 40
2.5
  1
W0404
100
AcDbText
  0
LWPOLYLINE
  5
357
330
17
100
AcDbEntity
  8
RECOVERED_OUTLINES
100
AcDbPolyline
 90
15
 70
1
 10
1482.5466057086394
 20
-1488.2772945235347
 10
1503.285944960517
 20
-1488.2772945235347
 10
1502.1430100457933
 20
-1476.916776248325
 10
1504.4550524497063
 20
-1470.9795859080257
 10
1511.8884427327575
 20
-1465.1105884085107
 10
1512.6822543618473
 20
-1476.6975271310766
 10
1504.93584374796
 20
-1502.2040254343387
 10
1512.3840514615476
 20
-1507.747689126278
 10
1515.237777673553
 20
-1513.9994397407224
 10
1516.1086862045497
 20
-1526.7117299262286
 10
1508.8790069486515
 20
-1520.7338299343728
 10
1495.3736360051967
 20
-1495.0318550339186
 10
1489.1850998032623
 20
-1500.7501492219487
 10
1484.626596716289
 20
-1500.6805913605804
 10
1475.9372018556353
 20
-1493.4957175054426
  0
TEXT
  5
358
330
17
100
AcDbEntity
  8
NEW_CATALOGUE_LABELS
100
AcDbText
 10
1475.9372018556353
 20
-1530.7117299262286
 30
0.0
 40
2.5
  1
W0405
100
AcDbText
  0
LWPOLYLINE
  5
359
330
17
100
AcDbEntity
  8
RECOVERED_OUTLINES
100
AcDbPolyline
 90
15
 70
1
 10
1589.0418371707963
 20
-1500.6643138804368
 10
1610.405521451196
 20
-1500.6643138804368
 10
1611.1269029924501
 20
-1492.9651726569527
 10
1614.5008517372237
 20
-1488.9414771007018
 10
1623.1389260713295
 20
-1484.9639965408896
 10
1622.0200686487406
 20
-1492.8165852531104
 10
1609.777465376683
 20
-1510.1026040593026
 10
1616.52336457267
 20
-1513.8596025188604
 10
1618.4181231479156
 20
-1518.0964788398678
 10
1617.1905995912007
 20
-1526.7117299262288
 10
1610.7423829740296
 20
-1522.6604450163143
 10
1601.1261035990167
 20
-1505.2419496900188
 10
1593.795546491272
 20
-1509.1172970504597
 10
1589.1114379304886
 20
-1509.070156965394
 10
1581.3612877024666
 20
-1504.2008933329125
  0
TEXT
  5
35A
330
17
100
AcDbEntity
  8
NEW_CATALOGUE_LABELS
100
AcDbText
 10
1581.3612877024666
 20
-1530.7117299262288
 30
0.0
 40
2.5
  1
W0406
100
AcDbText
  0
LWPOLYLINE
  5
35B
330
17
100
AcDbEntity
  8
RECOVERED_OUTLINES
100
AcDbPolyline
 90
15
 70
1
 10
1695.854571115166
 20
-1508.6292758402094
 10
1721.2779946633466
 20
-1508.6292758402094
 10
1721.9821410386974
 20
-1517.4965722562347
 10
1725.916591272359
 20
-1522.1307645835934
 10
1736.1164347923698
 20
-1526.7117299262286
 10
1734.9423558795438
 20
-1517.6677041416378
 10
1720.7197673584853
 20
-1497.7589574180472
 10
1728.8228933898527
 20
-1493.431926907965
 10
1731.1626354502148
 20
-1488.5522088815158
 10
1729.8745271588105
 20
-1478.6298054778445
 10
1722.1197537155601
 20
-1483.2957731642668
 10
1710.326962495471
 20
-1503.3570964594278
 10
1701.681056472219
 20
-1498.8937605155083
 10
1696.1058822631994
 20
-1498.9480529482898
 10
1686.785373549298
 20
-1504.5561074966708
  0
TEXT
  5
35C
330
17
100
AcDbEntity
  8
NEW_CATALOGUE_LABELS
100
AcDbText
 10
1686.785373549298
 20
-1530.7117299262286
 30
0.0
 40
2.5
  1
W0407
100
AcDbText
  0
LWPOLYLINE
  5
35D
330
17
100
AcDbEntity
  8
RECOVERED_OUTLINES
100
AcDbPolyline
 90
15
 70
1
 10
1799.6869485882808
 20
-1498.9353501768674
 10
1821.5771337787664
 20
-1498.9353501768674
 10
1821.4621578880447
 20
-1490.7251588092674
 10
1824.4728713986572
 20
-1486.4343801934629
 10
1832.8825701761496
 20
-1482.1928842124098
 10
1832.6072978474938
 20
-1490.5667085373536
 10
1821.9806746957074
 20
-1509.0001309494385
 10
1829.30962228991
 20
-1513.0065097682425
 10
1831.7211117207503
 20
-1517.524619566024
 10
1831.4191042789491
 20
-1526.7117299262286
 10
1824.3625276840112
 20
-1522.3915306430135
 10
1812.576866456011
 20
-1503.8168382437718
 10
1805.4955776699264
 20
-1507.9494216737382
 10
1800.6908011303196
 20
-1507.8991525452423
 10
1792.2094593961288
 20
-1502.7066791145653
  0
TEXT
  5
35E
330
17
100
AcDbEntity
  8
NEW_CATALOGUE_LABELS
100
AcDbText
 10
1792.2094593961288
 20
-1530.7117299262286
 30
0.0
 40
2.5
  1
W0408
100
AcDbText
  0
LWPOLYLINE
  5
35F
330
17
100
AcDbEntity
  8
RECOVERED_OUTLINES
100
AcDbPolyline
 90
15
 70
1
 10
1906.7368483082387
 20
-1506.0418903524446
 10
1931.158049090142
 20
-1506.0418903524446
 10
1932.6870044802577
 20
-1516.1779920950803
 10
1936.9119192842397
 20
-1521.4752825792646
 10
1947.1501201952578
 20
-1526.7117299262286
 10
1945.1527655227935
 20
-1516.3736109309095
 10
1929.576675138721
 20
-1493.6161578255883
 10
1936.9443332758217
 20
-1488.6699803848046
 10
1938.7226677008703
 20
-1483.0920323755247
 10
1936.531325120427
 20
-1471.7498503041859
 10
1929.5308750041688
 20
-1477.083462825806
 10
1920.1318138957392
 20
-1500.0153244069948
 10
1911.3976021042265
 20
-1494.9133378356007
 10
1906.0474282257837
 20
-1494.9753988739049
 10
1897.63354524296
 20
-1501.3858997541856
  0
TEXT
  5
360
330
17
100
AcDbEntity
  8
NEW_CATALOGUE_LABELS
100
AcDbText
 10
1897.63354524296
 20
-1530.7117299262286
 30
0.0
 40
2.5
  1
W0409
100
AcDbText
  0
LWPOLYLINE
  5
361
330
17
100
AcDbEntity
  8
RECOVERED_OUTLINES
100
AcDbPolyline
 90
15
 70
1
 10
2016.0062070609324
 20
-1509.005191184329
 10
2054.38588821228
 20
-1509.005191184329
 10
2053.8325520252124
 20
-1517.6881457644627
 10
2058.927352953307
 20
-1522.2259980709832
 10
2073.4902123191314
 20
-1526.7117299262286
 10
2073.366343648542
 20
-1517.8557199966133
 10
2055.524617007531
 20
-1498.3608553346057
 10
2068.545979547523
 20
-1494.1237792718275
 10
2072.967572373745
 20
-1489.345505489196
 10
2072.831673278814
 20
-1479.62937849426
 10
2060.2744090006818
 20
-1484.1983455832994
 10
2038.8150145982245
 20
-1503.8426149092302
 10
2026.576567213658
 20
-1499.4720670602949
 10
2018.1502823430603
 20
-1499.5252308100748
 10
2003.0576310897911
 20
-1505.01669975866
  0
TEXT
  5
362
330
17
100
AcDbEntity
  8
NEW_CATALOGUE_LABELS
100
AcDbText
 10
2003.0576310897911
 20
-1530.7117299262286
 30
0.0
 40
2.5
  1
W0410
100
AcDbText
  0
LWPOLYLINE
  5
363
330
17
100
AcDbEntity
  8
RECOVERED_OUTLINES
100
AcDbPolyline
 90
15
 70
1
 10
2124.7997810083616
 20
-1502.0248409660135
 10
2161.9012573294067
 20
-1502.0248409660135
 10
2169.640547436103
 20
-1514.1308284032484
 10
2178.8898995098243
 20
-1520.4576129680847
 10
2197.242317005684
 20
-1526.7117299262286
 10
2188.683467174899
 20
-1514.3644644922663
 10
2152.8588160440845
 20
-1487.1842478378067
 10
2161.4088999601872
 20
-1481.2768128612424
 10
2161.1299022453413
 20
-1474.6148267998894
 10
2151.7397962554637
 20
-1461.0683651371285
 10
2143.9546211799034
 20
-1467.4385306920199
 10
2141.9294152475118
 20
-1494.8270509795138
 10
2125.9337586674287
 20
-1488.7335263774041
 10
2117.8387655547435
 20
-1488.8076485763645
 10
2108.4817169366224
 20
-1496.4639887644894
  0
TEXT
  5
364
330
17
100
AcDbEntity
  8
NEW_CATALOGUE_LABELS
100
AcDbText
 10
2108.4817169366224
 20
-1530.7117299262286
 30
0.0
 40
2.5
  1
W0411
100
AcDbText
  0
LWPOLYLINE
  5
365
330
17
100
AcDbEntity
  8
RECOVERED_OUTLINES
100
AcDbPolyline
 90
15
 70
1
 10
2221.7051336824957
 20
-1499.4338945633083
 10
2250.4674799095146
 20
-1499.4338945633083
 10
2245.9066157725397
 20
-1512.8104335330693
 10
2247.5578776542498
 20
-1519.8012288501461
 10
2256.3295417571926
 20
-1526.7117299262286
 10
2260.4655331656177
 20
-1513.0685902729213
 10
2256.4036229697276
 20
-1483.035746676318
 10
2268.185280191799
 20
-1476.5083126619484
 10
2273.780559141449
 20
-1469.1471356718255
 10
2278.3182480209343
 20
-1454.1789413569236
 10
2266.7259126441686
 20
-1461.2176705998388
 10
2241.2635928302493
 20
-1491.4806797801484
 10
2234.1788788527297
 20
-1484.7476256013035
 10
2227.83870020261
 20
-1484.8295270974068
 10
2213.905802783453
 20
-1493.289417992155
  0
TEXT
  5
366
330
17
100
AcDbEntity
  8
NEW_CATALOGUE_LABELS
100
AcDbText
 10
2213.905802783453
 20
-1530.7117299262286
 30
0.0
 40
2.5
  1
W0412
100
AcDbText
  0
LWPOLYLINE
  5
367
330
17
100
AcDbEntity
  8
RECOVERED_OUTLINES
100
AcDbPolyline
 90
15
 70
1
 10
2327.699891657466
 20
-1492.9209261759465
 10
2352.9487388026805
 20
-1492.9209261759465
 10
2352.261476816605
 20
-1482.9329807432373
 10
2355.4442646178554
 20
-1477.7131191395706
 10
2364.857745856876
 20
-1472.5532113475313
 10
2365.1059372689415
 20
-1482.7402212083114
 10
2354.094129069285
 20
-1505.1650355575296
 10
2362.8182277682404
 20
-1510.0389162301396
 10
2365.904941612107
 20
-1515.5353330733956
 10
2366.1772379733175
 20
-1526.7117299262284
 10
2357.746100433131
 20
-1521.456077193277
 10
2342.897311816726
 20
-1498.8594036437278
 10
2335.0087039377186
 20
-1503.8868160323732
 10
2329.4633234090666
 20
-1503.8256621213513
 10
2319.329888630284
 20
-1497.5088615786674
  0
TEXT
  5
368
330
17
100
AcDbEntity
  8
NEW_CATALOGUE_LABELS
100
AcDbText
 10
2319.329888630284
 20
-1530.7117299262284
 30
0.0
 40
2.5
  1
W0413
100
AcDbText
  0
LWPOLYLINE
  5
369
330
17
100
AcDbEntity
  8
RECOVERED_OUTLINES
100
AcDbPolyline
 90
15
 70
1
 10
2436.6463239275095
 20
-1495.9133270992818
 10
2463.388375480148
 20
-1495.9133270992818
 10
2469.2510136097985
 20
-1511.0162863385276
 10
2476.0663548947027
 20
-1518.9093367727548
 10
2489.4413092496297
 20
-1526.7117299262286
 10
2482.982281491961
 20
-1511.3077616392868
 10
2456.522229633805
 20
-1477.3987801229518
 10
2462.546237733979
 20
-1470.0288939305105
 10
2462.1886884016135
 20
-1461.717659142048
 10
2455.102344274168
 20
-1444.8176202654654
 10
2449.640535154386
 20
-1452.7647911362085
 10
2448.8240084845147
 20
-1486.9336441661571
 10
2437.1515348245857
 20
-1479.3315997921522
 10
2431.318555617639
 20
-1479.4240717656635
 10
2424.7539744771157
 20
-1488.9758241016516
  0
TEXT
  5
36A
330
17
100
AcDbEntity
  8
NEW_CATALOGUE_LABELS
100
AcDbText
 10
2424.7539744771157
 20
-1530.7117299262286
 30
0.0
 40
2.5
  1
W0414
100
AcDbText
  0
LWPOLYLINE
  5
36B
330
17
100
AcDbEntity
  8
RECOVERED_OUTLINES
100
AcDbPolyline
 90
15
 70
1
 10
2539.0842417131153
 20
-1507.1019382552236
 10
2564.0641345326617
 20
-1507.1019382552236
 10
2564.7455530087277
 20
-1516.7182123835094
 10
2568.6059058405385
 20
-1521.7438325604267
 10
2578.6224101531398
 20
-1526.7117299262286
 10
2577.479465610427
 20
-1516.9037989529572
 10
2563.5284485360953
 20
-1495.3134565235928
 10
2571.495305643
 20
-1490.6209426395176
 10
2573.7999762758614
 20
-1485.329058393236
 10
2572.5460261997628
 20
-1474.5685574846723
 10
2564.921045222049
 20
-1479.628636931805
 10
2553.3103607060843
 20
-1501.3844433390202
 10
2544.820545743818
 20
-1496.5441109592666
 10
2539.3425706950356
 20
-1496.6029892116924
 10
2530.1780603239467
 20
-1502.6847290491191
  0
TEXT
  5
36C
330
17
100
AcDbEntity
  8
NEW_CATALOGUE_LABELS
100
AcDbText
 10
2530.1780603239467
 20
-1530.7117299262286
 30
0.0
 40
2.5
  1
W0415
100
AcDbText
  0
LWPOLYLINE
  5
36D
330
17
100
AcDbEntity
  8
RECOVERED_OUTLINES
100
AcDbPolyline
 90
15
 70
1
 10
2646.5593498392013
 20
-1511.1133545667415
 10
2677.3214543325794
 20
-1511.1133545667415
 10
2678.1376738819326
 20
-1518.7625053547388
 10
2682.879616891967
 20
-1522.7600751019825
 10
2695.202841964869
 20
-1526.7117299262286
 10
2693.818721775264
 20
-1518.9101279822755
 10
2676.68988026865
 20
-1501.7363470975433
 10
2686.5120520562873
 20
-1498.0037427858088
 10
2689.3628139992643
 20
-1493.794376454064
 10
2687.84426471518
 20
-1485.2350640940017
 10
2678.442228249608
 20
-1489.2600440575525
 10
2664.0920879677456
 20
-1506.5654412938654
 10
2653.64863793255
 20
-1502.7152565193012
 10
2646.9025101913485
 20
-1502.762090524336
 10
2635.602146170778
 20
-1507.5997380840088
  0
TEXT
  5
36E
330
17
100
AcDbEntity
  8
NEW_CATALOGUE_LABELS
100
AcDbText
 10
2635.602146170778
 20
-1530.7117299262286
 30
0.0
 40
2.5
  1
W0416
100
AcDbText
  0
LWPOLYLINE
  5
36F
330
17
100
AcDbEntity
  8
RECOVERED_OUTLINES
100
AcDbPolyline
 90
15
 70
1
 10
8.989497832059032
 20
-1595.376534450868
 10
31.851677438424257
 20
-1595.376534450868
 10
34.300424314953936
 20
-1585.58805536141
 10
38.78733419714786
 20
-1580.4724380904117
 10
48.89754191338029
 20
-1575.4155773109665
 10
45.99002059928128
 20
-1585.399145370899
 10
29.124039583943343
 20
-1607.3761202974385
 10
35.52488873366757
 20
-1612.1526661215798
 10
36.62981696257938
 20
-1617.53931562819
 10
33.43991015886184
 20
-1628.4925119213103
 10
27.421715195121084
 20
-1623.3418182952246
 10
20.924435492668447
 20
-1601.1964163182865
 10
12.235700300433663
 20
-1606.1234277213705
 10
7.233304623531734
 20
-1606.0634950972578
 10
1.734723475976807e-15
 20
-1599.8728455346516
  0
TEXT
  5
370
330
17
100
AcDbEntity
  8
NEW_CATALOGUE_LABELS
100
AcDbText
 10
1.734723475976807e-15
 20
-1632.4925119213103
 30
0.0
 40
2.5
  1
W0417
100
AcDbText
  0
LWPOLYLINE
  5
371
330
17
100
AcDbEntity
  8
RECOVERED_OUTLINES
100
AcDbPolyline
 90
15
 70
1
 10
113.35019245801597
 20
-1595.7910714468967
 10
135.87616286253876
 20
-1595.7910714468967
 10
136.26169066275335
 20
-1586.1251219346211
 10
139.62316478913434
 20
-1581.0735405996977
 10
148.5374095797944
 20
-1576.0799802581969
 10
147.74025724335294
 20
-1585.938576669115
 10
135.67376880257038
 20
-1607.640449670127
 10
142.96971710007696
 20
-1612.357203964361
 10
145.17397916917918
 20
-1617.6764248254747
 10
144.29940547326737
 20
-1628.4925119213106
 10
137.3029975380137
 20
-1623.406293307781
 10
126.31492183454287
 20
-1601.53810158138
 10
118.77435352643374
 20
-1606.4034379664683
 10
113.8331105080608
 20
-1606.3442555630006
 10
105.4240858468311
 20
-1600.231098904701
  0
TEXT
  5
372
330
17
100
AcDbEntity
  8
NEW_CATALOGUE_LABELS
100
AcDbText
 10
105.4240858468311
 20
-1632.4925119213106
 30
0.0
 40
2.5
  1
W0418
100
AcDbText
  0
LWPOLYLINE
  5
373
330
17
100
AcDbEntity
  8
RECOVERED_OUTLINES
100
AcDbPolyline
 90
15
 70
1
 10
219.12607578236734
 20
-1604.9388457190946
 10
245.0583854073904
 20
-1604.9388457190946
 10
243.6587810717982
 20
-1616.489121965096
 10
246.56516482708162
 20
-1622.5254828858115
 10
255.87506526372138
 20
-1628.4925119213103
 10
256.8375403383089
 20
-1616.7120332627642
 10
247.08522687901333
 20
-1590.7794926573129
 10
256.384006803528
 20
-1585.143231572592
 10
259.9360430559685
 20
-1578.7870561879254
 10
260.99199603349183
 20
-1565.8624290005955
 10
251.96759047525236
 20
-1571.9401795577662
 10
235.14734822277248
 20
-1598.0714618616598
 10
227.39439521586155
 20
-1592.2576533779588
 10
221.6946588617126
 20
-1592.3283730840872
 10
210.84817169366224
 20
-1599.633257932572
  0
TEXT
  5
374
330
17
100
AcDbEntity
  8
NEW_CATALOGUE_LABELS
100
AcDbText
 10
210.84817169366224
 20
-1632.4925119213103
 30
0.0
 40
2.5
  1
W0419
100
AcDbText
  0
LWPOLYLINE
  5
375
330
17
100
AcDbEntity
  8
RECOVERED_OUTLINES
100
AcDbPolyline
 90
15
 70
1
 10
324.8819303932917
 20
-1595.7513919055293
 10
349.94291047508403
 20
-1595.7513919055293
 10
349.91810323855907
 20
-1586.0737138443592
 10
353.4207462000779
 20
-1581.0160029803496
 10
363.10377661365357
 20
-1576.0163835117503
 10
362.679679117492
 20
-1585.886942227033
 10
350.2739513126005
 20
-1607.6151480242459
 10
358.61237043676294
 20
-1612.3376255723922
 10
361.31437909143983
 20
-1617.6633007132298
 10
360.84909222255766
 20
-1628.4925119213103
 10
352.82658017905544
 20
-1623.4001217502303
 10
339.57544067379513
 20
-1601.5053954184527
 10
331.4146575967426
 20
-1606.3766353452065
 10
325.91456288391055
 20
-1606.3173811305096
 10
316.27225754049334
 20
-1600.1968068401736
  0
TEXT
  5
376
330
17
100
AcDbEntity
  8
NEW_CATALOGUE_LABELS
100
AcDbText
 10
316.27225754049334
 20
-1632.4925119213103
 30
0.0
 40
2.5
  1
W0420
100
AcDbText
  0
LWPOLYLINE
  5
377
330
17
100
AcDbEntity
  8
RECOVERED_OUTLINES
100
AcDbPolyline
 90
15
 70
1
 10
429.5982763857461
 20
-1596.9143359880075
 10
453.7884212216779
 20
-1596.9143359880075
 10
452.87502836460635
 20
-1587.5804029920012
 10
455.791119507099
 20
-1582.7023388510527
 10
464.67817698976324
 20
-1577.8803027355225
 10
465.1759910557601
 20
-1587.4002653855775
 10
455.19832264066656
 20
-1608.356698917744
 10
463.6810223194665
 20
-1612.911437020306
 10
466.7786073490097
 20
-1618.0479475147527
 10
467.3247703189626
 20
-1628.4925119213103
 10
459.1130027675888
 20
-1623.5810002605645
 10
444.31004097080097
 20
-1602.4639608989562
 10
436.88053578796865
 20
-1607.1621774335833
 10
431.5661160607906
 20
-1607.105027891491
 10
421.6963433873244
 20
-1601.2018525676194
  0
TEXT
  5
378
330
17
100
AcDbEntity
  8
NEW_CATALOGUE_LABELS
100
AcDbText
 10
421.6963433873244
 20
-1632.4925119213103
 30
0.0
 40
2.5
  1
W0421
100
AcDbText
  0
LWPOLYLINE
  5
379
330
17
100
AcDbEntity
  8
RECOVERED_OUTLINES
100
AcDbPolyline
 90
15
 70
1
 10
536.5184761581634
 20
-1613.4224969676052
 10
562.2860584635399
 20
-1613.4224969676052
 10
563.4483712739016
 20
-1620.8125497199999
 10
567.6705460095301
 20
-1624.67471064901
 10
578.2402361416933
 20
-1628.4925119213103
 10
576.5926877897977
 20
-1620.9551719580995
 10
561.1702986126705
 20
-1604.3631148508728
 10
569.1641943253194
 20
-1600.7569442402973
 10
571.288723894408
 20
-1596.6901608668331
 10
569.4811616689201
 20
-1588.420776249087
 10
561.8574824966928
 20
-1592.3094189340566
 10
550.9200393205388
 20
-1609.028634180561
 10
541.9312738245762
 20
-1605.308865884825
 10
536.2833749574226
 20
-1605.354113491704
 10
527.1204292341556
 20
-1610.0278964585104
  0
TEXT
  5
37A
330
17
100
AcDbEntity
  8
NEW_CATALOGUE_LABELS
100
AcDbText
 10
527.1204292341556
 20
-1632.4925119213103
 30
0.0
 40
2.5
  1
W0422
100
AcDbText
  0
LWPOLYLINE
  5
37B
330
17
100
AcDbEntity
  8
RECOVERED_OUTLINES
100
AcDbPolyline
 90
15
 70
1
 10
639.227940748287
 20
-1612.8307378003935
 10
660.7947911945993
 20
-1612.8307378003935
 10
659.1932815742566
 20
-1620.5109781521926
 10
661.3817504619083
 20
-1624.5247958076231
 10
668.8983907698273
 20
-1628.49251192131
 10
670.1450775955334
 20
-1620.6592007839947
 10
663.0167783007602
 20
-1603.4156179864312
 10
670.963693697524
 20
-1599.6678427043348
 10
674.1585451849945
 20
-1595.4413676285262
 10
675.526313245074
 20
-1586.8472664016872
 10
667.7908606073497
 20
-1590.8886056807812
 10
652.8123145649813
 20
-1608.264339777539
 10
646.5847204304923
 20
-1604.3985061331177
 10
641.841802002842
 20
-1604.4455304924584
 10
632.5445150809868
 20
-1609.3028404116044
  0
TEXT
  5
37C
330
17
100
AcDbEntity
  8
NEW_CATALOGUE_LABELS
100
AcDbText
 10
632.5445150809868
 20
-1632.49251192131
 30
0.0
 40
2.5
  1
W0423
100
AcDbText
  0
LWPOLYLINE
  5
37D
330
17
100
AcDbEntity
  8
RECOVERED_OUTLINES
100
AcDbPolyline
 90
15
 70
1
 10
744.2406847270804
 20
-1593.259449369948
 10
765.318237234974
 20
-1593.259449369948
 10
763.1876690506285
 20
-1582.8451985343993
 10
765.0310036314401
 20
-1577.4025428417272
 10
772.0850205753029
 20
-1572.0223999087648
 10
773.8800845509518
 20
-1582.644211638627
 10
768.1829216661554
 20
-1606.0261617250346
 10
776.2254397076471
 20
-1611.108069331465
 10
779.6589465223173
 20
-1616.8390841921334
 10
781.6283514450822
 20
-1628.4925119213103
 10
773.7708874317841
 20
-1623.0125374626748
 10
757.8530255293987
 20
-1599.4513928829945
 10
752.0513092866563
 20
-1604.693385244871
 10
747.4125340537887
 20
-1604.629621163134
 10
737.9686009278175
 20
-1598.043206992888
  0
TEXT
  5
37E
330
17
100
AcDbEntity
  8
NEW_CATALOGUE_LABELS
100
AcDbText
 10
737.9686009278175
 20
-1632.4925119213103
 30
0.0
 40
2.5
  1
W0424
100
AcDbText
  0
LWPOLYLINE
  5
37F
330
17
100
AcDbEntity
  8
RECOVERED_OUTLINES
100
AcDbPolyline
 90
15
 70
1
 10
852.8211175191939
 20
-1594.650569080969
 10
880.3722110233454
 20
-1594.650569080969
 10
880.2650039235851
 20
-1584.64750786573
 10
884.0739017963747
 20
-1579.4197465099705
 10
894.6777636634429
 20
-1574.2520297000922
 10
894.2930550223135
 20
-1584.454456608024
 10
880.8341361641798
 20
-1606.9132087294552
 10
890.040085093836
 20
-1611.7944655457195
 10
893.0545598118715
 20
-1617.2992006804855
 10
892.6324873387183
 20
-1628.4925119213103
 10
883.7707793268697
 20
-1623.2289052698782
 10
869.0221333891297
 20
-1600.5980338559561
 10
860.0907122810587
 20
-1605.6330547435534
 10
854.0436267858461
 20
-1605.571808282044
 10
843.3926867746488
 20
-1599.245447877031
  0
TEXT
  5
380
330
17
100
AcDbEntity
  8
NEW_CATALOGUE_LABELS
100
AcDbText
 10
843.3926867746488
 20
-1632.4925119213103
 30
0.0
 40
2.5
  1
W0425
100
AcDbText
  0
LWPOLYLINE
  5
381
330
17
100
AcDbEntity
  8
RECOVERED_OUTLINES
100
AcDbPolyline
 90
15
 70
1
 10
964.2053463456984
 20
-1610.123522595546
 10
1010.4042599497863
 20
-1610.123522595546
 10
1009.3070072672718
 20
-1619.1313305202618
 10
1015.2144472201722
 20
-1623.8389564315373
 10
1032.521495924668
 20
-1628.4925119213106
 10
1032.8121680183096
 20
-1619.305174167884
 10
1012.3035688435564
 20
-1599.0809527035126
 10
1028.1882283064808
 20
-1594.6853559070903
 10
1033.747930715834
 20
-1589.7283136873682
 10
1034.066833584976
 20
-1579.648679510451
 10
1018.7243435749323
 20
-1584.3885842943116
 10
991.9174417175875
 20
-1604.7678000642793
 10
977.4026460513803
 20
-1600.2337379330477
 10
967.257003387477
 20
-1600.2888906857374
 10
948.81677262148
 20
-1605.9858106749973
  0
TEXT
  5
382
330
17
100
AcDbEntity
  8
NEW_CATALOGUE_LABELS
100
AcDbText
 10
948.81677262148
 20
-1632.4925119213106
 30
0.0
 40
2.5
  1
W0426
100
AcDbText
  0
LWPOLYLINE
  5
383
330
17
100
AcDbEntity
  8
RECOVERED_OUTLINES
100
AcDbPolyline
 90
15
 70
1
 10
1063.8854371709665
 20
-1613.8983274893806
 10
1100.7221155352297
 20
-1613.8983274893806
 10
1094.1315196605779
 20
-1621.055041876291
 10
1095.8546954500039
 20
-1624.795256406729
 10
1106.7016521811856
 20
-1628.4925119213103
 10
1112.7630380842627
 20
-1621.193160866439
 10
1109.2433429603132
 20
-1605.124992236756
 10
1124.6980945984415
 20
-1601.6326852187858
 10
1132.2764999799026
 20
-1597.6943091269657
 10
1138.9265823158164
 20
-1589.6860274749113
 10
1123.6856562984142
 20
-1593.4518876090021
 10
1089.3800145333905
 20
-1609.6431994035954
 10
1080.6836374024128
 20
-1606.0408815081728
 10
1072.55901886238
 20
-1606.0847004374784
 10
1054.2408584683112
 20
-1610.6109103199456
  0
TEXT
  5
384
330
17
100
AcDbEntity
  8
NEW_CATALOGUE_LABELS
100
AcDbText
 10
1054.2408584683112
 20
-1632.4925119213103
 30
0.0
 40
2.5
  1
W0427
100
AcDbText
  0
LWPOLYLINE
  5
385
330
17
100
AcDbEntity
  8
RECOVERED_OUTLINES
100
AcDbPolyline
 90
15
 70
1
 10
1167.6176915397787
 20
-1610.2041574998882
 10
1191.4735839704606
 20
-1610.2041574998882
 10
1190.921134300349
 20
-1619.1724235795161
 10
1193.97897054332
 20
-1623.8593842838875
 10
1202.9231772006735
 20
-1628.4925119213103
 10
1203.058848202619
 20
-1619.3455041004547
 10
1192.436999546761
 20
-1599.2100615086854
 10
1200.6325147679843
 20
-1594.8337601955864
 10
1203.4956148050337
 20
-1589.898478053031
 10
1203.6444625022373
 20
-1579.8630907491047
 10
1195.7294497643466
 20
-1584.5821886305241
 10
1181.9190732313855
 20
-1604.8719451447303
 10
1174.4168995178602
 20
-1600.3577863222624
 10
1169.1780455983735
 20
-1600.4126969692568
 10
1159.664944315142
 20
-1606.0846090176751
  0
TEXT
  5
386
330
17
100
AcDbEntity
  8
NEW_CATALOGUE_LABELS
100
AcDbText
 10
1159.664944315142
 20
-1632.4925119213103
 30
0.0
 40
2.5
  1
W0428
100
AcDbText
  0
LWPOLYLINE
  5
387
330
17
100
AcDbEntity
  8
RECOVERED_OUTLINES
100
AcDbPolyline
 90
15
 70
1
 10
1272.822876064962
 20
-1615.6800398914818
 10
1298.3946546720488
 20
-1615.6800398914818
 10
1296.0806349430236
 20
-1621.9630359256519
 10
1298.458554385971
 20
-1625.2466311330656
 10
1307.1565695571524
 20
-1628.4925119213103
 10
1309.0581498756299
 20
-1622.084292834958
 10
1301.5381427288273
 20
-1607.9777860891636
 10
1311.1633520963612
 20
-1604.911832921584
 10
1315.179920652058
 20
-1601.4542684543985
 10
1317.2661870420282
 20
-1594.4236676590945
 10
1307.8758417550316
 20
-1597.7297775593315
 10
1289.1766565537764
 20
-1611.9443936937275
 10
1282.0015545935523
 20
-1608.7818601864303
 10
1276.3753424848915
 20
-1608.820329537611
 10
1265.0890301619734
 20
-1612.793962856467
  0
TEXT
  5
388
330
17
100
AcDbEntity
  8
NEW_CATALOGUE_LABELS
100
AcDbText
 10
1265.0890301619734
 20
-1632.4925119213103
 30
0.0
 40
2.5
  1
W0429
100
AcDbText
  0
LWPOLYLINE
  5
389
330
17
100
AcDbEntity
  8
RECOVERED_OUTLINES
100
AcDbPolyline
 90
15
 70
1
 10
1376.583813209742
 20
-1605.1567365037572
 10
1399.177697740413
 20
-1605.1567365037572
 10
1395.4731345244927
 20
-1616.6001631946742
 10
1396.7065881628016
 20
-1622.58068281212
 10
1403.5341118833087
 20
-1628.4925119213103
 10
1406.907350140181
 20
-1616.8210123795004
 10
1403.9901147078306
 20
-1591.1283691035053
 10
1413.3044944274595
 20
-1585.5442480694992
 10
1417.7668395775697
 20
-1579.2468725349336
 10
1421.4676948779177
 20
-1566.4418087792642
 10
1412.2973774795512
 20
-1572.4633351449856
 10
1392.0201441573854
 20
-1598.3528815952523
 10
1386.516165802222
 20
-1592.5928556217355
 10
1381.5349754926701
 20
-1592.6629211124168
 10
1370.5131160088042
 20
-1599.9002297679713
  0
TEXT
  5
38A
330
17
100
AcDbEntity
  8
NEW_CATALOGUE_LABELS
100
AcDbText
 10
1370.5131160088042
 20
-1632.4925119213103
 30
0.0
 40
2.5
  1
W0430
100
AcDbText
  0
LWPOLYLINE
  5
38B
330
17
100
AcDbEntity
  8
RECOVERED_OUTLINES
100
AcDbPolyline
 90
15
 70
1
 10
1486.2606735096151
 20
-1607.2511076285002
 10
1515.462178440358
 20
-1607.2511076285002
 10
1516.0674897820431
 20
-1617.6674939918205
 10
1520.4802845281386
 20
-1623.1112657457982
 10
1532.0907709784665
 20
-1628.4925119213103
 10
1530.9497475195128
 20
-1617.8685221016085
 10
1515.070433510346
 20
-1594.481777354063
 10
1524.4770265588045
 20
-1589.398827660689
 10
1527.2764427432858
 20
-1583.6666376082965
 10
1526.0246003312393
 20
-1572.0108202479362
 10
1517.0103497599687
 20
-1577.491918420397
 10
1503.0047330783007
 20
-1601.0578944065192
 10
1493.1764098432254
 20
-1595.8148271310035
 10
1486.7714836839389
 20
-1595.87860428809
 10
1475.9372018556353
 20
-1602.4663690567224
  0
TEXT
  5
38C
330
17
100
AcDbEntity
  8
NEW_CATALOGUE_LABELS
100
AcDbText
 10
1475.9372018556353
 20
-1632.4925119213103
 30
0.0
 40
2.5
  1
W0431
100
AcDbText
  0
LWPOLYLINE
  5
38D
330
17
100
AcDbEntity
  8
RECOVERED_OUTLINES
100
AcDbPolyline
 90
15
 70
1
 10
1590.2703080897904
 20
-1612.2342506779585
 10
1612.3206081452058
 20
-1612.2342506779585
 10
1615.2021693203621
 20
-1620.206997129749
 10
1619.8013827542707
 20
-1624.3736831974543
 10
1629.8210799995134
 20
-1628.4925119213103
 10
1626.4866770026003
 20
-1620.3608649005016
 10
1609.0526488798928
 20
-1602.4605509431105
 10
1614.9725543053346
 20
-1598.5700396161512
 10
1615.7522101883458
 20
-1594.1825969554097
 10
1612.093961922164
 20
-1585.2611847438038
 10
1606.5629893707246
 20
-1589.4564406110674
 10
1601.4723742463252
 20
-1607.4939389212245
 10
1592.8305654056428
 20
-1603.4808729154777
 10
1588.0089967863355
 20
-1603.5296882229297
 10
1581.3612877024664
 20
-1608.5719914125748
  0
TEXT
  5
38E
330
17
100
AcDbEntity
  8
NEW_CATALOGUE_LABELS
100
AcDbText
 10
1581.3612877024664
 20
-1632.4925119213103
 30
0.0
 40
2.5
  1
W0432
100
AcDbText
  0
LWPOLYLINE
  5
38F
330
17
100
AcDbEntity
  8
RECOVERED_OUTLINES
100
AcDbPolyline
 90
15
 70
1
 10
1695.408969514325
 20
-1608.9205372450224
 10
1720.9764351281815
 20
-1608.9205372450224
 10
1720.6026332215295
 20
-1618.518266628213
 10
1723.9939368000523
 20
-1623.5341950218176
 10
1733.6926261035148
 20
-1628.4925119213103
 10
1733.615396491725
 20
-1618.703495298585
 10
1721.7413803543518
 20
-1597.1547893067357
 10
1730.418376446547
 20
-1592.471324818786
 10
1733.3667706640729
 20
-1587.1896458394413
 10
1733.282040325932
 20
-1576.4498962888135
 10
1724.9140152775237
 20
-1581.5002174987897
 10
1710.6066392108864
 20
-1603.2140683753305
 10
1702.4563391034417
 20
-1598.3830704559882
 10
1696.8429530456683
 20
-1598.4418351631714
 10
1686.7853735492977
 20
-1604.5118465168302
  0
TEXT
  5
390
330
17
100
AcDbEntity
  8
NEW_CATALOGUE_LABELS
100
AcDbText
 10
1686.7853735492977
 20
-1632.4925119213103
 30
0.0
 40
2.5
  1
W0433
100
AcDbText
  0
LWPOLYLINE
  5
391
330
17
100
AcDbEntity
  8
RECOVERED_OUTLINES
100
AcDbPolyline
 90
15
 70
1
 10
1801.273622765963
 20
-1609.8257135491024
 10
1826.516486370162
 20
-1609.8257135491024
 10
1827.3448940260748
 20
-1618.9795614459165
 10
1831.318955878734
 20
-1623.7635102053785
 10
1841.513137595545
 20
-1628.4925119213106
 10
1840.2155586583435
 20
-1619.1562235507768
 10
1825.803762580736
 20
-1598.6041149064113
 10
1833.786262428878
 20
-1594.1372540645218
 10
1836.0382537395444
 20
-1589.0998453101768
 10
1834.614650803233
 20
-1578.8567940726098
 10
1826.9829703306984
 20
-1583.6735450290535
 10
1815.5663749200498
 20
-1604.3831608394426
 10
1806.916809197208
 20
-1599.775589779882
 10
1801.382021930226
 20
-1599.8316367020004
 10
1792.2094593961288
 20
-1605.6209185670052
  0
TEXT
  5
392
330
17
100
AcDbEntity
  8
NEW_CATALOGUE_LABELS
100
AcDbText
 10
1792.2094593961288
 20
-1632.4925119213106
 30
0.0
 40
2.5
  1
W0434
100
AcDbText
  0
LWPOLYLINE
  5
393
330
17
100
AcDbEntity
  8
RECOVERED_OUTLINES
100
AcDbPolyline
 90
15
 70
1
 10
1907.148849162434
 20
-1612.3131738996012
 10
1933.1393935682086
 20
-1612.3131738996012
 10
1934.389999545763
 20
-1620.2472178834034
 10
1938.689595314617
 20
-1624.3936774162341
 10
1949.391160730861
 20
-1628.4925119213103
 10
1947.6495612808983
 20
-1620.4003387267944
 10
1931.9180707611335
 20
-1602.5869190826872
 10
1939.9429589071128
 20
-1598.7152936429193
 10
1942.0428180298113
 20
-1594.3491491458847
 10
1940.1320702365463
 20
-1585.4710445538826
 10
1932.4835924784493
 20
-1589.6459351985861
 10
1921.6285100934667
 20
-1607.5958732551771
 10
1912.522586601121
 20
-1603.602288059407
 10
1906.8262965353233
 20
-1603.650866400478
 10
1897.63354524296
 20
-1608.6686925069796
  0
TEXT
  5
394
330
17
100
AcDbEntity
  8
NEW_CATALOGUE_LABELS
100
AcDbText
 10
1897.63354524296
 20
-1632.4925119213103
 30
0.0
 40
2.5
  1
W0435
100
AcDbText
  0
LWPOLYLINE
  5
395
330
17
100
AcDbEntity
  8
RECOVERED_OUTLINES
100
AcDbPolyline
 90
15
 70
1
 10
2010.0365917670676
 20
-1597.2898042290028
 10
2033.5053711857317
 20
-1597.2898042290028
 10
2031.1228937027272
 20
-1588.0668527985874
 10
2033.1700228157122
 20
-1583.2467894163383
 10
2041.0190421278985
 20
-1578.4820878796686
 10
2043.0281560516526
 20
-1587.8888570495772
 10
2036.7075533843147
 20
-1608.5961161122466
 10
2045.6674635519491
 20
-1613.0966978408887
 10
2049.496110513236
 20
-1618.1721346189724
 10
2051.7003544318445
 20
-1628.4925119213106
 10
2042.9461026635515
 20
-1623.639398714224
 10
2025.1993024668873
 20
-1602.773443444391
 10
2018.7445208090758
 20
-1607.415797629597
 10
2013.579418797346
 20
-1607.3593276023091
 10
2003.0576310897911
 20
-1601.5263417301592
  0
TEXT
  5
396
330
17
100
AcDbEntity
  8
NEW_CATALOGUE_LABELS
100
AcDbText
 10
2003.0576310897911
 20
-1632.4925119213106
 30
0.0
 40
2.5
  1
W0436
100
AcDbText
  0
LWPOLYLINE
  5
397
330
17
100
AcDbEntity
  8
RECOVERED_OUTLINES
100
AcDbPolyline
 90
15
 70
1
 10
2118.9515637207087
 20
-1607.9401745414023
 10
2144.9653501994976
 20
-1607.9401745414023
 10
2148.2765921760365
 20
-1618.0186554114687
 10
2153.656370047839
 20
-1623.2858322969832
 10
2165.4314800397174
 20
-1628.4925119213103
 10
2161.5877583685774
 20
-1618.2131622095246
 10
2141.2181958293886
 20
-1595.5850787907632
 10
2148.245264437881
 20
-1590.66701897027
 10
2149.2136383955913
 20
-1585.1207800183379
 10
2144.9966051958995
 20
-1573.843075045235
 10
2138.4250051054814
 20
-1579.146367487672
 10
2132.21965709157
 20
-1601.9478679194272
 10
2122.068936524031
 20
-1596.8748846991778
 10
2116.380162501183
 20
-1596.936592938026
 10
2108.4817169366224
 20
-1603.3106519332798
  0
TEXT
  5
398
330
17
100
AcDbEntity
  8
NEW_CATALOGUE_LABELS
100
AcDbText
 10
2108.4817169366224
 20
-1632.4925119213103
 30
0.0
 40
2.5
  1
W0437
100
AcDbText
  0
LWPOLYLINE
  5
399
330
17
100
AcDbEntity
  8
RECOVERED_OUTLINES
100
AcDbPolyline
 90
15
 70
1
 10
2223.069743502072
 20
-1592.327281205665
 10
2248.5895162285524
 20
-1592.327281205665
 10
2249.4277630787756
 20
-1581.6374984583047
 10
2253.4458124543276
 20
-1576.0508453382595
 10
2263.7522106420065
 20
-1570.528358890478
 10
2262.4396308138516
 20
-1581.4311940121374
 10
2247.8680524663228
 20
-1605.4317650162595
 10
2255.9377519015984
 20
-1610.6481256659822
 10
2258.214033422224
 20
-1616.5307671300534
 10
2256.773972672213
 20
-1628.4925119213103
 10
2249.0589697639007
 20
-1622.8675526852662
 10
2237.518837312858
 20
-1598.6830462034175
 10
2228.7740092171452
 20
-1604.0637270028951
 10
2223.178511052872
 20
-1603.998275902128
 10
2213.905802783453
 20
-1597.2376036583084
  0
TEXT
  5
39A
330
17
100
AcDbEntity
  8
NEW_CATALOGUE_LABELS
100
AcDbText
 10
2213.905802783453
 20
-1632.4925119213103
 30
0.0
 40
2.5
  1
W0438
100
AcDbText
  0
LWPOLYLINE
  5
39B
330
17
100
AcDbEntity
  8
RECOVERED_OUTLINES
100
AcDbPolyline
 90
15
 70
1
 10
2329.2408783703468
 20
-1610.2014965168416
 10
2354.0893845703295
 20
-1610.2014965168416
 10
2357.056668028419
 20
-1619.171067492659
 10
2362.0932196254107
 20
-1623.8587101568548
 10
2373.2398005376535
 20
-1628.4925119213103
 10
2369.7677887082805
 20
-1619.3441731970734
 10
2350.7499064308913
 20
-1599.2058008681533
 10
2357.5576634256417
 20
-1594.8288627966383
 10
2358.590316820326
 20
-1589.8928625631158
 10
2354.781094819648
 20
-1579.8560150952585
 10
2348.4009260472503
 20
-1584.5757996125103
 10
2342.0309472661747
 20
-1604.8685083167745
 10
2332.4333965417736
 20
-1600.3536926774157
 10
2326.9982517455287
 20
-1600.4086113139915
 10
2319.329888630284
 20
-1606.0813486341347
  0
TEXT
  5
39C
330
17
100
AcDbEntity
  8
NEW_CATALOGUE_LABELS
100
AcDbText
 10
2319.329888630284
 20
-1632.4925119213103
 30
0.0
 40
2.5
  1
W0439
100
AcDbText
  0
LWPOLYLINE
  5
39D
330
17
100
AcDbEntity
  8
RECOVERED_OUTLINES
100
AcDbPolyline
 90
15
 70
1
 10
2434.072318158037
 20
-1602.807720982579
 10
2459.8522305214374
 20
-1602.807720982579
 10
2460.8317952577236
 20
-1615.403060838216
 10
2464.960192584963
 20
-1621.9855888806965
 10
2475.4402429665734
 20
-1628.4925119213103
 10
2473.9788638380337
 20
-1615.6461410461693
 10
2458.9606473790086
 20
-1587.3672362573036
 10
2467.0478163858916
 20
-1581.2210088974396
 10
2469.2742358213018
 20
-1574.2897297274174
 10
2467.670924023608
 20
-1560.1956882980464
 10
2459.9471422193865
 20
-1566.8233508919914
 10
2448.589758814948
 20
-1595.3189794355142
 10
2439.6889579302187
 20
-1588.9791402707888
 10
2434.037234154183
 20
-1589.0562586629558
 10
2424.753974477115
 20
-1597.0220860867641
  0
TEXT
  5
39E
330
17
100
AcDbEntity
  8
NEW_CATALOGUE_LABELS
100
AcDbText
 10
2424.753974477115
 20
-1632.4925119213103
 30
0.0
 40
2.5
  1
W0440
100
AcDbText
  0
LWPOLYLINE
  5
39F
330
17
100
AcDbEntity
  8
RECOVERED_OUTLINES
100
AcDbPolyline
 90
15
 70
1
 10
2539.8354632968408
 20
-1606.122650881736
 10
2565.6727967348183
 20
-1606.122650881736
 10
2567.3474918431257
 20
-1617.0924112737487
 10
2571.84723068075
 20
-1622.8253852329542
 10
2582.708610468519
 20
-1628.4925119213103
 10
2580.537217006565
 20
-1617.3041190694769
 10
2563.9297499480867
 20
-1592.6749456420089
 10
2571.6967895079088
 20
-1587.3219625367246
 10
2573.5468348962986
 20
-1581.2852479600028
 10
2571.1645504589505
 20
-1569.010211382399
 10
2563.788194262416
 20
-1574.782494738623
 10
2553.9732369050907
 20
-1599.6004211244945
 10
2544.703816497488
 20
-1594.078814136668
 10
2539.0437470793067
 20
-1594.1459794766736
 10
2530.1780603239467
 20
-1601.0837214641747
  0
TEXT
  5
3A0
330
17
100
AcDbEntity
  8
NEW_CATALOGUE_LABELS
100
AcDbText
 10
2530.1780603239467
 20
-1632.4925119213103
 30
0.0
 40
2.5
  1
W0441
100
AcDbText
  0
LWPOLYLINE
  5
3A1
330
17
100
AcDbEntity
  8
RECOVERED_OUTLINES
100
AcDbPolyline
 90
15
 70
1
 10
2646.0001410803043
 20
-1603.9735958138033
 10
2671.4617657175822
 20
-1603.9735958138033
 10
2675.030098156545
 20
-1615.997212513763
 10
2680.4667772181015
 20
-1622.2809488008868
 10
2692.1610776486255
 20
-1628.4925119213103
 10
2688.0650430725914
 20
-1616.2292589119766
 10
2667.392823357857
 20
-1589.2339800411328
 10
2674.1109864786604
 20
-1583.3667400323022
 10
2674.8786504058417
 20
-1576.750083003912
 10
2670.3847990627764
 20
-1563.2957932552897
 10
2664.124950113849
 20
-1569.622615362483
 10
2658.791964404215
 20
-1596.824780540933
 10
2648.691917322452
 20
-1590.7727170849446
 10
2643.125896168525
 20
-1590.8463349466747
 10
2635.602146170778
 20
-1598.450580385041
  0
TEXT
  5
3A2
330
17
100
AcDbEntity
  8
NEW_CATALOGUE_LABELS
100
AcDbText
 10
2635.602146170778
 20
-1632.4925119213103
 30
0.0
 40
2.5
  1
W0442
100
AcDbText
  0
ENDSEC
  0
SECTION
  2
OBJECTS
  0
DICTIONARY
  5
A
330
0
100
AcDbDictionary
281
1
  3
ACAD_COLOR
350
B
  3
ACAD_GROUP
350
C
  3
ACAD_LAYOUT
350
D
  3
ACAD_MATERIAL
350
E
  3
ACAD_MLEADERSTYLE
350
F
  3
ACAD_MLINESTYLE
350
10
  3
ACAD_PLOTSETTINGS
350
11
  3
ACAD_PLOTSTYLENAME
350
12
  3
ACAD_SCALELIST
350
14
  3
ACAD_TABLESTYLE
350
15
  3
ACAD_VISUALSTYLE
350
16
  3
EZDXF_META
350
2D
  0
DICTIONARY
  5
B
330
A
100
AcDbDictionary
281
1
  0
DICTIONARY
  5
C
330
A
100
AcDbDictionary
281
1
  0
DICTIONARY
  5
D
330
A
100
AcDbDictionary
281
1
  3
Model
350
1A
  3
Layout1
350
1E
  0
DICTIONARY
  5
E
330
A
100
AcDbDictionary
281
1
  3
ByBlock
350
1F
  3
ByLayer
350
20
  3
Global
350
21
  0
DICTIONARY
  5
F
330
A
100
AcDbDictionary
281
1
  3
Standard
350
2C
  0
DICTIONARY
  5
10
330
A
100
AcDbDictionary
281
1
  3
Standard
350
22
  0
DICTIONARY
  5
11
330
A
100
AcDbDictionary
281
1
  0
ACDBDICTIONARYWDFLT
  5
12
330
A
100
AcDbDictionary
281
1
  3
Normal
350
13
100
AcDbDictionaryWithDefault
340
13
  0
ACDBPLACEHOLDER
  5
13
330
12
  0
DICTIONARY
  5
14
330
A
100
AcDbDictionary
281
1
  0
DICTIONARY
  5
15
330
A
100
AcDbDictionary
281
1
  0
DICTIONARY
  5
16
330
A
100
AcDbDictionary
281
1
  0
LAYOUT
  5
1A
330
D
100
AcDbPlotSettings
  1

  4
A3
  6

 40
7.5
 41
20.0
 42
7.5
 43
20.0
 44
420.0
 45
297.0
 46
0.0
 47
0.0
 48
0.0
 49
0.0
140
0.0
141
0.0
142
1.0
143
1.0
 70
1024
 72
1
 73
0
 74
5
  7

 75
16
 76
0
 77
2
 78
300
147
1.0
148
0.0
149
0.0
100
AcDbLayout
  1
Model
 70
1
 71
0
 10
0.0
 20
0.0
 11
420.0
 21
297.0
 12
0.0
 22
0.0
 32
0.0
 14
1e+20
 24
1e+20
 34
1e+20
 15
-1e+20
 25
-1e+20
 35
-1e+20
146
0.0
 13
0.0
 23
0.0
 33
0.0
 16
1.0
 26
0.0
 36
0.0
 17
0.0
 27
1.0
 37
0.0
 76
1
330
17
  0
LAYOUT
  5
1E
330
D
100
AcDbPlotSettings
  1

  4
A3
  6

 40
7.5
 41
20.0
 42
7.5
 43
20.0
 44
420.0
 45
297.0
 46
0.0
 47
0.0
 48
0.0
 49
0.0
140
0.0
141
0.0
142
1.0
143
1.0
 70
0
 72
1
 73
0
 74
5
  7

 75
16
 76
0
 77
2
 78
300
147
1.0
148
0.0
149
0.0
100
AcDbLayout
  1
Layout1
 70
1
 71
1
 10
0.0
 20
0.0
 11
420.0
 21
297.0
 12
0.0
 22
0.0
 32
0.0
 14
1e+20
 24
1e+20
 34
1e+20
 15
-1e+20
 25
-1e+20
 35
-1e+20
146
0.0
 13
0.0
 23
0.0
 33
0.0
 16
1.0
 26
0.0
 36
0.0
 17
0.0
 27
1.0
 37
0.0
 76
1
330
1B
  0
MATERIAL
  5
1F
102
{ACAD_REACTORS
330
E
102
}
330
E
100
AcDbMaterial
  1
ByBlock
  2

 70
0
 40
1.0
 71
1
 41
1.0
 91
-1023410177
 42
1.0
 72
1
  3

 73
1
 74
1
 75
1
 44
0.5
 73
0
 45
1.0
 46
1.0
 77
1
  4

 78
1
 79
1
170
1
 48
1.0
171
1
  6

172
1
173
1
174
1
140
1.0
141
1.0
175
1
  7

176
1
177
1
178
1
143
1.0
179
1
  8

270
1
271
1
272
1
145
1.0
146
1.0
273
1
  9

274
1
275
1
276
1
 42
1.0
 72
1
  3

 73
1
 74
1
 75
1
 94
63
  0
MATERIAL
  5
20
102
{ACAD_REACTORS
330
E
102
}
330
E
100
AcDbMaterial
  1
ByLayer
  2

 70
0
 40
1.0
 71
1
 41
1.0
 91
-1023410177
 42
1.0
 72
1
  3

 73
1
 74
1
 75
1
 44
0.5
 73
0
 45
1.0
 46
1.0
 77
1
  4

 78
1
 79
1
170
1
 48
1.0
171
1
  6

172
1
173
1
174
1
140
1.0
141
1.0
175
1
  7

176
1
177
1
178
1
143
1.0
179
1
  8

270
1
271
1
272
1
145
1.0
146
1.0
273
1
  9

274
1
275
1
276
1
 42
1.0
 72
1
  3

 73
1
 74
1
 75
1
 94
63
  0
MATERIAL
  5
21
102
{ACAD_REACTORS
330
E
102
}
330
E
100
AcDbMaterial
  1
Global
  2

 70
0
 40
1.0
 71
1
 41
1.0
 91
-1023410177
 42
1.0
 72
1
  3

 73
1
 74
1
 75
1
 44
0.5
 73
0
 45
1.0
 46
1.0
 77
1
  4

 78
1
 79
1
170
1
 48
1.0
171
1
  6

172
1
173
1
174
1
140
1.0
141
1.0
175
1
  7

176
1
177
1
178
1
143
1.0
179
1
  8

270
1
271
1
272
1
145
1.0
146
1.0
273
1
  9

274
1
275
1
276
1
 42
1.0
 72
1
  3

 73
1
 74
1
 75
1
 94
63
  0
MLINESTYLE
  5
22
102
{ACAD_REACTORS
330
10
102
}
330
10
100
AcDbMlineStyle
  2
Standard
 70
0
  3

 62
256
 51
90.0
 52
90.0
 71
2
 49
0.5
 62
256
  6
BYLAYER
 49
-0.5
 62
256
  6
BYLAYER
  0
MLEADERSTYLE
  5
2C
102
{ACAD_REACTORS
330
F
102
}
330
F
100
AcDbMLeaderStyle
179
2
170
2
171
1
172
0
 90
2
 40
0.0
 41
0.0
173
1
 91
-1056964608
 92
-2
290
1
 42
2.0
291
1
 43
8.0
  3
Standard
 44
4.0
300

342
29
174
1
175
1
176
0
178
1
 93
-1056964608
 45
4.0
292
0
297
0
 46
4.0
 94
-1056964608
 47
1.0
 49
1.0
140
1.0
294
1
141
0.0
177
0
142
1.0
295
0
296
0
143
3.75
271
0
272
9
273
9
  0
DICTIONARY
  5
2D
330
A
100
AcDbDictionary
280
1
281
1
  3
CREATED_BY_EZDXF
350
2E
  3
WRITTEN_BY_EZDXF
350
3A5
  0
DICTIONARYVAR
  5
2E
330
2D
100
DictionaryVariables
280
0
  1
1.4.4 @ 2026-09-28T15:27:17.790745+00:00
  0
DICTIONARYVAR
  5
3A5
330
2D
100
DictionaryVariables
280
0
  1
1.4.4 @ 2026-09-28T15:27:17.871799+00:00
  0
ENDSEC
  0
EOF
